strain_region_coarse_date	accession	date	region_coarse	strain
4061_SouthernEurope_2022-05-20	ON838940	2022-05-20	Southern Europe	4061
8887_SouthernEurope_2022-06-06	ON838939	2022-06-06	Southern Europe	8887
9000353_WesternEurope_2022-08-01	OP413717	2022-08-01	Western Europe	9000353
9000370_WesternEurope_2022-08-01	OP536751	2022-08-01	Western Europe	9000370
9000374_WesternEurope_2022-08-01	OP536754	2022-08-01	Western Europe	9000374
9000378_WesternEurope_2022-08-01	OP536758	2022-08-01	Western Europe	9000378
9000385_WesternEurope_2022-09-08	OP536764	2022-09-08	Western Europe	9000385
9000390_WesternEurope_2022-08-01	OP536768	2022-08-01	Western Europe	9000390
9000395_WesternEurope_2022-08-01	OP536773	2022-08-01	Western Europe	9000395
9000396_WesternEurope_2022-09-03	OP536774	2022-09-03	Western Europe	9000396
9000398_WesternEurope_2022-09-01	OP536776	2022-09-01	Western Europe	9000398
9000399_WesternEurope_2022-09-01	OP536777	2022-09-01	Western Europe	9000399
9000403_WesternEurope_2022-09-24	OP536779	2022-09-24	Western Europe	9000403
9000405_WesternEurope_2022-09-17	OP536781	2022-09-17	Western Europe	9000405
9000406_WesternEurope_2022-09-17	OP536782	2022-09-17	Western Europe	9000406
9000407_WesternEurope_2022-09-30	OP536783	2022-09-30	Western Europe	9000407
9000408_WesternEurope_2022-09-01	OP536784	2022-09-01	Western Europe	9000408
9000421_WesternEurope_2022-08-01	OP536795	2022-08-01	Western Europe	9000421
9000429_WesternEurope_2022-09-11	OP536801	2022-09-11	Western Europe	9000429
9000430_WesternEurope_2022-09-01	OP536802	2022-09-01	Western Europe	9000430
9000431_WesternEurope_2022-09-01	OP536803	2022-09-01	Western Europe	9000431
9000432_WesternEurope_2022-09-01	OP536804	2022-09-01	Western Europe	9000432
9000438_WesternEurope_2022-09-30	OP536807	2022-09-30	Western Europe	9000438
9000448_WesternEurope_2022-09-01	OP536811	2022-09-01	Western Europe	9000448
MPXV_USA_2021_MD_NorthAmerica_2021-11-24	ON676708	2021-11-24	North America	MPXV_USA_2021_MD
hMPXV-IHU00006_WesternEurope_2022-07-04	OP382483	2022-07-04	Western Europe	hMPXV-IHU00006
MPXV/Germany/2022/RKI188_WesternEurope_2022-08-01	OP215204	2022-08-01	Western Europe	MPXV/Germany/2022/RKI188
PEV_case_WesternEurope_2022-07-29	OP727820	2022-07-29	Western Europe	PEV_case
ANT_INS_MPX_0039_L_SouthAmerica_2022-07-29	OP693649	2022-07-29	South America	ANT_INS_MPX_0039_L
MPXV_FVG-ITA_01_2022_SouthernEurope_2022-05-25	ON644344	2022-05-25	Southern Europe	MPXV_FVG-ITA_01_2022
Monkeypox/PT0029/2022_SouthernEurope_2022-05-27	ON843173	2022-05-27	Southern Europe	Monkeypox/PT0029/2022
MPX/UZ_REGA_1/Belgium/2022_WesternEurope_2022-05-19	ON622712	2022-05-19	Western Europe	MPX/UZ_REGA_1/Belgium/2022
Slovenia-MPXV-39-2022_CentralEurope_2022-08-01	OP605580	2022-08-01	Central Europe	Slovenia-MPXV-39-2022
hMPXV/Austria/MUW1525179/2022_WesternEurope_2022-06-10	OP019275	2022-06-10	Western Europe	hMPXV/Austria/MUW1525179/2022
CVR_MPXV1d_WesternEurope_2022-05-15	ON808416	2022-05-15	Western Europe	CVR_MPXV1d
MPXV/Germany/2022/ON/RKI512_WesternEurope_2022-10-01	OP689665	2022-10-01	Western Europe	MPXV/Germany/2022/ON/RKI512
hMPXV-IHU00001_WesternEurope_2022-06-13	OP382478	2022-06-13	Western Europe	hMPXV-IHU00001
Monkeypox/PT0235/2022_SouthernEurope_2022-06-21	OP324543	2022-06-21	Southern Europe	Monkeypox/PT0235/2022
Monkeypox/PT0203/2022_SouthernEurope_2022-06-23	OP324514	2022-06-23	Southern Europe	Monkeypox/PT0203/2022
Monkeypox/PT0323/2022_SouthernEurope_2022-06-04	OP414355	2022-06-04	Southern Europe	Monkeypox/PT0323/2022
MPXV_USA_2022_CA002_NorthAmerica_2022-05-15	ON954773	2022-05-15	North America	MPXV_USA_2022_CA002
MPX/UZ_REGA_2/Belgium/2022_WesternEurope_2022-05-22	ON622713	2022-05-22	Western Europe	MPX/UZ_REGA_2/Belgium/2022
MPXV_GSTT_Patient1_WesternEurope_2022-05-11	ON645312	2022-05-11	Western Europe	MPXV_GSTT_Patient1
ANT-LDSP-ANT-MPX-24812-L_SouthAmerica_2022-09-09	OP642382	2022-09-09	South America	ANT-LDSP-ANT-MPX-24812-L
MPX_IMt4nT_9000212_WesternEurope_2022-07-01	OP415191	2022-07-01	Western Europe	MPX_IMt4nT_9000212
MPXV_UK_2022_9000062_WesternEurope_2022-06-05	OP205068	2022-06-05	Western Europe	MPXV_UK_2022_9000062
Monkeypox/PT0302/2022_SouthernEurope_2022-06-07	OP414336	2022-06-07	Southern Europe	Monkeypox/PT0302/2022
Monkeypox/PT0350/2022_SouthernEurope_2022-05-24	OP414379	2022-05-24	Southern Europe	Monkeypox/PT0350/2022
Monkeypox/PT0265/2022_SouthernEurope_2022-06-17	OP414305	2022-06-17	Southern Europe	Monkeypox/PT0265/2022
hMPXV-IHU00007_WesternEurope_2022-07-06	OP382484	2022-07-06	Western Europe	hMPXV-IHU00007
MPXV/Germany/2022/ON/RKI503_WesternEurope_2022-08-01	OP689656	2022-08-01	Western Europe	MPXV/Germany/2022/ON/RKI503
hMPXV/Austria/MUW1532243/2022_WesternEurope_2022-07-06	OP133006	2022-07-06	Western Europe	hMPXV/Austria/MUW1532243/2022
MPXV/Germany/2022/RKI475_WesternEurope_2022-07-01	OP626113	2022-07-01	Western Europe	MPXV/Germany/2022/RKI475
MPXV/Germany/2022/RKI012_WesternEurope_2022-05-01	ON694341	2022-05-01	Western Europe	MPXV/Germany/2022/RKI012
MPXV_UK_2022_9000140_WesternEurope_2022-07-06	OP205104	2022-07-06	Western Europe	MPXV_UK_2022_9000140
MPXV_UK_2022_9000137_WesternEurope_2022-07-07	OP205102	2022-07-07	Western Europe	MPXV_UK_2022_9000137
MPXV_USA_2022_NY0023_NorthAmerica_2022-06-01	OP303794	2022-06-01	North America	MPXV_USA_2022_NY0023
MPX/Human/USA/CA-LACPHL-MA00104/2022_NorthAmerica_2022-08-11	OP539889	2022-08-11	North America	MPX/Human/USA/CA-LACPHL-MA00104/2022
MPXV/Germany/2022/RKI09_WesternEurope_2022-05-01	ON682266	2022-05-01	Western Europe	MPXV/Germany/2022/RKI09
MPX/UZ_REGA_6/Belgium/2022_WesternEurope_2022-05-27	ON880422	2022-05-27	Western Europe	MPX/UZ_REGA_6/Belgium/2022
Monkeypox/PT0011/2022_SouthernEurope_2022-05-23	ON649725	2022-05-23	Southern Europe	Monkeypox/PT0011/2022
MpxV/human/CAN/UN-NML-3702/2022_NorthAmerica_2022-06-15	ON983166	2022-06-15	North America	MpxV/human/CAN/UN-NML-3702/2022
MpxV/human/CAN/UN-NML-2896/2022_NorthAmerica_2022-05-20	ON803437	2022-05-20	North America	MpxV/human/CAN/UN-NML-2896/2022
CVR_MPXV1b_WesternEurope_2022-05-15	ON808414	2022-05-15	Western Europe	CVR_MPXV1b
hMPXV-IHU00005_WesternEurope_2022-07-04	OP382482	2022-07-04	Western Europe	hMPXV-IHU00005
hMPXV-IHU00003_WesternEurope_2022-07-04	OP382480	2022-07-04	Western Europe	hMPXV-IHU00003
MPXV/Germany/2022/RKI172_WesternEurope_2022-07-01	OP018597	2022-07-01	Western Europe	MPXV/Germany/2022/RKI172
MPX_96X1Vd_9000217_WesternEurope_2022-03-28	OP415195	2022-03-28	Western Europe	MPX_96X1Vd_9000217
MPXV_UK_2022_9000152_WesternEurope_2022-05-16	OP205114	2022-05-16	Western Europe	MPXV_UK_2022_9000152
MPX/UZ_REGA_3/Belgium/2022_WesternEurope_2022-05-27	ON880419	2022-05-27	Western Europe	MPX/UZ_REGA_3/Belgium/2022
MPXV/Germany/2022/RKI513_WesternEurope_2022-06-01	OP689666	2022-06-01	Western Europe	MPXV/Germany/2022/RKI513
MpxV/human/CAN/UN-NML-3127/2022_NorthAmerica_2022-05-30	ON880508	2022-05-30	North America	MpxV/human/CAN/UN-NML-3127/2022
MPXV_USA_2022_IL001_NorthAmerica_2022-05-01	ON959131	2022-05-01	North America	MPXV_USA_2022_IL001
MPXV_IRBA22-14_WesternEurope_2022-05-20	ON755040	2022-05-20	Western Europe	MPXV_IRBA22-14
MPXV_UK_2022_9000090_WesternEurope_2022-05-25	OP205139	2022-05-25	Western Europe	MPXV_UK_2022_9000090
MPX/UZ_REGA_4/Belgium/2022_WesternEurope_2022-05-27	ON880420	2022-05-27	Western Europe	MPX/UZ_REGA_4/Belgium/2022
MPXV_USA_2022_CA001_NorthAmerica_2022-05-01	ON676703	2022-05-01	North America	MPXV_USA_2022_CA001
Monkeypox/PT0012/2022_SouthernEurope_2022-05-23	ON649719	2022-05-23	Southern Europe	Monkeypox/PT0012/2022
MPXV/Germany/2022/RKI087_WesternEurope_2022-06-01	ON853654	2022-06-01	Western Europe	MPXV/Germany/2022/RKI087
MpxV/human/CAN/UN-NML-3472/2022_NorthAmerica_2022-06-02	ON880516	2022-06-02	North America	MpxV/human/CAN/UN-NML-3472/2022
CVR_MPXV1e_WesternEurope_2022-05-15	ON808417	2022-05-15	Western Europe	CVR_MPXV1e
MPX/UZ_REGA_5/Belgium/2022_WesternEurope_2022-05-27	ON880421	2022-05-27	Western Europe	MPX/UZ_REGA_5/Belgium/2022
MPX/human/USA/UT-UPHL-82200022/2022_NorthAmerica_2022-05-20	ON627808	2022-05-20	North America	MPX/human/USA/UT-UPHL-82200022/2022
MPXV/Human/USA/CA-LACPHL-MA00354/2022_NorthAmerica_2022-10-16	OP920692	2022-10-16	North America	MPXV/Human/USA/CA-LACPHL-MA00354/2022
MPXV/Human/USA/CA-LACPHL-MA00358/2022_NorthAmerica_2022-11-05	OP920696	2022-11-05	North America	MPXV/Human/USA/CA-LACPHL-MA00358/2022
INS-MPXV-0016-H1_SouthAmerica_2022-07-29	OP295383	2022-07-29	South America	INS-MPXV-0016-H1
hMpxV/UK/LMO-034a/2022_WesternEurope_2022-07-14	OP390199	2022-07-14	Western Europe	hMpxV/UK/LMO-034a/2022
MpxV/human/USA/WA-UW-084325/2022_NorthAmerica_2022-08-01	OP257261	2022-08-01	North America	MpxV/human/USA/WA-UW-084325/2022
MPXV_USA_2022_FL002_NorthAmerica_2022-05-15	ON676704	2022-05-15	North America	MPXV_USA_2022_FL002
CVR_MPXV1c_WesternEurope_2022-05-15	ON808415	2022-05-15	Western Europe	CVR_MPXV1c
Slovenia-MPXV-17-2022_CentralEurope_2022-07-01	OP605559	2022-07-01	Central Europe	Slovenia-MPXV-17-2022
hMpxV/UK/LMO-032a/2022_WesternEurope_2022-07-11	OP390197	2022-07-11	Western Europe	hMpxV/UK/LMO-032a/2022
MPXV/Germany/2022/RKI161_WesternEurope_2022-07-01	ON959174	2022-07-01	Western Europe	MPXV/Germany/2022/RKI161
MPXV-USA-IL-IDPH-022_NorthAmerica_2022-06-01	OP536683	2022-06-01	North America	MPXV-USA-IL-IDPH-022
Monkeypox/PT0455/2022_SouthernEurope_2022-08-04	OP555536	2022-08-04	Southern Europe	Monkeypox/PT0455/2022
Monkeypox/PT0317/2022_SouthernEurope_2022-06-06	OP414349	2022-06-06	Southern Europe	Monkeypox/PT0317/2022
hMpxV/UK/LMO-040a/2022_WesternEurope_2022-07-17	OP390202	2022-07-17	Western Europe	hMpxV/UK/LMO-040a/2022
MPX/PT0085/2022_SouthernEurope_2022-07-21	OP245336	2022-07-21	Southern Europe	MPX/PT0085/2022
MPXV_USA_2022_UT001_NorthAmerica_2022-05-01	ON676705	2022-05-01	North America	MPXV_USA_2022_UT001
Monkeypox/PT0398/2022_SouthernEurope_2022-07-15	OP555494	2022-07-15	Southern Europe	Monkeypox/PT0398/2022
MPX/PT0109/2022_SouthernEurope_2022-07-18	OP245343	2022-07-18	Southern Europe	MPX/PT0109/2022
Slovenia-MPXV-43-2022_CentralEurope_2022-08-01	OP605584	2022-08-01	Central Europe	Slovenia-MPXV-43-2022
MPXV/Germany/2022/RKI549_WesternEurope_2022-06-01	OP715829	2022-06-01	Western Europe	MPXV/Germany/2022/RKI549
PrEV_case_4_WesternEurope_2022-10-09	OP727823	2022-10-09	Western Europe	PrEV_case_4
MpxV/human/CAN/UN-NML-3272/2022_NorthAmerica_2022-05-31	ON880536	2022-05-31	North America	MpxV/human/CAN/UN-NML-3272/2022
MPXV-USA-IL-IDPH-066_NorthAmerica_2022-06-28	OP536727	2022-06-28	North America	MPXV-USA-IL-IDPH-066
hMPXV-IHU00017_WesternEurope_2022-07-22	OP382494	2022-07-22	Western Europe	hMPXV-IHU00017
RNA_CentralEurope_2022-08-26	OX336004	2022-08-26	Central Europe	RNA
Monkeypox/PT0139/2022_SouthernEurope_2022-07-11	OP324460	2022-07-11	Southern Europe	Monkeypox/PT0139/2022
hMPXV-IHU00014_WesternEurope_2022-07-22	OP382491	2022-07-22	Western Europe	hMPXV-IHU00014
Monkeypox/PT0332/2022_SouthernEurope_2022-05-27	OP414363	2022-05-27	Southern Europe	Monkeypox/PT0332/2022
MPX_o3VuSh_9000348_WesternEurope_2022-08-01	OP415275	2022-08-01	Western Europe	MPX_o3VuSh_9000348
Monkeypox/PT0449/2022_SouthernEurope_2022-08-03	OP555530	2022-08-03	Southern Europe	Monkeypox/PT0449/2022
Monkeypox/PT0315/2022_SouthernEurope_2022-06-03	OP414348	2022-06-03	Southern Europe	Monkeypox/PT0315/2022
hMPXV-IHU00013_WesternEurope_2022-07-20	OP382490	2022-07-20	Western Europe	hMPXV-IHU00013
MpxV/human/CAN/UN-NML-3864/2022_NorthAmerica_2022-06-22	OP062230	2022-06-22	North America	MpxV/human/CAN/UN-NML-3864/2022
MpxV/human/CAN/UN-NML-3080/2022_NorthAmerica_2022-05-26	ON880524	2022-05-26	North America	MpxV/human/CAN/UN-NML-3080/2022
MpxV/human/CAN/UN-NML-3348/2022_NorthAmerica_2022-05-31	ON880542	2022-05-31	North America	MpxV/human/CAN/UN-NML-3348/2022
MPXV_UK_2022_9000142_WesternEurope_2022-06-15	OP205105	2022-06-15	Western Europe	MPXV_UK_2022_9000142
Monkeypox/PT0047/2022_SouthernEurope_2022-06-02	ON843177	2022-06-02	Southern Europe	Monkeypox/PT0047/2022
Monkeypox/PT0589/2022_SouthernEurope_2022-08-24	OP555657	2022-08-24	Southern Europe	Monkeypox/PT0589/2022
MPXV/Germany/2022/RKI07_WesternEurope_2022-05-01	ON682269	2022-05-01	Western Europe	MPXV/Germany/2022/RKI07
MPX_k9tr7U_9000256_WesternEurope_2022-08-01	OP415226	2022-08-01	Western Europe	MPX_k9tr7U_9000256
MPXV/Germany/2022/RKI06_WesternEurope_2022-05-01	ON682270	2022-05-01	Western Europe	MPXV/Germany/2022/RKI06
MPXV_UK_2022_9000069_WesternEurope_2022-06-11	OP205075	2022-06-11	Western Europe	MPXV_UK_2022_9000069
MpxV/human/USA/WA-UW-099881/2022_NorthAmerica_2022-09-30	OP743969	2022-09-30	North America	MpxV/human/USA/WA-UW-099881/2022
MPX/Human/USA/CA-LACPHL-MA00256/2022_NorthAmerica_2022-07-13	OP722515	2022-07-13	North America	MPX/Human/USA/CA-LACPHL-MA00256/2022
hMPXV-CH-38212023/2022_WesternEurope_2022-05-30	OP422245	2022-05-30	Western Europe	hMPXV-CH-38212023/2022
INMI-Pt1_SouthernEurope_2022-05-18	ON614676	2022-05-18	Southern Europe	INMI-Pt1
Monkeypox/PT0576/2022_SouthernEurope_2022-09-05	OP555647	2022-09-05	Southern Europe	Monkeypox/PT0576/2022
MPX_96X1Vd_9000216_WesternEurope_2022-03-28	OP415194	2022-03-28	Western Europe	MPX_96X1Vd_9000216
MPXV/Human/USA/CA-LACPHL-MA00350/2022_NorthAmerica_2022-10-11	OP920688	2022-10-11	North America	MPXV/Human/USA/CA-LACPHL-MA00350/2022
MpxV/human/USA/WA-UW-080994/2022_NorthAmerica_2022-08-01	OP628440	2022-08-01	North America	MpxV/human/USA/WA-UW-080994/2022
MPXV/Human/USA/CA-LACPHL-MA00298/2022_NorthAmerica_2022-09-30	OP890532	2022-09-30	North America	MPXV/Human/USA/CA-LACPHL-MA00298/2022
MPXV/Human/USA/UT-UPHL-82200022/2022_NorthAmerica_2022-05-21	OP743357	2022-05-21	North America	MPXV/Human/USA/UT-UPHL-82200022/2022
INMI-Pt3_SouthernEurope_2022-05-19	ON780016	2022-05-19	Southern Europe	INMI-Pt3
ANT-LDSP-ANT-MPX-24387-C_SouthAmerica_2022-09-06	OP642390	2022-09-06	South America	ANT-LDSP-ANT-MPX-24387-C
Monkeypox/PT0217/2022_SouthernEurope_2022-06-23	OP324527	2022-06-23	Southern Europe	Monkeypox/PT0217/2022
MpxV/human/CAN/UN-NML-3909/2022_NorthAmerica_2022-06-27	OP062232	2022-06-27	North America	MpxV/human/CAN/UN-NML-3909/2022
MpxV/Spain/MD-HGUGM-66649483/2022_SouthernEurope_2022-05-27	ON745225	2022-05-27	Southern Europe	MpxV/Spain/MD-HGUGM-66649483/2022
Slovenia-MPXV-16-2022_CentralEurope_2022-07-01	OP605558	2022-07-01	Central Europe	Slovenia-MPXV-16-2022
MPXV/Human/USA/CA-CDPH-MPX000019/2022_NorthAmerica_2022-07-08	OP587248	2022-07-08	North America	MPXV/Human/USA/CA-CDPH-MPX000019/2022
Monkeypox/PT0148/2022_SouthernEurope_2022-07-07	OP324465	2022-07-07	Southern Europe	Monkeypox/PT0148/2022
MN-MDH-MPXV_0006_NorthAmerica_2022-06-29	OP597780	2022-06-29	North America	MN-MDH-MPXV_0006
MPXV_UK_2022_2_WesternEurope_2022-05-15	ON619836	2022-05-15	Western Europe	MPXV_UK_2022_2
MPXV_USA_2022_UT002_NorthAmerica_2022-05-01	ON676706	2022-05-01	North America	MPXV_USA_2022_UT002
hMPXV-IHU00010_WesternEurope_2022-07-18	OP382487	2022-07-18	Western Europe	hMPXV-IHU00010
MPXV/Human/USA/CA-CDPH-MPX000007/2022_NorthAmerica_2022-06-21	OP580155	2022-06-21	North America	MPXV/Human/USA/CA-CDPH-MPX000007/2022
Monkeypox/PT0588/2022_SouthernEurope_2022-08-16	OP555656	2022-08-16	Southern Europe	Monkeypox/PT0588/2022
MpxV/human/CAN/UN-NML-2853/2022_NorthAmerica_2022-05-19	ON803425	2022-05-19	North America	MpxV/human/CAN/UN-NML-2853/2022
MPXV_USA_2022_MN0005_NorthAmerica_2022-06-01	OP451004	2022-06-01	North America	MPXV_USA_2022_MN0005
MPXV/Germany/2022/RKI593_WesternEurope_2022-10-01	OP837355	2022-10-01	Western Europe	MPXV/Germany/2022/RKI593
MpxV/human/CAN/UN-NML-3141/2022_NorthAmerica_2022-05-27	ON880527	2022-05-27	North America	MpxV/human/CAN/UN-NML-3141/2022
MPX/PT0049/2022_SouthernEurope_2022-08-01	OP245306	2022-08-01	Southern Europe	MPX/PT0049/2022
Slovenia-MPXV-41-2022_CentralEurope_2022-08-01	OP605582	2022-08-01	Central Europe	Slovenia-MPXV-41-2022
Slovenia-MPXV-27-2022_CentralEurope_2022-07-01	OP605569	2022-07-01	Central Europe	Slovenia-MPXV-27-2022
MPXV-CH-38156923/2022_WesternEurope_2022-05-24	ON622720	2022-05-24	Western Europe	MPXV-CH-38156923/2022
MPXV/Human/USA/CA-CDPH-MPX000021/2022_NorthAmerica_2022-07-07	OP587250	2022-07-07	North America	MPXV/Human/USA/CA-CDPH-MPX000021/2022
MPX_1bN2W6_9000324_WesternEurope_2022-08-01	OP415263	2022-08-01	Western Europe	MPX_1bN2W6_9000324
MPXV_USA_2022_CO0002_NorthAmerica_2022-05-01	OP185715	2022-05-01	North America	MPXV_USA_2022_CO0002
MpxV/human/CAN/UN-NML-3344/2022_NorthAmerica_2022-06-01	ON880541	2022-06-01	North America	MpxV/human/CAN/UN-NML-3344/2022
Monkeypox/PT0025/2022_SouthernEurope_2022-05-19	ON649712	2022-05-19	Southern Europe	Monkeypox/PT0025/2022
INMI-Pt2_SouthernEurope_2022-05-19	ON745215	2022-05-19	Southern Europe	INMI-Pt2
Monkeypox/PT0342/2022_SouthernEurope_2022-05-26	OP414371	2022-05-26	Southern Europe	Monkeypox/PT0342/2022
MPXV/Germany/2022/RKI03_WesternEurope_2022-05-01	ON682263	2022-05-01	Western Europe	MPXV/Germany/2022/RKI03
2022/2SLO_CentralEurope_2022-05-24	ON631241	2022-05-24	Central Europe	2022/2 SLO
Slovenia-MPXV-29-2022_CentralEurope_2022-07-01	OP605571	2022-07-01	Central Europe	Slovenia-MPXV-29-2022
MPXV/Germany/2022/RKI444_WesternEurope_2022-09-01	OP594208	2022-09-01	Western Europe	MPXV/Germany/2022/RKI444
MPXV/Germany/2022/RKI425_WesternEurope_2022-09-01	OP594189	2022-09-01	Western Europe	MPXV/Germany/2022/RKI425
Monkeypox/PT0344/2022_SouthernEurope_2022-05-25	OP414373	2022-05-25	Southern Europe	Monkeypox/PT0344/2022
MPX_96X1Vd_9000218_WesternEurope_2022-03-28	OP415196	2022-03-28	Western Europe	MPX_96X1Vd_9000218
MPXV/Germany/2022/RKI242_WesternEurope_2022-08-01	OP215227	2022-08-01	Western Europe	MPXV/Germany/2022/RKI242
MPXV/Germany/2022/ON/RKI447_WesternEurope_2022-09-01	OP615323	2022-09-01	Western Europe	MPXV/Germany/2022/ON/RKI447
MpxV/human/CAN/UN-NML-2954/2022_NorthAmerica_2022-05-22	ON803440	2022-05-22	North America	MpxV/human/CAN/UN-NML-2954/2022
MPXV/Germany/2022/RKI338_WesternEurope_2022-07-01	OP696841	2022-07-01	Western Europe	MPXV/Germany/2022/RKI338
Slovenia-MPXV-25-2022_CentralEurope_2022-07-01	OP605567	2022-07-01	Central Europe	Slovenia-MPXV-25-2022
MPXV/Germany/2022/RKI041_WesternEurope_2022-06-07	ON755247	2022-06-07	Western Europe	MPXV/Germany/2022/RKI041
MPXV-USA-IL-IDPH-014_NorthAmerica_2022-07-05	OP536675	2022-07-05	North America	MPXV-USA-IL-IDPH-014
Slovenia-MPXV-33-2022_CentralEurope_2022-07-01	OP605575	2022-07-01	Central Europe	Slovenia-MPXV-33-2022
MPXV_USA_2022_NY003_NorthAmerica_2022-05-01	ON959134	2022-05-01	North America	MPXV_USA_2022_NY003
MPXV_UK_2022_4_WesternEurope_2022-05-15	ON619838	2022-05-15	Western Europe	MPXV_UK_2022_4
RNA_vsay6o_CentralEurope_2022-07-13	OX261748	2022-07-13	Central Europe	RNA_vsay6o
Slovenia-MPXV-23-2022_CentralEurope_2022-07-01	OP605565	2022-07-01	Central Europe	Slovenia-MPXV-23-2022
MPXV_UK_2022_9000173_WesternEurope_2022-05-26	OP205124	2022-05-26	Western Europe	MPXV_UK_2022_9000173
Monkeypox/PT0044/2022_SouthernEurope_2022-05-30	ON843182	2022-05-30	Southern Europe	Monkeypox/PT0044/2022
MPXV/Human/USA/UT-UPHL-82200023/2022_NorthAmerica_2022-05-21	OP743358	2022-05-21	North America	MPXV/Human/USA/UT-UPHL-82200023/2022
MPXV/Germany/2022/RKI05_WesternEurope_2022-05-01	ON682264	2022-05-01	Western Europe	MPXV/Germany/2022/RKI05
Monkeypox/PT0340/2022_SouthernEurope_2022-05-26	OP414369	2022-05-26	Southern Europe	Monkeypox/PT0340/2022
MpxV/human/CAN/UN-NML-3357/2022_NorthAmerica_2022-06-02	ON880543	2022-06-02	North America	MpxV/human/CAN/UN-NML-3357/2022
MpxV/human/USA/WA-UW-089836/2022_NorthAmerica_2022-08-01	OP310062	2022-08-01	North America	MpxV/human/USA/WA-UW-089836/2022
Monkeypox/PT0032/2022_SouthernEurope_2022-05-26	ON843168	2022-05-26	Southern Europe	Monkeypox/PT0032/2022
MpxV/human/CAN/UN-NML-2844/2022_NorthAmerica_2022-05-14	ON803419	2022-05-14	North America	MpxV/human/CAN/UN-NML-2844/2022
MPXV-CH-38134631/2022_WesternEurope_2022-05-19	ON595760	2022-05-19	Western Europe	MPXV-CH-38134631/2022
Slovenia-MPXV-24-2022_CentralEurope_2022-07-01	OP605566	2022-07-01	Central Europe	Slovenia-MPXV-24-2022
Slovenia-MPXV-11-2022_CentralEurope_2022-07-01	OP605554	2022-07-01	Central Europe	Slovenia-MPXV-11-2022
MPX/PT0120/2022_SouthernEurope_2022-07-13	OP245353	2022-07-13	Southern Europe	MPX/PT0120/2022
RNA_6f81vv_CentralEurope_2022-08-09	OX297403	2022-08-09	Central Europe	RNA_6f81vv
RNA_pyesyu_CentralEurope_2022-07-20	OX261749	2022-07-20	Central Europe	RNA_pyesyu
Monkeypox/PT0341/2022_SouthernEurope_2022-05-27	OP414370	2022-05-27	Southern Europe	Monkeypox/PT0341/2022
Monkeypox/PT0010/2022_SouthernEurope_2022-05-15	ON585036	2022-05-15	Southern Europe	Monkeypox/PT0010/2022
MPXV/Germany/2022/ON/RKI510_WesternEurope_2022-10-01	OP689663	2022-10-01	Western Europe	MPXV/Germany/2022/ON/RKI510
MPXV/Germany/2022/RKI195_WesternEurope_2022-08-01	OP215237	2022-08-01	Western Europe	MPXV/Germany/2022/RKI195
hMPXV/Austria/MUW1540386/2022_WesternEurope_2022-08-08	OP422343	2022-08-08	Western Europe	hMPXV/Austria/MUW1540386/2022
hMPXV/Austria/MUW1533948/2022_WesternEurope_2022-07-13	OP422340	2022-07-13	Western Europe	hMPXV/Austria/MUW1533948/2022
MPXV/Germany/2022/RKI243_WesternEurope_2022-08-01	OP215206	2022-08-01	Western Europe	MPXV/Germany/2022/RKI243
MpxV/Spain/MD-HGUGM-6642566/2022_SouthernEurope_2022-06-21	ON927243	2022-06-21	Southern Europe	MpxV/Spain/MD-HGUGM-6642566/2022
Monkeypox/PT0307/2022_SouthernEurope_2022-06-07	OP414341	2022-06-07	Southern Europe	Monkeypox/PT0307/2022
Monkeypox/PT0241/2022_SouthernEurope_2022-06-21	OP414285	2022-06-21	Southern Europe	Monkeypox/PT0241/2022
Monkeypoxvirus/Human/USA/CA-LACPHL-MA00218/2022_NorthAmerica_2022-10-05	OP680496	2022-10-05	North America	Monkeypox virus/Human/USA/CA-LACPHL-MA00218/2022
Monkeypoxvirus/Human/USA/CA-LACPHL-MA00211/2022_NorthAmerica_2022-09-30	OP680489	2022-09-30	North America	Monkeypox virus/Human/USA/CA-LACPHL-MA00211/2022
Monkeypoxvirus/Human/USA/CA-LACPHL-MA00264/2022_NorthAmerica_2022-09-07	OP748950	2022-09-07	North America	Monkeypox virus/Human/USA/CA-LACPHL-MA00264/2022
MPXV/Human/USA/CA-CDPH-MPX000009/2022_NorthAmerica_2022-06-30	OP580156	2022-06-30	North America	MPXV/Human/USA/CA-CDPH-MPX000009/2022
Monkeypox/PT0591/2022_SouthernEurope_2022-09-13	OP555658	2022-09-13	Southern Europe	Monkeypox/PT0591/2022
Monkeypox/PT0136/2022_SouthernEurope_2022-07-10	OP324459	2022-07-10	Southern Europe	Monkeypox/PT0136/2022
MPXV/Germany/2022/ON/RKI450_WesternEurope_2022-09-01	OP615327	2022-09-01	Western Europe	MPXV/Germany/2022/ON/RKI450
MPXV/Germany/2022/ON/RKI316_WesternEurope_2022-09-01	OP494263	2022-09-01	Western Europe	MPXV/Germany/2022/ON/RKI316
Monkeypox/PT0593/2022_SouthernEurope_2022-09-14	OP555660	2022-09-14	Southern Europe	Monkeypox/PT0593/2022
MPXV/Germany/2022/RKI367_WesternEurope_2022-09-30	OP484688	2022-09-30	Western Europe	MPXV/Germany/2022/RKI367
Slovenia-MPXV-32-2022_CentralEurope_2022-07-25	OP605574	2022-07-25	Central Europe	Slovenia-MPXV-32-2022
Slovenia-MPXV-21-2022_CentralEurope_2022-07-25	OP605563	2022-07-25	Central Europe	Slovenia-MPXV-21-2022
hMPXV/Austria/MUW1533374/2022_WesternEurope_2022-07-11	OP133004	2022-07-11	Western Europe	hMPXV/Austria/MUW1533374/2022
hMPXV/Austria/MUW1531848/2022_WesternEurope_2022-07-05	OP133005	2022-07-05	Western Europe	hMPXV/Austria/MUW1531848/2022
MPXV/Germany/2022/RKI592_WesternEurope_2022-10-01	OP837354	2022-10-01	Western Europe	MPXV/Germany/2022/RKI592
MPXV/Germany/2022/RKI571_WesternEurope_2022-10-01	OP764629	2022-10-01	Western Europe	MPXV/Germany/2022/RKI571
MPXV/Germany/2022/RKI430_WesternEurope_2022-09-01	OP594194	2022-09-01	Western Europe	MPXV/Germany/2022/RKI430
MPXV/Germany/2022/RKI263_WesternEurope_2022-08-24	OP215282	2022-08-24	Western Europe	MPXV/Germany/2022/RKI263
Monkeypox/PT0426/2022_SouthernEurope_2022-07-31	OP555513	2022-07-31	Southern Europe	Monkeypox/PT0426/2022
Monkeypox/PT0373/2022_SouthernEurope_2022-07-05	OP555469	2022-07-05	Southern Europe	Monkeypox/PT0373/2022
RNA_613pzg_CentralEurope_2022-07-25	OX291435	2022-07-25	Central Europe	RNA_613pzg
RNA_4137vi_CentralEurope_2022-07-25	OX291424	2022-07-25	Central Europe	RNA_4137vi
RNA_3mjv89_CentralEurope_2022-08-31	OX336038	2022-08-31	Central Europe	RNA_3mjv89
RNA_1zagge_CentralEurope_2022-08-01	OX291694	2022-08-01	Central Europe	RNA_1zagge
Monkeypox/PT0575/2022_SouthernEurope_2022-09-06	OP555646	2022-09-06	Southern Europe	Monkeypox/PT0575/2022
Monkeypox/PT0571/2022_SouthernEurope_2022-09-05	OP555642	2022-09-05	Southern Europe	Monkeypox/PT0571/2022
Monkeypox/PT0565/2022_SouthernEurope_2022-09-05	OP555636	2022-09-05	Southern Europe	Monkeypox/PT0565/2022
MPXV/Germany/2022/ON/RKI449_WesternEurope_2022-09-01	OP615325	2022-09-01	Western Europe	MPXV/Germany/2022/ON/RKI449
RNA_3es490_CentralEurope_2022-07-25	OX291780	2022-07-25	Central Europe	RNA_3es490
RNA_19d8oi_CentralEurope_2022-08-01	OX291676	2022-08-01	Central Europe	RNA_19d8oi
Monkeypox/PT0269/2022_SouthernEurope_2022-06-15	OP414309	2022-06-15	Southern Europe	Monkeypox/PT0269/2022
Monkeypox/PT0149/2022_SouthernEurope_2022-07-06	OP324466	2022-07-06	Southern Europe	Monkeypox/PT0149/2022
Monkeypox/PT0171/2022_SouthernEurope_2022-07-02	OP324486	2022-07-02	Southern Europe	Monkeypox/PT0171/2022
hMpxV/Human/USA/IL-RIPHL-MPXV_10006/2022_NorthAmerica_2022-08-08	OP820455	2022-08-08	North America	hMpxV/Human/USA/IL-RIPHL-MPXV_10006/2022
MPXV-USA-IL-IDPH-059_NorthAmerica_2022-07-06	OP536720	2022-07-06	North America	MPXV-USA-IL-IDPH-059
MPXV/Germany/2022/RKI287_WesternEurope_2022-08-31	OP270476	2022-08-31	Western Europe	MPXV/Germany/2022/RKI287
MPXV_USA_2022_NJ0005_NorthAmerica_2022-08-01	OP687938	2022-08-01	North America	MPXV_USA_2022_NJ0005
Monkeypox/PT0321/2022_SouthernEurope_2022-06-04	OP414353	2022-06-04	Southern Europe	Monkeypox/PT0321/2022
Monkeypox/PT0008/2022_SouthernEurope_2022-05-15	ON585038	2022-05-15	Southern Europe	Monkeypox/PT0008/2022
MPXV/Germany/2022/RKI298_WesternEurope_2022-08-31	OP339855	2022-08-31	Western Europe	MPXV/Germany/2022/RKI298
MPXV/Germany/2022/RKI582_WesternEurope_2022-06-15	OP837344	2022-06-15	Western Europe	MPXV/Germany/2022/RKI582
MPXV/Germany/2022/RKI090_WesternEurope_2022-06-25	ON853670	2022-06-25	Western Europe	MPXV/Germany/2022/RKI090
hMPXV/Austria/MUW1536480/2022_WesternEurope_2022-07-22	OP133007	2022-07-22	Western Europe	hMPXV/Austria/MUW1536480/2022
Monkeypox/PT0542/2022_SouthernEurope_2022-08-23	OP555613	2022-08-23	Southern Europe	Monkeypox/PT0542/2022
Monkeypox/PT0512/2022_SouthernEurope_2022-08-16	OP555584	2022-08-16	Southern Europe	Monkeypox/PT0512/2022
MPXV_UK_2022_3_WesternEurope_2022-05-04	ON619837	2022-05-04	Western Europe	MPXV_UK_2022_3
MpxV/human/CAN/UN-NML-3164/2022_NorthAmerica_2022-05-29	OP013002	2022-05-29	North America	MpxV/human/CAN/UN-NML-3164/2022
MpxV/human/CAN/UN-NML-2831/2022_NorthAmerica_2022-05-14	OP013001	2022-05-14	North America	MpxV/human/CAN/UN-NML-2831/2022
MpxV/human/USA/WA-UW-090134/2022_NorthAmerica_2022-09-01	OP743984	2022-09-01	North America	MpxV/human/USA/WA-UW-090134/2022
MpxV/human/USA/WA-UW-087291/2022_NorthAmerica_2022-08-01	OP628472	2022-08-01	North America	MpxV/human/USA/WA-UW-087291/2022
MpxV/human/USA/WA-UW-106624/2022_NorthAmerica_2022-10-01	OP747062	2022-10-01	North America	MpxV/human/USA/WA-UW-106624/2022
MpxV/human/USA/WA-UW-096136/2022_NorthAmerica_2022-09-17	OP743976	2022-09-17	North America	MpxV/human/USA/WA-UW-096136/2022
9000220_NCPV_1703_WesternEurope_2022-05-14	OP394229	2022-05-14	Western Europe	9000220_NCPV_1703
MPX_rYdyAi_9000329_WesternEurope_2022-08-01	OP415267	2022-08-01	Western Europe	MPX_rYdyAi_9000329
MPX_UbfBKN_9000238_WesternEurope_2022-07-30	OP415212	2022-07-30	Western Europe	MPX_UbfBKN_9000238
MPXV/Germany/2022/RKI480_WesternEurope_2022-07-01	OP626118	2022-07-01	Western Europe	MPXV/Germany/2022/RKI480
MPXV/Germany/2022/RKI572_WesternEurope_2022-06-30	OP837334	2022-06-30	Western Europe	MPXV/Germany/2022/RKI572
MPXV/Germany/2022/RKI265_WesternEurope_2022-08-01	OP215284	2022-08-01	Western Europe	MPXV/Germany/2022/RKI265
MPXV/Germany/2022/RKI189_WesternEurope_2022-08-01	OP215231	2022-08-01	Western Europe	MPXV/Germany/2022/RKI189
MPXV/Human/USA/CA-LACPHL-MA00294/2022_NorthAmerica_2022-10-06	OP890552	2022-10-06	North America	MPXV/Human/USA/CA-LACPHL-MA00294/2022
VAC_INS_MPX_0958_L_SouthAmerica_2022-10-13	OP819952	2022-10-13	South America	VAC_INS_MPX_0958_L
VAC_INS_MPX_1052_E_SouthAmerica_2022-10-25	OP837471	2022-10-25	South America	VAC_INS_MPX_1052_E
VAC_INS_MPX_0965_EL_SouthAmerica_2022-10-12	OP819956	2022-10-12	South America	VAC_INS_MPX_0965_EL
VAC_INS_MPX_0965_HL_SouthAmerica_2022-10-12	OP819957	2022-10-12	South America	VAC_INS_MPX_0965_HL
MPX/Human/USA/CA-LACPHL-MA00235/2022_NorthAmerica_2022-07-13	OP722494	2022-07-13	North America	MPX/Human/USA/CA-LACPHL-MA00235/2022
MPXV_USA_2022_VA0003_NorthAmerica_2022-06-25	OP303797	2022-06-25	North America	MPXV_USA_2022_VA0003
MPXV/Human/USA/UT-UPHL-82200060/2024_NorthAmerica_2022-07-08	OP743360	2022-07-08	North America	MPXV/Human/USA/UT-UPHL-82200060/2024
MPXV_USA_2022_VA0007_NorthAmerica_2022-06-25	OP378710	2022-06-25	North America	MPXV_USA_2022_VA0007
MPXV_USA_2022_VA0008_NorthAmerica_2022-06-25	OP378711	2022-06-25	North America	MPXV_USA_2022_VA0008
MPXV/Human/USA/CA-LACPHL-MA00346/2022_NorthAmerica_2022-10-05	OP920684	2022-10-05	North America	MPXV/Human/USA/CA-LACPHL-MA00346/2022
Monkeypox/PT0424/2022_SouthernEurope_2022-08-01	OP555512	2022-08-01	Southern Europe	Monkeypox/PT0424/2022
Monkeypox/PT0435/2022_SouthernEurope_2022-08-02	OP555520	2022-08-02	Southern Europe	Monkeypox/PT0435/2022
Monkeypox/PT0574/2022_SouthernEurope_2022-09-06	OP555645	2022-09-06	Southern Europe	Monkeypox/PT0574/2022
Monkeypox/PT0534/2022_SouthernEurope_2022-08-23	OP555605	2022-08-23	Southern Europe	Monkeypox/PT0534/2022
MPXV/ITM_pt_05/Belgium/30-May-2022_WesternEurope_2022-05-30	OP144215	2022-05-30	Western Europe	MPXV/ITM_pt_05/Belgium/30-May-2022
MPXV/ITM_pt_24/Belgium/16-Jun-2022_WesternEurope_2022-06-16	OP144213	2022-06-16	Western Europe	MPXV/ITM_pt_24/Belgium/16-Jun-2022
MPXV/ITM_pt_07/Belgium/30-May-2022_WesternEurope_2022-05-30	OP144216	2022-05-30	Western Europe	MPXV/ITM_pt_07/Belgium/30-May-2022
MPXV/ITM_pt_09/Belgium/2-Jun-2022_WesternEurope_2022-06-02	OP144217	2022-06-02	Western Europe	MPXV/ITM_pt_09/Belgium/2-Jun-2022
MPXV/ITM_pt_10/Belgium/1-Jun-2022_WesternEurope_2022-06-01	OP144211	2022-06-01	Western Europe	MPXV/ITM_pt_10/Belgium/1-Jun-2022
MpxV/Spain/MD-HGUGM-6532064/2022_SouthernEurope_2022-05-27	ON720849	2022-05-27	Southern Europe	MpxV/Spain/MD-HGUGM-6532064/2022
MPXV/ES0001/HUGTiP/2022_SouthernEurope_2022-05-20	ON622718	2022-05-20	Southern Europe	MPXV/ES0001/HUGTiP/2022
hMpxV/UK/LMO-026a/2022_WesternEurope_2022-07-01	OP390194	2022-07-01	Western Europe	hMpxV/UK/LMO-026a/2022
MPXV/Germany/2022/RKI190_WesternEurope_2022-08-01	OP215232	2022-08-01	Western Europe	MPXV/Germany/2022/RKI190
MPXV/Germany/2022/RKI358_WesternEurope_2022-09-01	OP484679	2022-09-01	Western Europe	MPXV/Germany/2022/RKI358
MPXV/Germany/2022/RKI134_WesternEurope_2022-07-01	ON929089	2022-07-01	Western Europe	MPXV/Germany/2022/RKI134
NJ-MPXV-044_NorthAmerica_2022-07-21	OP879758	2022-07-21	North America	NJ-MPXV-044
MPXV_USA_2022_NY0028_NorthAmerica_2022-06-13	OP378701	2022-06-13	North America	MPXV_USA_2022_NY0028
MpxV/human/CAN/UN-NML-3972/2022_NorthAmerica_2022-07-04	OP270022	2022-07-04	North America	MpxV/human/CAN/UN-NML-3972/2022
hMPXV-IHU00008_WesternEurope_2022-07-05	OP382485	2022-07-05	Western Europe	hMPXV-IHU00008
MPXV_USA_2022_NE0002_NorthAmerica_2022-07-01	OP303792	2022-07-01	North America	MPXV_USA_2022_NE0002
MPXV_USA_2022_NE0001_NorthAmerica_2022-06-16	OP303791	2022-06-16	North America	MPXV_USA_2022_NE0001
INMI-Pt4_SouthernEurope_2022-05-21	ON780017	2022-05-21	Southern Europe	INMI-Pt4
MPXV_USA_2022_GA001_NorthAmerica_2022-05-21	OP150925	2022-05-21	North America	MPXV_USA_2022_GA001
hMPXV-CH-38347314/2022_WesternEurope_2022-06-08	OP783902	2022-06-08	Western Europe	hMPXV-CH-38347314/2022
hMpxV/Switzerland/ZH-UZH-IMV-3ba64538/2022_WesternEurope_2022-06-02	ON792322	2022-06-02	Western Europe	hMpxV/Switzerland/ZH-UZH-IMV-3ba64538/2022
Monkeypox/PT0579/2022_SouthernEurope_2022-09-10	OP555650	2022-09-10	Southern Europe	Monkeypox/PT0579/2022
SIC-AOUP-UNIPA_VL_9aug_SouthernEurope_2022-08-09	OP358276	2022-08-09	Southern Europe	SIC-AOUP-UNIPA_VL_9aug
MPXV/Germany/2022/RKI140_WesternEurope_2022-07-31	ON959149	2022-07-31	Western Europe	MPXV/Germany/2022/RKI140
hMpxV/USA/CA-CDPH-000055/2022_NorthAmerica_2022-10-07	OP863229	2022-10-07	North America	hMpxV/USA/CA-CDPH-000055/2022
hMPXV/Austria/MUW1538395/2022_WesternEurope_2022-08-01	OP422341	2022-08-01	Western Europe	hMPXV/Austria/MUW1538395/2022
hMPXV/Austria/MUW1539124/2022_WesternEurope_2022-08-02	OP422342	2022-08-02	Western Europe	hMPXV/Austria/MUW1539124/2022
Monkeypox/PT0580/2022_SouthernEurope_2022-09-09	OP555651	2022-09-09	Southern Europe	Monkeypox/PT0580/2022
Monkeypox/PT0567/2022_SouthernEurope_2022-09-03	OP555638	2022-09-03	Southern Europe	Monkeypox/PT0567/2022
Monkeypox/PT0578/2022_SouthernEurope_2022-09-12	OP555649	2022-09-12	Southern Europe	Monkeypox/PT0578/2022
Monkeypox/PT0568/2022_SouthernEurope_2022-09-02	OP555639	2022-09-02	Southern Europe	Monkeypox/PT0568/2022
ANT-LDSP-ANT-MPX-23596-O_SouthAmerica_2022-08-29	OP459211	2022-08-29	South America	ANT-LDSP-ANT-MPX-23596-O
hMpxV/UK/LMO-029a/2022_WesternEurope_2022-07-07	OP390195	2022-07-07	Western Europe	hMpxV/UK/LMO-029a/2022
SAN_INS_MPX_0971_L_SouthAmerica_2022-10-11	OP819959	2022-10-11	South America	SAN_INS_MPX_0971_L
CUN_INS_MPX_0649_C_SouthAmerica_2022-08-23	OP693651	2022-08-23	South America	CUN_INS_MPX_0649_C
DC_INS_MPX_0082_L_SouthAmerica_2022-08-08	OP693647	2022-08-08	South America	DC_INS_MPX_0082_L
VAC_INS_MPX_0960_L_SouthAmerica_2022-10-15	OP819953	2022-10-15	South America	VAC_INS_MPX_0960_L
VAC_INS_MPX_1050_E_SouthAmerica_2022-10-26	OP837470	2022-10-26	South America	VAC_INS_MPX_1050_E
VAC_INS_MPX_0957_HO_SouthAmerica_2022-10-15	OP819951	2022-10-15	South America	VAC_INS_MPX_0957_HO
MPXV_IRBA22-11_WesternEurope_2022-05-19	ON755039	2022-05-19	Western Europe	MPXV_IRBA22-11
ID6821_SouthernEurope_2022-06-21	OP838893	2022-06-21	Southern Europe	ID6821
hMPXV-IHU00004_WesternEurope_2022-07-04	OP382481	2022-07-04	Western Europe	hMPXV-IHU00004
MpxV/human/CAN/UN-NML-4017/2022_NorthAmerica_2022-07-05	OP270026	2022-07-05	North America	MpxV/human/CAN/UN-NML-4017/2022
hMPXV-IHU00009_WesternEurope_2022-07-07	OP382486	2022-07-07	Western Europe	hMPXV-IHU00009
MPXV/Germany/2022/ON/RKI375_WesternEurope_2022-09-01	OP494264	2022-09-01	Western Europe	MPXV/Germany/2022/ON/RKI375
MPXV_USA_2022_NY004_NorthAmerica_2022-05-25	ON959135	2022-05-25	North America	MPXV_USA_2022_NY004
MPXV/Germany/2022/RKI011_WesternEurope_2022-05-24	ON694342	2022-05-24	Western Europe	MPXV/Germany/2022/RKI011
MPXV_USA_2022_NY002_NorthAmerica_2022-05-24	ON959133	2022-05-24	North America	MPXV_USA_2022_NY002
MPXV/Germany/2022/RKI019_WesternEurope_2022-05-25	ON694330	2022-05-25	Western Europe	MPXV/Germany/2022/RKI019
Monkeypox/PT0573/2022_SouthernEurope_2022-09-06	OP555644	2022-09-06	Southern Europe	Monkeypox/PT0573/2022
Slovenia-MPXV-10-2022_CentralEurope_2022-07-01	OP605553	2022-07-01	Central Europe	Slovenia-MPXV-10-2022
hMPXV-IHU00016_WesternEurope_2022-07-22	OP382493	2022-07-22	Western Europe	hMPXV-IHU00016
hMPXV-IHU00015_WesternEurope_2022-07-22	OP382492	2022-07-22	Western Europe	hMPXV-IHU00015
MPXV/Human/USA/CA-LACPHL-MA00296/2022_NorthAmerica_2022-10-04	OP890530	2022-10-04	North America	MPXV/Human/USA/CA-LACPHL-MA00296/2022
BOL-UNIMOL-MPX-293633-L_SouthAmerica_2022-11-15	OP959063	2022-11-15	South America	BOL-UNIMOL-MPX-293633-L
MPXV/Human/USA/CA-CDPH-MPX000042/2022_NorthAmerica_2022-07-28	OP587263	2022-07-28	North America	MPXV/Human/USA/CA-CDPH-MPX000042/2022
BOL-UNIMOL-MPX-293614-L_SouthAmerica_2022-11-11	OP959062	2022-11-11	South America	BOL-UNIMOL-MPX-293614-L
BOL-UNIMOL-MPX-293772-L_SouthAmerica_2022-11-17	OP959064	2022-11-17	South America	BOL-UNIMOL-MPX-293772-L
SAN_INS_MPX_0973_L_SouthAmerica_2022-10-17	OP819960	2022-10-17	South America	SAN_INS_MPX_0973_L
MpxV/human/USA/WA-UW-098408/2022_NorthAmerica_2022-09-12	OP743990	2022-09-12	North America	MpxV/human/USA/WA-UW-098408/2022
MpxV/human/USA/WA-UW-092407/2022_NorthAmerica_2022-09-11	OP743974	2022-09-11	North America	MpxV/human/USA/WA-UW-092407/2022
MpxV/human/USA/WA-UW-094603/2022_NorthAmerica_2022-09-13	OP743993	2022-09-13	North America	MpxV/human/USA/WA-UW-094603/2022
MpxV/human/USA/WA-UW-109000/2022_NorthAmerica_2022-10-01	OP747058	2022-10-01	North America	MpxV/human/USA/WA-UW-109000/2022
hMPX/USA/CA-LACPHL-MA00165/2022_NorthAmerica_2022-08-01	OP580598	2022-08-01	North America	hMPX/USA/CA-LACPHL-MA00165/2022
MPXV/Germany/2022/RKI018_WesternEurope_2022-05-31	ON694335	2022-05-31	Western Europe	MPXV/Germany/2022/RKI018
DC_INS_MPX_0722_L_SouthAmerica_2022-08-23	OP693654	2022-08-23	South America	DC_INS_MPX_0722_L
Monkeypox/PT0129/2022_SouthernEurope_2022-07-12	OP324453	2022-07-12	Southern Europe	Monkeypox/PT0129/2022
BOL-UNIMOL-MPX-292803-L_SouthAmerica_2022-08-02	OP390175	2022-08-02	South America	BOL-UNIMOL-MPX-292803-L
BOL-UNIMOL-MPX-293136-L_SouthAmerica_2022-09-06	OP623591	2022-09-06	South America	BOL-UNIMOL-MPX-293136-L
BOL-UNIMOL-MPX-293064-O_SouthAmerica_2022-08-30	OP623589	2022-08-30	South America	BOL-UNIMOL-MPX-293064-O
BOL-UNIMOL-MPX-293130-L_SouthAmerica_2022-09-03	OP623590	2022-09-03	South America	BOL-UNIMOL-MPX-293130-L
CES-UNIMOL-MPX-202203848-L_SouthAmerica_2022-09-14	OP959066	2022-09-14	South America	CES-UNIMOL-MPX-202203848-L
MET_INS_MPX_0956_C_SouthAmerica_2022-10-12	OP819950	2022-10-12	South America	MET_INS_MPX_0956_C
hMPXV/Austria/MUW1531254/2022_WesternEurope_2022-07-04	OP019277	2022-07-04	Western Europe	hMPXV/Austria/MUW1531254/2022
MpxV/human/CAN/UN-NML-3607/2022_NorthAmerica_2022-06-09	OP013010	2022-06-09	North America	MpxV/human/CAN/UN-NML-3607/2022
MpxV/human/CAN/UN-NML-3907/2022_NorthAmerica_2022-06-27	OP062231	2022-06-27	North America	MpxV/human/CAN/UN-NML-3907/2022
MpxV/human/CAN/UN-NML-3450/2022_NorthAmerica_2022-06-03	ON880549	2022-06-03	North America	MpxV/human/CAN/UN-NML-3450/2022
MpxV/human/CAN/UN-NML-3542/2022_NorthAmerica_2022-06-07	OP013006	2022-06-07	North America	MpxV/human/CAN/UN-NML-3542/2022
MpxV/human/CAN/UN-NML-3817/2022_NorthAmerica_2022-06-16	OP062229	2022-06-16	North America	MpxV/human/CAN/UN-NML-3817/2022
MpxV/human/CAN/UN-NML-4150/2022_NorthAmerica_2022-07-05	OP279046	2022-07-05	North America	MpxV/human/CAN/UN-NML-4150/2022
MpxV/human/CAN/UN-NML-4014/2022_NorthAmerica_2022-07-05	OP270025	2022-07-05	North America	MpxV/human/CAN/UN-NML-4014/2022
MpxV/human/CAN/UN-NML-3975/2022_NorthAmerica_2022-07-04	OP270023	2022-07-04	North America	MpxV/human/CAN/UN-NML-3975/2022
MpxV/human/CAN/UN-NML-3971/2022_NorthAmerica_2022-07-04	OP270021	2022-07-04	North America	MpxV/human/CAN/UN-NML-3971/2022
MpxV/human/CAN/UN-NML-4050/2022_NorthAmerica_2022-07-11	OP226139	2022-07-11	North America	MpxV/human/CAN/UN-NML-4050/2022
hMPX/Human/USA/CA-LACPHL-MA00078/2022_NorthAmerica_2022-08-05	OP442539	2022-08-05	North America	hMPX/Human/USA/CA-LACPHL-MA00078/2022
MPXV/Human/USA/CA-LACPHL-MA00335/2022_NorthAmerica_2022-11-09	OP890563	2022-11-09	North America	MPXV/Human/USA/CA-LACPHL-MA00335/2022
MPXV/Human/USA/CA-LACPHL-MA00336/2022_NorthAmerica_2022-11-09	OP890564	2022-11-09	North America	MPXV/Human/USA/CA-LACPHL-MA00336/2022
MPXV/Human/USA/CA-LACPHL-MA00312/2022_NorthAmerica_2022-11-09	OP890569	2022-11-09	North America	MPXV/Human/USA/CA-LACPHL-MA00312/2022
MPXV/Human/USA/CA-LACPHL-MA00333/2022_NorthAmerica_2022-11-09	OP890561	2022-11-09	North America	MPXV/Human/USA/CA-LACPHL-MA00333/2022
MPXV/Human/USA/CA-LACPHL-MA00315/2022_NorthAmerica_2022-11-09	OP890572	2022-11-09	North America	MPXV/Human/USA/CA-LACPHL-MA00315/2022
MPXV/Human/USA/CA-LACPHL-MA00326/2022_NorthAmerica_2022-11-09	OP890554	2022-11-09	North America	MPXV/Human/USA/CA-LACPHL-MA00326/2022
Monkeypoxvirus/Human/USA/CA-LACPHL-MA00259/2022_NorthAmerica_2022-10-13	OP748945	2022-10-13	North America	Monkeypox virus/Human/USA/CA-LACPHL-MA00259/2022
MPXV/Human/USA/CA-LACPHL-MA00327/2022_NorthAmerica_2022-11-09	OP890555	2022-11-09	North America	MPXV/Human/USA/CA-LACPHL-MA00327/2022
MPXV/Human/USA/CA-LACPHL-MA00318/2022_NorthAmerica_2022-11-09	OP890575	2022-11-09	North America	MPXV/Human/USA/CA-LACPHL-MA00318/2022
MPXV/Human/USA/CA-LACPHL-MA00332/2022_NorthAmerica_2022-11-09	OP890560	2022-11-09	North America	MPXV/Human/USA/CA-LACPHL-MA00332/2022
MPXV/Human/USA/CA-LACPHL-MA00319/2022_NorthAmerica_2022-11-09	OP890576	2022-11-09	North America	MPXV/Human/USA/CA-LACPHL-MA00319/2022
MPXV/Human/USA/CA-LACPHL-MA00308/2022_NorthAmerica_2022-11-09	OP890565	2022-11-09	North America	MPXV/Human/USA/CA-LACPHL-MA00308/2022
CUN_INS_MPX_0951_C_SouthAmerica_2022-10-14	OP819947	2022-10-14	South America	CUN_INS_MPX_0951_C
ANT-LDSP-ANT-MPX-24910-O_SouthAmerica_2022-09-09	OP642385	2022-09-09	South America	ANT-LDSP-ANT-MPX-24910-O
LIM-INS-013_SouthAmerica_2022-07-08	OP320553	2022-07-08	South America	LIM-INS-013
LIM-INS-001_SouthAmerica_2022-06-25	OP289782	2022-06-25	South America	LIM-INS-001
LIM-INS-016_SouthAmerica_2022-07-09	OP320554	2022-07-09	South America	LIM-INS-016
LIM-INS-010_SouthAmerica_2022-07-02	OP320549	2022-07-02	South America	LIM-INS-010
DC_INS_MPX_0984_L_SouthAmerica_2022-09-20	OP837476	2022-09-20	South America	DC_INS_MPX_0984_L
LIM-INS-012_SouthAmerica_2022-07-06	OP320552	2022-07-06	South America	LIM-INS-012
LIM-INS-015_SouthAmerica_2022-07-09	OP320550	2022-07-09	South America	LIM-INS-015
LIM-INS-018_SouthAmerica_2022-07-09	OP320551	2022-07-09	South America	LIM-INS-018
LIM-INS008_SouthAmerica_2022-07-01	OP320548	2022-07-01	South America	LIM-INS008
LIM-INS-021_SouthAmerica_2022-07-09	OP320555	2022-07-09	South America	LIM-INS-021
LIM-INS-003_SouthAmerica_2022-06-27	OP289783	2022-06-27	South America	LIM-INS-003
ANT-LDSP-ANT-MPX-24947E_SouthAmerica_2022-09-12	OP642401	2022-09-12	South America	ANT-LDSP-ANT-MPX-24947E
ANT-LDSP-ANT-MPX-25258C_SouthAmerica_2022-09-13	OP642404	2022-09-13	South America	ANT-LDSP-ANT-MPX-25258C
MPXV_USA_2022_CO0003_NorthAmerica_2022-06-27	OP185714	2022-06-27	North America	MPXV_USA_2022_CO0003
MPXV/Human/USA/CA-LACPHL-MA00343/2022_NorthAmerica_2022-11-10	OP920681	2022-11-10	North America	MPXV/Human/USA/CA-LACPHL-MA00343/2022
MpxV/human/USA/WA-UW-092113/2022_NorthAmerica_2022-09-18	OP681777	2022-09-18	North America	MpxV/human/USA/WA-UW-092113/2022
MpxV/human/CAN/UN-NML-3253/2022_NorthAmerica_2022-05-30	ON880532	2022-05-30	North America	MpxV/human/CAN/UN-NML-3253/2022
MpxV/human/CAN/UN-NML-2833/2022_NorthAmerica_2022-05-13	ON880519	2022-05-13	North America	MpxV/human/CAN/UN-NML-2833/2022
MpxV/human/CAN/UN-NML-4119/2022_NorthAmerica_2022-07-04	OP279049	2022-07-04	North America	MpxV/human/CAN/UN-NML-4119/2022
MpxV/human/CAN/UN-NML-4142/2022_NorthAmerica_2022-07-02	OP279044	2022-07-02	North America	MpxV/human/CAN/UN-NML-4142/2022
MpxV/human/CAN/UN-NML-4122/2022_NorthAmerica_2022-07-03	OP279040	2022-07-03	North America	MpxV/human/CAN/UN-NML-4122/2022
MpxV/human/CAN/UN-NML-4152/2022_NorthAmerica_2022-07-04	OP279047	2022-07-04	North America	MpxV/human/CAN/UN-NML-4152/2022
MpxV/human/CAN/UN-NML-3214/2022_NorthAmerica_2022-05-30	ON880511	2022-05-30	North America	MpxV/human/CAN/UN-NML-3214/2022
MpxV/human/CAN/UN-NML-4094/2022_NorthAmerica_2022-07-06	OP279033	2022-07-06	North America	MpxV/human/CAN/UN-NML-4094/2022
MpxV/human/CAN/UN-NML-3558/2022_NorthAmerica_2022-06-09	ON983164	2022-06-09	North America	MpxV/human/CAN/UN-NML-3558/2022
MpxV/human/CAN/UN-NML-3412/2022_NorthAmerica_2022-06-04	ON880514	2022-06-04	North America	MpxV/human/CAN/UN-NML-3412/2022
MpxV/human/CAN/UN-NML-3407/2022_NorthAmerica_2022-06-04	ON880513	2022-06-04	North America	MpxV/human/CAN/UN-NML-3407/2022
hMpxV/UK/LMO-010a/2022_WesternEurope_2022-06-21	OP390189	2022-06-21	Western Europe	hMpxV/UK/LMO-010a/2022
MpxV/human/CAN/UN-NML-4103/2022_NorthAmerica_2022-07-04	OP279035	2022-07-04	North America	MpxV/human/CAN/UN-NML-4103/2022
MpxV/human/CAN/UN-NML-4144/2022_NorthAmerica_2022-07-04	OP279045	2022-07-04	North America	MpxV/human/CAN/UN-NML-4144/2022
MpxV/human/CAN/UN-NML-3467/2022_NorthAmerica_2022-06-02	ON880515	2022-06-02	North America	MpxV/human/CAN/UN-NML-3467/2022
MpxV/human/CAN/UN-NML-4097/2022_NorthAmerica_2022-07-04	OP279034	2022-07-04	North America	MpxV/human/CAN/UN-NML-4097/2022
MpxV/human/CAN/UN-NML-3193/2022_NorthAmerica_2022-05-31	ON880510	2022-05-31	North America	MpxV/human/CAN/UN-NML-3193/2022
MPXV/Germany/2022/RKI236_WesternEurope_2022-08-01	OP215260	2022-08-01	Western Europe	MPXV/Germany/2022/RKI236
MPXV_USA_2022_TX0019_NorthAmerica_2022-06-01	OP450985	2022-06-01	North America	MPXV_USA_2022_TX0019
MpxV/Spain/MD-HGUGM-6513479/2022_SouthernEurope_2022-05-27	ON720848	2022-05-27	Southern Europe	MpxV/Spain/MD-HGUGM-6513479/2022
B969965re_NorthAmerica_2022-07-18	OP531895	2022-07-18	North America	B969965re
hMPXV-IHU00012_WesternEurope_2022-07-19	OP382489	2022-07-19	Western Europe	hMPXV-IHU00012
MPXV/Germany/2022/ON/RKI511_WesternEurope_2022-10-01	OP689664	2022-10-01	Western Europe	MPXV/Germany/2022/ON/RKI511
INS-MPXV-0015-L1_SouthAmerica_2022-07-21	OP295382	2022-07-21	South America	INS-MPXV-0015-L1
ANT-LDSP-ANT-MPX-23651-L_SouthAmerica_2022-08-30	OP459216	2022-08-30	South America	ANT-LDSP-ANT-MPX-23651-L
ANT-LDSP-ANT-MPX-23551-O_SouthAmerica_2022-08-29	OP459209	2022-08-29	South America	ANT-LDSP-ANT-MPX-23551-O
ANT-LDSP-ANT-MPX-25458E_SouthAmerica_2022-09-14	OP642418	2022-09-14	South America	ANT-LDSP-ANT-MPX-25458E
ANT-LDSP-ANT-MPX-26237E_SouthAmerica_2022-09-26	OP881930	2022-09-26	South America	ANT-LDSP-ANT-MPX-26237E
ANT-LDSP-ANT-MPX-22769-L_SouthAmerica_2022-08-17	OP431401	2022-08-17	South America	ANT-LDSP-ANT-MPX-22769-L
ANT-LDSP-ANT-MPX-26261O_SouthAmerica_2022-09-26	OP881936	2022-09-26	South America	ANT-LDSP-ANT-MPX-26261O
ANT-LDSP-ANT-MPX-24915-L_SouthAmerica_2022-09-09	OP642388	2022-09-09	South America	ANT-LDSP-ANT-MPX-24915-L
ANT_INS_MPX_0024_L_SouthAmerica_2022-08-07	OP693650	2022-08-07	South America	ANT_INS_MPX_0024_L
ANT-LDSP-ANT-MPX-22815-L_SouthAmerica_2022-08-18	OP477444	2022-08-18	South America	ANT-LDSP-ANT-MPX-22815-L
ANT-LDSP-ANT-MPX-23266_SouthAmerica_2022-08-23	OP477457	2022-08-23	South America	ANT-LDSP-ANT-MPX-23266
ANT-LDSP-ANT-MPX-22607-L_SouthAmerica_2022-08-16	OP431397	2022-08-16	South America	ANT-LDSP-ANT-MPX-22607-L
SUC-UNIMOL-MPX-293401-L_SouthAmerica_2022-11-10	OP959057	2022-11-10	South America	SUC-UNIMOL-MPX-293401-L
QUI_INS_MPX_0967_L_SouthAmerica_2022-10-15	OP819958	2022-10-15	South America	QUI_INS_MPX_0967_L
ANT-LDSP-ANT-MPX-23062-L_SouthAmerica_2022-08-22	OP477447	2022-08-22	South America	ANT-LDSP-ANT-MPX-23062-L
ANT-LDSP-ANT-MPX-24717-L_SouthAmerica_2022-09-08	OP642373	2022-09-08	South America	ANT-LDSP-ANT-MPX-24717-L
ANT-LDSP-ANT-MPX-24713-L_SouthAmerica_2022-09-08	OP642379	2022-09-08	South America	ANT-LDSP-ANT-MPX-24713-L
MPXV/Germany/2022/RKI049_WesternEurope_2022-06-24	ON755255	2022-06-24	Western Europe	MPXV/Germany/2022/RKI049
MPXV_UK_2022_9000064_WesternEurope_2022-06-06	OP205070	2022-06-06	Western Europe	MPXV_UK_2022_9000064
MPX_bSkpM3_9000334_WesternEurope_2022-08-28	OP415272	2022-08-28	Western Europe	MPX_bSkpM3_9000334
MPXV/Germany/2022/ON/RKI458_WesternEurope_2022-09-06	OP615340	2022-09-06	Western Europe	MPXV/Germany/2022/ON/RKI458
MPXV_USA_2022_IL0044_NorthAmerica_2022-06-01	OP303790	2022-06-01	North America	MPXV_USA_2022_IL0044
MPX_Yob5K4_9000202_WesternEurope_2022-07-14	OP415183	2022-07-14	Western Europe	MPX_Yob5K4_9000202
NJ-MPXV-024_NorthAmerica_2022-07-08	OP879742	2022-07-08	North America	NJ-MPXV-024
MPXV_USA_2022_NY0029_NorthAmerica_2022-07-08	OP687939	2022-07-08	North America	MPXV_USA_2022_NY0029
MPXV/Germany/2022/RKI537_WesternEurope_2022-06-30	OP715817	2022-06-30	Western Europe	MPXV/Germany/2022/RKI537
MPXV_UK_2022_9000065_WesternEurope_2022-06-06	OP205071	2022-06-06	Western Europe	MPXV_UK_2022_9000065
MPXV/Germany/2022/RKI165_WesternEurope_2022-07-01	ON959153	2022-07-01	Western Europe	MPXV/Germany/2022/RKI165
PrEV_case_2_WesternEurope_2022-10-02	OP727822	2022-10-02	Western Europe	PrEV_case_2
Monkeypox/PT0380/2022_SouthernEurope_2022-07-13	OP555476	2022-07-13	Southern Europe	Monkeypox/PT0380/2022
MPXV_USA_2022_MD0006_NorthAmerica_2022-08-02	OP881948	2022-08-02	North America	MPXV_USA_2022_MD0006
MPXV/Human/USA/UT-UPHL-82200236/2022_NorthAmerica_2022-08-05	OP743366	2022-08-05	North America	MPXV/Human/USA/UT-UPHL-82200236/2022
MPXV_UK_2022_9000131_WesternEurope_2022-07-05	OP205098	2022-07-05	Western Europe	MPXV_UK_2022_9000131
PatientMPXV_WesternEurope_2022-06-10	OP204840	2022-06-10	Western Europe	PatientMPXV
Monkeypox/PT0216/2022_SouthernEurope_2022-06-24	OP324526	2022-06-24	Southern Europe	Monkeypox/PT0216/2022
Monkeypox/PT0179/2022_SouthernEurope_2022-06-30	OP324494	2022-06-30	Southern Europe	Monkeypox/PT0179/2022
MPXV_UK_2022_9000093_WesternEurope_2022-05-30	OP205084	2022-05-30	Western Europe	MPXV_UK_2022_9000093
MPX_K1dQNt_9000223_WesternEurope_2022-07-01	OP415199	2022-07-01	Western Europe	MPX_K1dQNt_9000223
MPX_dlHLXa_9000261_WesternEurope_2022-08-01	OP415230	2022-08-01	Western Europe	MPX_dlHLXa_9000261
MPX_2v76E1_9000222_WesternEurope_2022-07-25	OP415198	2022-07-25	Western Europe	MPX_2v76E1_9000222
Monkeypox/PT0392/2022_SouthernEurope_2022-07-13	OP555488	2022-07-13	Southern Europe	Monkeypox/PT0392/2022
hMPXV-IHU00002_WesternEurope_2022-07-01	OP382479	2022-07-01	Western Europe	hMPXV-IHU00002
hMpxV/Switzerland/ZH-UZH-IMV-3ba6450e/2022_WesternEurope_2022-06-02	ON792321	2022-06-02	Western Europe	hMpxV/Switzerland/ZH-UZH-IMV-3ba6450e/2022
MPXV/Germany/2022/RKI032_WesternEurope_2022-06-01	ON755238	2022-06-01	Western Europe	MPXV/Germany/2022/RKI032
MPXV/Germany/2022/RKI023_WesternEurope_2022-05-30	ON694332	2022-05-30	Western Europe	MPXV/Germany/2022/RKI023
MPXV/Germany/2022/RKI017_WesternEurope_2022-05-01	ON694338	2022-05-01	Western Europe	MPXV/Germany/2022/RKI017
MPXV/Germany/2022/RKI132_WesternEurope_2022-07-01	ON929087	2022-07-01	Western Europe	MPXV/Germany/2022/RKI132
MPXV/Germany/2022/RKI020_WesternEurope_2022-05-28	ON694337	2022-05-28	Western Europe	MPXV/Germany/2022/RKI020
Monkeypox/PT0564/2022_SouthernEurope_2022-09-05	OP555635	2022-09-05	Southern Europe	Monkeypox/PT0564/2022
MpxV/human/USA/WA-UW-088213/2022_NorthAmerica_2022-08-31	OP310054	2022-08-31	North America	MpxV/human/USA/WA-UW-088213/2022
MPXV/Germany/2022/ON/RKI456_WesternEurope_2022-09-01	OP615330	2022-09-01	Western Europe	MPXV/Germany/2022/ON/RKI456
MPXV/Germany/2022/RKI122_WesternEurope_2022-07-01	ON929077	2022-07-01	Western Europe	MPXV/Germany/2022/RKI122
MPXV/Germany/2022/RKI477_WesternEurope_2022-07-01	OP626115	2022-07-01	Western Europe	MPXV/Germany/2022/RKI477
Monkeypox/PT0474/2022_SouthernEurope_2022-08-08	OP555553	2022-08-08	Southern Europe	Monkeypox/PT0474/2022
MPXV/Germany/2022/RKI106_WesternEurope_2022-07-17	ON929064	2022-07-17	Western Europe	MPXV/Germany/2022/RKI106
MPXV/Germany/2022/RKI350_WesternEurope_2022-09-01	OP484671	2022-09-01	Western Europe	MPXV/Germany/2022/RKI350
MPXV/Germany/2022/RKI021_WesternEurope_2022-05-31	ON694334	2022-05-31	Western Europe	MPXV/Germany/2022/RKI021
MPXV/Germany/2022/RKI556_WesternEurope_2022-06-01	OP764614	2022-06-01	Western Europe	MPXV/Germany/2022/RKI556
CVR_MPXV1a_WesternEurope_2022-05-15	ON808413	2022-05-15	Western Europe	CVR_MPXV1a
hMPXV/Austria/MUW1527495/2022_WesternEurope_2022-06-21	OP019276	2022-06-21	Western Europe	hMPXV/Austria/MUW1527495/2022
MPXV/Germany/2022/RKI015_WesternEurope_2022-05-15	ON694331	2022-05-15	Western Europe	MPXV/Germany/2022/RKI015
MPXV/Germany/2022/RKI423_WesternEurope_2022-09-01	OP594187	2022-09-01	Western Europe	MPXV/Germany/2022/RKI423
MPX_dDDHx_9000207_WesternEurope_2022-06-07	OP415188	2022-06-07	Western Europe	MPX_dDDHx_9000207
hMpxV/UK/LMO-023a/2022_WesternEurope_2022-06-24	OP390192	2022-06-24	Western Europe	hMpxV/UK/LMO-023a/2022
MPXV/Germany/2022/RKI016_WesternEurope_2022-05-15	ON694339	2022-05-15	Western Europe	MPXV/Germany/2022/RKI016
MPXV/Germany/2022/RKI472_WesternEurope_2022-07-01	OP626110	2022-07-01	Western Europe	MPXV/Germany/2022/RKI472
MPXV/Germany/2022/RKI204_WesternEurope_2022-08-29	OP215212	2022-08-29	Western Europe	MPXV/Germany/2022/RKI204
MPXV/Germany/2022/RKI034_WesternEurope_2022-06-25	ON755240	2022-06-25	Western Europe	MPXV/Germany/2022/RKI034
MPX/PT0067/2022_SouthernEurope_2022-07-26	OP245321	2022-07-26	Southern Europe	MPX/PT0067/2022
Monkeypox/PT0570/2022_SouthernEurope_2022-09-02	OP555641	2022-09-02	Southern Europe	Monkeypox/PT0570/2022
Monkeypox/PT0494/2022_SouthernEurope_2022-08-15	OP555569	2022-08-15	Southern Europe	Monkeypox/PT0494/2022
Monkeypox/PT0356/2022_SouthernEurope_2022-05-23	OP414383	2022-05-23	Southern Europe	Monkeypox/PT0356/2022
PrEV_case_1_WesternEurope_2022-08-27	OP727821	2022-08-27	Western Europe	PrEV_case_1
MPXV/Spain/HUNSC_ITER_0001a/2022_SouthernEurope_2022-05-31	ON782054	2022-05-31	Southern Europe	MPXV/Spain/HUNSC_ITER_0001a/2022
MPXV/Germany/2022/ON/RKI311_WesternEurope_2022-08-01	OP355570	2022-08-01	Western Europe	MPXV/Germany/2022/ON/RKI311
MPXV_FR_HCL0001_2022_WesternEurope_2022-05-22	ON622722	2022-05-22	Western Europe	MPXV_FR_HCL0001_2022
Monkeypox/PT0514/2022_SouthernEurope_2022-08-16	OP555585	2022-08-16	Southern Europe	Monkeypox/PT0514/2022
Monkeypox/PT0524/2022_SouthernEurope_2022-08-18	OP555595	2022-08-18	Southern Europe	Monkeypox/PT0524/2022
hMpxV/Switzerland/ZH-UZH-IMV-3ba6449f/2022_WesternEurope_2022-06-01	ON792320	2022-06-01	Western Europe	hMpxV/Switzerland/ZH-UZH-IMV-3ba6449f/2022
MPXV/Germany/2022/RKI045_WesternEurope_2022-06-30	ON755251	2022-06-30	Western Europe	MPXV/Germany/2022/RKI045
MpxV/human/USA/WA-UW-082770/2022_NorthAmerica_2022-08-01	OP392540	2022-08-01	North America	MpxV/human/USA/WA-UW-082770/2022
MPXV_SI2022_S3_CentralEurope_2022-06-01	ON754984	2022-06-01	Central Europe	MPXV_SI2022_S3
SI2022_S7_CentralEurope_2022-06-01	ON838178	2022-06-01	Central Europe	SI2022_S7
Slovenia-MPXV-09-2022_CentralEurope_2022-06-01	OP605552	2022-06-01	Central Europe	Slovenia-MPXV-09-2022
Slovenia-MPXV-08-2022_CentralEurope_2022-06-01	OP605551	2022-06-01	Central Europe	Slovenia-MPXV-08-2022
MPXV_SI2022_S5_CentralEurope_2022-06-01	ON754986	2022-06-01	Central Europe	MPXV_SI2022_S5
RNA_4mcy9n_CentralEurope_2022-07-04	OX248696	2022-07-04	Central Europe	RNA_4mcy9n
MPXV/Germany/2022/RKI288_WesternEurope_2022-08-01	OP270477	2022-08-01	Western Europe	MPXV/Germany/2022/RKI288
MPXV_UK_2022_9000061_WesternEurope_2022-05-27	OP205067	2022-05-27	Western Europe	MPXV_UK_2022_9000061
MPXV/Spain/HUNSC_ITER_0001b/2022_SouthernEurope_2022-05-31	ON782055	2022-05-31	Southern Europe	MPXV/Spain/HUNSC_ITER_0001b/2022
MPXV_SI2022_S4_CentralEurope_2022-06-01	ON754985	2022-06-01	Central Europe	MPXV_SI2022_S4
Slovenia-MPXV-26-2022_CentralEurope_2022-07-31	OP605568	2022-07-31	Central Europe	Slovenia-MPXV-26-2022
MPXV/Human/USA/CA-LACPHL-MA00291/2022_NorthAmerica_2022-10-07	OP890549	2022-10-07	North America	MPXV/Human/USA/CA-LACPHL-MA00291/2022
Monkeypoxvirus/Human/USA/CA-LACPHL-MA00280/2022_NorthAmerica_2022-10-17	OP748966	2022-10-17	North America	Monkeypox virus/Human/USA/CA-LACPHL-MA00280/2022
MPXV_SI2022_S1_VEROE6_CentralEurope_2022-05-23	ON754987	2022-05-23	Central Europe	MPXV_SI2022_S1_VEROE6
SLO_CentralEurope_2022-05-23	ON609725	2022-05-23	Central Europe	SLO
ANT-LDSP-ANT-MPX-23106-L_SouthAmerica_2022-08-22	OP477448	2022-08-22	South America	ANT-LDSP-ANT-MPX-23106-L
MpxV/human/USA/OH-UW-080114/2022_NorthAmerica_2022-08-01	OP392532	2022-08-01	North America	MpxV/human/USA/OH-UW-080114/2022
MPXV/ITM_pt_31/Belgium/27-May-2022_WesternEurope_2022-05-27	ON950045	2022-05-27	Western Europe	MPXV/ITM_pt_31/Belgium/27-May-2022
MPXV/ITM_pt_25/Belgium/16-Jun-2022_WesternEurope_2022-06-16	OP144214	2022-06-16	Western Europe	MPXV/ITM_pt_25/Belgium/16-Jun-2022
MPXV/ITM_pt_16/Belgium/10-Jun-2022_WesternEurope_2022-06-10	OP144212	2022-06-10	Western Europe	MPXV/ITM_pt_16/Belgium/10-Jun-2022
Slovenia-MPXV-28-2022_CentralEurope_2022-07-10	OP605570	2022-07-10	Central Europe	Slovenia-MPXV-28-2022
Slovenia-MPXV-36-2022_CentralEurope_2022-07-31	OP605578	2022-07-31	Central Europe	Slovenia-MPXV-36-2022
Slovenia-MPXV-44-2022_CentralEurope_2022-08-01	OP605585	2022-08-01	Central Europe	Slovenia-MPXV-44-2022
Slovenia-MPXV-40-2022_CentralEurope_2022-08-01	OP605581	2022-08-01	Central Europe	Slovenia-MPXV-40-2022
MPXV/Germany/2022/RKI347_WesternEurope_2022-09-01	OP484668	2022-09-01	Western Europe	MPXV/Germany/2022/RKI347
MPXV/Germany/2022/RKI081_WesternEurope_2022-06-01	ON853663	2022-06-01	Western Europe	MPXV/Germany/2022/RKI081
MPXV_UK_2022_9000149_WesternEurope_2022-06-14	OP205112	2022-06-14	Western Europe	MPXV_UK_2022_9000149
MPXV/Germany/2022/RKI033_WesternEurope_2022-06-19	ON755239	2022-06-19	Western Europe	MPXV/Germany/2022/RKI033
MPXV_USA_2022_WA001_NorthAmerica_2022-05-20	OP150927	2022-05-20	North America	MPXV_USA_2022_WA001
BOL-UNIMOL-MPX-293420-L_SouthAmerica_2022-10-27	OP959059	2022-10-27	South America	BOL-UNIMOL-MPX-293420-L
MPXV_UK_2022_9000079_WesternEurope_2022-06-15	OP205082	2022-06-15	Western Europe	MPXV_UK_2022_9000079
MPX_CJjutN_9000198_WesternEurope_2022-07-01	OP415180	2022-07-01	Western Europe	MPX_CJjutN_9000198
MPXV_UK_2022_9000195_WesternEurope_2022-07-06	OP205138	2022-07-06	Western Europe	MPXV_UK_2022_9000195
MPXV_UK_2022_9000099_WesternEurope_2022-06-09	OP205087	2022-06-09	Western Europe	MPXV_UK_2022_9000099
MPXV_UK_2022_9000076_WesternEurope_2022-06-09	OP205080	2022-06-09	Western Europe	MPXV_UK_2022_9000076
MPXV_UK_2022_9000066_WesternEurope_2022-06-07	OP205072	2022-06-07	Western Europe	MPXV_UK_2022_9000066
MPXV/Germany/2022/RKI119_WesternEurope_2022-07-01	ON929074	2022-07-01	Western Europe	MPXV/Germany/2022/RKI119
MPXV_UK_2022_9000101_WesternEurope_2022-06-09	OP205089	2022-06-09	Western Europe	MPXV_UK_2022_9000101
Monkeypox/PT0478/2022_SouthernEurope_2022-08-08	OP555557	2022-08-08	Southern Europe	Monkeypox/PT0478/2022
MPXV-USA-IL-IDPH-018_NorthAmerica_2022-07-07	OP536679	2022-07-07	North America	MPXV-USA-IL-IDPH-018
hMPX/USA/CA-LACPHL-MA00164/2022_NorthAmerica_2022-09-22	OP580597	2022-09-22	North America	hMPX/USA/CA-LACPHL-MA00164/2022
MPXV_USA_2022_FL0027_NorthAmerica_2022-09-05	OP881946	2022-09-05	North America	MPXV_USA_2022_FL0027
MPXV/Human/USA/CA-LACPHL-MA00356/2022_NorthAmerica_2022-10-14	OP920694	2022-10-14	North America	MPXV/Human/USA/CA-LACPHL-MA00356/2022
MPX_eobXCZ_9000296_WesternEurope_2022-08-01	OP415251	2022-08-01	Western Europe	MPX_eobXCZ_9000296
hMPXV/USA/NC-UNC-0018/2022_NorthAmerica_2022-08-28	OP480417	2022-08-28	North America	hMPXV/USA/NC-UNC-0018/2022
Slovenia-MPXV-42-2022_CentralEurope_2022-08-21	OP605583	2022-08-21	Central Europe	Slovenia-MPXV-42-2022
MPX_L6rBi6_9000265_WesternEurope_2022-08-31	OP415234	2022-08-31	Western Europe	MPX_L6rBi6_9000265
MPXV_USA_2022_NY0027_NorthAmerica_2022-09-18	OQ054228	2022-09-18	North America	MPXV_USA_2022_NY0027
BOL-UNIMOL-MPX-293613-L_SouthAmerica_2022-10-11	OP959061	2022-10-11	South America	BOL-UNIMOL-MPX-293613-L
BOL-UNIMOL-MPX-293428-L_SouthAmerica_2022-10-29	OP959060	2022-10-29	South America	BOL-UNIMOL-MPX-293428-L
MPXV_UK_2022_9000067_WesternEurope_2022-06-08	OP205073	2022-06-08	Western Europe	MPXV_UK_2022_9000067
hMPX/Human/USA/CA-LACPHL-MA00058/2022_NorthAmerica_2022-07-26	OP440554	2022-07-26	North America	hMPX/Human/USA/CA-LACPHL-MA00058/2022
MPXV/Germany/2022/RKI135_WesternEurope_2022-07-31	ON929090	2022-07-31	Western Europe	MPXV/Germany/2022/RKI135
MPXV22/human/USA-OK-270_NorthAmerica_2022-09-06	OP650030	2022-09-06	North America	MPXV22/human/USA-OK-270
MPXV/Human/USA/CA-LACPHL-MA00303/2022_NorthAmerica_2022-09-29	OP890537	2022-09-29	North America	MPXV/Human/USA/CA-LACPHL-MA00303/2022
B1221120_NorthAmerica_2022-11-09	OP935997	2022-11-09	North America	B1221120
B1221119_NorthAmerica_2022-11-08	OP935996	2022-11-08	North America	B1221119
MPXV/Human/USA/CA-LACPHL-MA00288/2022_NorthAmerica_2022-10-04	OP890546	2022-10-04	North America	MPXV/Human/USA/CA-LACPHL-MA00288/2022
MPXV/Human/USA/CA-LACPHL-MA00290/2022_NorthAmerica_2022-10-02	OP890548	2022-10-02	North America	MPXV/Human/USA/CA-LACPHL-MA00290/2022
