	accession	date	region_coarse	strain
0	ON838940	5/20/22	Southern Europe	4061
1	ON838939	6/6/22	Southern Europe	8887
2	OP413713	7/31/22	Western Europe	9000231
3	OP413717	8/1/22	Western Europe	9000353
4	OP536748	8/1/22	Western Europe	9000366
5	OP536751	8/31/22	Western Europe	9000370
6	OP536753	8/31/22	Western Europe	9000373
7	OP536754	8/31/22	Western Europe	9000374
8	OP536758	8/31/22	Western Europe	9000378
9	OP536763	8/24/22	Western Europe	9000384
10	OP536764	9/1/22	Western Europe	9000385
11	OP536765	8/31/22	Western Europe	9000387
12	OP536768	8/31/22	Western Europe	9000390
13	OP536773	8/1/22	Western Europe	9000395
14	OP536774	9/30/22	Western Europe	9000396
15	OP536776	9/30/22	Western Europe	9000398
16	OP536777	9/1/22	Western Europe	9000399
17	OP536778	9/30/22	Western Europe	9000400
18	OP536779	9/30/22	Western Europe	9000403
19	OP536781	9/30/22	Western Europe	9000405
20	OP536782	9/1/22	Western Europe	9000406
21	OP536783	9/30/22	Western Europe	9000407
22	OP536784	9/1/22	Western Europe	9000408
23	OP536785	9/30/22	Western Europe	9000409
24	OP536792	8/1/22	Western Europe	9000418
25	OP536795	8/1/22	Western Europe	9000421
26	OP536798	8/1/22	Western Europe	9000424
27	OP536801	9/30/22	Western Europe	9000429
28	OP536802	9/30/22	Western Europe	9000430
29	OP536803	9/30/22	Western Europe	9000431
30	OP536804	9/30/22	Western Europe	9000432
31	OP536807	9/1/22	Western Europe	9000438
32	OP536808	8/31/22	Western Europe	9000442
33	OP536811	9/1/22	Western Europe	9000448
34	OP536813	9/1/22	Western Europe	9000451
35	OP536814	9/1/22	Western Europe	9000452
36	OP536815	9/1/22	Western Europe	9000453
37	ON676708	11/30/21	North America	MPXV_USA_2021_MD
38	OP414369	5/26/22	Southern Europe	Monkeypox/PT0340/2022
39	OP555499	7/19/22	Southern Europe	Monkeypox/PT0403/2022
40	OQ121019	7/12/22	North America	hMpxV/USA/CA-CDPH-1000065/2022
41	ON649717	5/21/22	Southern Europe	Monkeypox/PT0019/2022
42	OP587250	7/7/22	North America	MPXV/Human/USA/CA-CDPH-MPX000021/2022
43	OP587248	7/8/22	North America	MPXV/Human/USA/CA-CDPH-MPX000019/2022
44	OP414305	6/17/22	Southern Europe	Monkeypox/PT0265/2022
45	ON803433	5/20/22	North America	MpxV/human/CAN/UN-NML-2885/2022
46	ON880527	5/27/22	North America	MpxV/human/CAN/UN-NML-3141/2022
47	OP722515	7/13/22	North America	MPX/Human/USA/CA-LACPHL-MA00256/2022
48	OP743357	5/21/22	North America	MPXV/Human/USA/UT-UPHL-82200022/2022
49	ON676706	5/1/22	North America	MPXV_USA_2022_UT002
50	OP133006	7/6/22	Western Europe	hMPXV/Austria/MUW1532243/2022
51	ON803427	5/18/22	North America	MpxV/human/CAN/UN-NML-2861/2022
52	OP605565	7/1/22	Central Europe	Slovenia-MPXV-23-2022
53	OP451013	6/1/22	North America	MPXV_USA_2022_CA0057
54	ON644344	5/25/22	Southern Europe	MPXV_FVG-ITA_01_2022
55	OP414379	5/24/22	Southern Europe	Monkeypox/PT0350/2022
56	OP597776	6/25/22	North America	MN-MDH-MPXV_0002
57	OP245336	7/21/22	Southern Europe	MPX/PT0085/2022
58	ON959174	7/31/22	Western Europe	MPXV/Germany/2022/RKI161
59	OP414365	5/29/22	Southern Europe	Monkeypox/PT0335/2022
60	ON694341	5/27/22	Western Europe	MPXV/Germany/2022/RKI012
61	OP414301	6/19/22	Southern Europe	Monkeypox/PT0261/2022
62	ON803440	5/22/22	North America	MpxV/human/CAN/UN-NML-2954/2022
63	ON682265	5/1/22	Western Europe	MPXV/Germany/2022/RKI04
64	OP687927	6/1/22	North America	MPXV_USA_2022_CA0036
65	OP245353	7/13/22	Southern Europe	MPX/PT0120/2022
66	OP062233	6/28/22	North America	MpxV/human/CAN/UN-NML-3913/2022
67	OP018595	7/31/22	Western Europe	MPXV/Germany/2022/RKI170
68	OP382487	7/18/22	Western Europe	hMPXV-IHU00010
69	OP555594	8/17/22	Southern Europe	Monkeypox/PT0523/2022
70	OP539889	8/11/22	North America	MPX/Human/USA/CA-LACPHL-MA00104/2022
71	OP715829	6/30/22	Western Europe	MPXV/Germany/2022/RKI549
72	OX261748	7/13/22	Central Europe	RNA
73	OP414363	5/27/22	Southern Europe	Monkeypox/PT0332/2022
74	ON880541	6/1/22	North America	MpxV/human/CAN/UN-NML-3344/2022
75	OP920697	11/5/22	North America	MPXV/Human/USA/CA-LACPHL-MA00359/2022
76	ON745215	5/19/22	Southern Europe	INMI-Pt2
77	OP355566	8/1/22	Western Europe	MPXV/Germany/2022/ON/RKI306
78	OP920692	10/16/22	North America	MPXV/Human/USA/CA-LACPHL-MA00354/2022
79	ON745225	5/27/22	Southern Europe	MpxV/Spain/MD-HGUGM-66649483/2022
80	OP580155	6/21/22	North America	MPXV/Human/USA/CA-CDPH-MPX000007/2022
81	OP205068	6/5/22	Western Europe	MPXV_UK_2022_9000062
82	OP324504	6/28/22	Southern Europe	Monkeypox/PT0190/2022
83	OP689670	6/1/22	Western Europe	MPXV/Germany/2022/RKI517
84	OP747060	10/31/22	North America	MpxV/human/USA/WA-UW-104793/2022
85	ON843168	5/26/22	Southern Europe	Monkeypox/PT0032/2022
86	OP414360	5/31/22	Southern Europe	Monkeypox/PT0328/2022
87	OP414302	6/17/22	Southern Europe	Monkeypox/PT0262/2022
88	ON880521	5/19/22	North America	MpxV/human/CAN/UN-NML-2858/2022
89	ON645312	5/11/22	Western Europe	MPXV_GSTT_Patient1
90	OP205134	7/6/22	Western Europe	MPXV_UK_2022_9000189
91	OP689658	8/1/22	Western Europe	MPXV/Germany/2022/ON/RKI505
92	ON649712	5/19/22	Southern Europe	Monkeypox/PT0025/2022
93	OP727820	7/29/22	Western Europe	PEV_case
94	OP414374	5/26/22	Southern Europe	Monkeypox/PT0345/2022
95	OP324527	6/23/22	Southern Europe	Monkeypox/PT0217/2022
96	ON880543	6/2/22	North America	MpxV/human/CAN/UN-NML-3357/2022
97	OP414327	6/9/22	Southern Europe	Monkeypox/PT0292/2022
98	OP245328	7/27/22	Southern Europe	MPX/PT0074/2022
99	OP605558	7/1/22	Central Europe	Slovenia-MPXV-16-2022
100	OP605563	7/1/22	Central Europe	Slovenia-MPXV-21-2022
101	OP303794	6/1/22	North America	MPXV_USA_2022_NY0023
102	OP324523	6/24/22	Southern Europe	Monkeypox/PT0213/2022
103	OP414378	5/26/22	Southern Europe	Monkeypox/PT0349/2022
104	OP414348	6/3/22	Southern Europe	Monkeypox/PT0315/2022
105	OP605566	7/31/22	Central Europe	Slovenia-MPXV-24-2022
106	ON929070	7/1/22	Western Europe	MPXV/Germany/2022/RKI112
107	ON694336	5/1/22	Western Europe	MPXV/Germany/2022/RKI024
108	ON983166	6/15/22	North America	MpxV/human/CAN/UN-NML-3702/2022
109	OP382480	7/4/22	Western Europe	hMPXV-IHU00003
110	ON808414	5/15/22	Western Europe	CVR_MPXV1b
111	OP415226	8/1/22	Western Europe	MPX_k9tr7U_9000256
112	ON803442	5/16/22	North America	MpxV/human/CAN/UN-NML-2967/2022
113	OP018597	7/1/22	Western Europe	MPXV/Germany/2022/RKI172
114	ON880546	6/2/22	North America	MpxV/human/CAN/UN-NML-3368/2022
115	ON880420	5/27/22	Western Europe	MPX/UZ_REGA_4/Belgium/2022
116	ON843167	5/26/22	Southern Europe	Monkeypox/PT0036/2022
117	ON808417	5/15/22	Western Europe	CVR_MPXV1e
118	ON676703	5/1/22	North America	MPXV_USA_2022_CA001
119	OP018598	7/1/22	Western Europe	MPXV/Germany/2022/RKI173
120	OP689666	6/1/22	Western Europe	MPXV/Germany/2022/RKI513
121	ON880508	5/30/22	North America	MpxV/human/CAN/UN-NML-3127/2022
122	ON649723	5/20/22	Southern Europe	Monkeypox/PT0013/2022
123	ON880419	5/27/22	Western Europe	MPX/UZ_REGA_3/Belgium/2022
124	OP626114	7/1/22	Western Europe	MPXV/Germany/2022/RKI476
125	ON682267	5/1/22	Western Europe	MPXV/Germany/2022/RKI010
126	OP764621	6/1/22	Western Europe	MPXV/Germany/2022/RKI563
127	ON803425	5/19/22	North America	MpxV/human/CAN/UN-NML-2853/2022
128	ON803429	5/19/22	North America	MpxV/human/CAN/UN-NML-2873/2022
129	OP378703	6/1/22	North America	MPXV_USA_2022_HI0003
130	OP205114	5/16/22	Western Europe	MPXV_UK_2022_9000152
131	ON929058	7/1/22	Western Europe	MPXV/Germany/2022/RKI071
132	OP580154	6/7/22	North America	MPXV/Human/USA/CA-CDPH-MPX000006/2022
133	ON649724	5/23/22	Southern Europe	Monkeypox/PT0014/2022
134	OP225969	6/1/22	North America	MPXV_USA_2022_IL0025
135	ON649725	5/23/22	Southern Europe	Monkeypox/PT0011/2022
136	ON880539	6/1/22	North America	MpxV/human/CAN/UN-NML-3339/2022
137	ON755040	5/20/22	Western Europe	MPXV_IRBA22-14
138	OP205107	6/16/22	Western Europe	MPXV_UK_2022_9000144
139	ON853654	6/1/22	Western Europe	MPXV/Germany/2022/RKI087
140	OP382482	7/4/22	Western Europe	hMPXV-IHU00005
141	OP451004	6/1/22	North America	MPXV_USA_2022_MN0005
142	ON880516	6/2/22	North America	MpxV/human/CAN/UN-NML-3472/2022
143	ON959131	5/1/22	North America	MPXV_USA_2022_IL001
144	OP351282	7/19/22	North America	MPXV22/human/USA-OK-67
145	OP626113	7/1/22	Western Europe	MPXV/Germany/2022/RKI475
146	OP415196	3/24/22	Western Europe	MPX_96X1Vd_9000218
147	ON803441	5/23/22	North America	MpxV/human/CAN/UN-NML-2955/2022
148	ON649719	5/23/22	Southern Europe	Monkeypox/PT0012/2022
149	ON880422	5/27/22	Western Europe	MPX/UZ_REGA_6/Belgium/2022
150	ON880421	5/27/22	Western Europe	MPX/UZ_REGA_5/Belgium/2022
151	ON843177	6/2/22	Southern Europe	Monkeypox/PT0047/2022
152	ON631241	5/24/22	Central Europe	2022/2 SLO
153	OP205139	5/25/22	Western Europe	MPXV_UK_2022_9000090
154	ON803424	5/19/22	North America	MpxV/human/CAN/UN-NML-2852/2022
155	OP415195	3/24/22	Western Europe	MPX_96X1Vd_9000217
156	ON803437	5/20/22	North America	MpxV/human/CAN/UN-NML-2896/2022
157	ON563414	5/1/22	North America	MPXV_USA_2022_MA001
158	ON853679	6/1/22	Western Europe	MPXV/Germany/2022/RKI077
159	OP205104	7/6/22	Western Europe	MPXV_UK_2022_9000140
160	ON676705	5/27/22	North America	MPXV_USA_2022_UT001
161	OP920698	11/2/22	North America	MPXV/Human/USA/CA-LACPHL-MA00360/2022
162	ON803434	5/20/22	North America	MpxV/human/CAN/UN-NML-2886/2022
163	OQ148466	9/13/22	South America	LBMB-UTP_MP-009_TOL
164	OP205129	6/30/22	Western Europe	MPXV_UK_2022_9000184
165	OP680506	10/4/22	North America	Monkeypox virus/Human/USA/CA-LACPHL-MA00228/2022
166	OP415184	7/31/22	Western Europe	MPX_h9DUQg_9000203
167	OP890532	9/30/22	North America	MPXV/Human/USA/CA-LACPHL-MA00298/2022
168	OP605584	8/31/22	Central Europe	Slovenia-MPXV-43-2022
169	ON843173	5/27/22	Southern Europe	Monkeypox/PT0029/2022
170	OP415194	3/24/22	Western Europe	MPX_96X1Vd_9000216
171	OP837355	10/1/22	Western Europe	MPXV/Germany/2022/RKI593
172	OP257261	8/31/22	North America	MpxV/human/USA/WA-UW-084325/2022
173	OP205124	5/26/22	Western Europe	MPXV_UK_2022_9000173
174	OP324543	6/21/22	Southern Europe	Monkeypox/PT0235/2022
175	OP414382	5/22/22	Southern Europe	Monkeypox/PT0355/2022
176	OP185715	5/27/22	North America	MPXV_USA_2022_CO0002
177	OP415281	8/1/22	Western Europe	MPX_hSAaEl_9000356
178	OP536683	6/1/22	North America	MPXV-USA-IL-IDPH-022
179	OP019275	6/10/22	Western Europe	hMPXV/Austria/MUW1525179/2022
180	OP743358	5/21/22	North America	MPXV/Human/USA/UT-UPHL-82200023/2022
181	OP727823	10/9/22	Western Europe	PrEV_case_4
182	OP689665	10/1/22	Western Europe	MPXV/Germany/2022/ON/RKI512
183	OP597794	7/21/22	North America	MN-MDH-MPXV_0020
184	OP555480	7/12/22	Southern Europe	Monkeypox/PT0384/2022
185	OP414349	6/6/22	Southern Europe	Monkeypox/PT0317/2022
186	OP715833	6/1/22	Western Europe	MPXV/Germany/2022/RKI553
187	OP536675	7/5/22	North America	MPXV-USA-IL-IDPH-014
188	OP382490	7/20/22	Western Europe	hMPXV-IHU00013
189	OP062230	6/22/22	North America	MpxV/human/CAN/UN-NML-3864/2022
190	OP414364	5/27/22	Southern Europe	Monkeypox/PT0333/2022
191	OP270028	7/7/22	North America	MpxV/human/CAN/UN-NML-4038/2022
192	OP013013	6/10/22	North America	MpxV/human/CAN/UN-NML-3658/2022
193	ON880524	5/26/22	North America	MpxV/human/CAN/UN-NML-3080/2022
194	OP743969	9/30/22	North America	MpxV/human/USA/WA-UW-099881/2022
195	OP382491	7/22/22	Western Europe	hMPXV-IHU00014
196	OP414371	5/26/22	Southern Europe	Monkeypox/PT0342/2022
197	ON843164	5/18/22	Southern Europe	Monkeypox/PT0037/2022
198	ON803426	5/19/22	North America	MpxV/human/CAN/UN-NML-2856/2022
199	OP605554	7/1/22	Central Europe	Slovenia-MPXV-11-2022
200	OP536691	6/14/22	North America	MPXV-USA-IL-IDPH-030
201	ON682269	5/1/22	Western Europe	MPXV/Germany/2022/RKI07
202	ON649708	5/19/22	Southern Europe	Monkeypox/PT0023/2022
203	ON843163	5/13/22	Southern Europe	Monkeypox/PT0048/2022
204	ON622713	5/22/22	Western Europe	MPX/UZ_REGA_2/Belgium/2022
205	OP605580	8/1/22	Central Europe	Slovenia-MPXV-39-2022
206	OP414312	6/15/22	Southern Europe	Monkeypox/PT0272/2022
207	OP295383	7/29/22	South America	INS-MPXV-0016-H1
208	ON803428	5/21/22	North America	MpxV/human/CAN/UN-NML-2869/2022
209	OP205075	6/11/22	Western Europe	MPXV_UK_2022_9000069
210	ON755247	6/30/22	Western Europe	MPXV/Germany/2022/RKI041
211	OP920696	11/5/22	North America	MPXV/Human/USA/CA-LACPHL-MA00358/2022
212	OP587255	6/30/22	North America	MPXV/Human/USA/CA-CDPH-MPX000027/2022
213	OX336004	8/26/22	Central Europe	RNA_1pj42v
214	OP536727	6/28/22	North America	MPXV-USA-IL-IDPH-066
215	OP382495	7/22/22	Western Europe	hMPXV-IHU00018
216	ON622720	5/24/22	Western Europe	MPXV-CH-38156923/2022
217	ON682270	5/1/22	Western Europe	MPXV/Germany/2022/RKI06
218	ON585032	5/17/22	Southern Europe	Monkeypox/PT0004/2022
219	OP414319	6/14/22	Southern Europe	Monkeypox/PT0280/2022
220	OP382483	7/4/22	Western Europe	hMPXV-IHU00006
221	OP642382	9/9/22	South America	ANT-LDSP-ANT-MPX-24812-L
222	OP415191	7/1/22	Western Europe	MPX_IMt4nT_9000212
223	OQ121036	6/23/22	North America	hMpxV/USA/CA-CDPH-1000082/2022
224	OP390199	7/14/22	Western Europe	hMpxV/UK/LMO-034a/2022
225	ON619838	5/31/22	Western Europe	MPXV_UK_2022_4
226	OP605561	7/1/22	Central Europe	Slovenia-MPXV-19-2022
227	OP303793	6/1/22	North America	MPXV_USA_2022_NY0020
228	ON853666	6/1/22	Western Europe	MPXV/Germany/2022/RKI084
229	OP324456	7/8/22	Southern Europe	Monkeypox/PT0133/2022
230	ON853657	6/1/22	Western Europe	MPXV/Germany/2022/RKI071_773ptn
231	ON843169	5/26/22	Southern Europe	Monkeypox/PT0034/2022
232	ON808416	5/15/22	Western Europe	CVR_MPXV1d
233	ON682263	5/1/22	Western Europe	MPXV/Germany/2022/RKI03
234	ON853674	6/1/22	Western Europe	MPXV/Germany/2022/RKI095
235	OP605569	7/31/22	Central Europe	Slovenia-MPXV-27-2022
236	OP205096	6/14/22	Western Europe	MPXV_UK_2022_9000108
237	ON585030	5/15/22	Southern Europe	Monkeypox/PT0002/2022
238	OP539924	8/4/22	North America	MPX/Human/USA/CA-LACPHL-MA00139/2022
239	OP555493	7/15/22	Southern Europe	Monkeypox/PT0397/2022
240	OP245320	7/27/22	Southern Europe	MPX/PT0066/2022
241	OP245306	8/1/22	Southern Europe	MPX/PT0049/2022
242	ON780016	5/19/22	Southern Europe	INMI-Pt3
243	OP689681	7/1/22	Western Europe	MPXV/Germany/2022/RKI528
244	ON622712	5/19/22	Western Europe	MPX/UZ_REGA_1/Belgium/2022
245	OP605575	7/1/22	Central Europe	Slovenia-MPXV-33-2022
246	ON595760	5/19/22	Western Europe	MPXV-CH-38134631/2022
247	OP414336	6/7/22	Southern Europe	Monkeypox/PT0302/2022
248	OP415275	8/31/22	Western Europe	MPX_o3VuSh_9000348
249	OP555530	8/3/22	Southern Europe	Monkeypox/PT0449/2022
250	ON880518	6/8/22	North America	MpxV/human/CAN/UN-NML-3486/2022
251	ON619835	5/1/22	Western Europe	MPXV_UK_2022_1
252	OP339848	8/1/22	Western Europe	MPXV/Germany/2022/RKI291
253	ON880525	5/25/22	North America	MpxV/human/CAN/UN-NML-3086/2022
254	OP605571	7/31/22	Central Europe	Slovenia-MPXV-29-2022
255	OP605573	7/1/22	Central Europe	Slovenia-MPXV-31-2022
256	OP597780	6/29/22	North America	MN-MDH-MPXV_0006
257	OP245322	7/25/22	Southern Europe	MPX/PT0068/2022
258	ON803419	5/14/22	North America	MpxV/human/CAN/UN-NML-2844/2022
259	ON880531	5/29/22	North America	MpxV/human/CAN/UN-NML-3165/2022
260	OP605559	7/1/22	Central Europe	Slovenia-MPXV-17-2022
261	ON843182	5/30/22	Southern Europe	Monkeypox/PT0044/2022
262	ON627808	5/20/22	North America	MPX/human/USA/UT-UPHL-82200022/2022
263	OP890545	10/4/22	North America	MPXV/Human/USA/CA-LACPHL-MA00287/2022
264	OP555500	7/19/22	Southern Europe	Monkeypox/PT0404/2022
265	OP555494	7/15/22	Southern Europe	Monkeypox/PT0398/2022
266	OP324465	7/7/22	Southern Europe	Monkeypox/PT0148/2022
267	OP382478	6/13/22	Western Europe	hMPXV-IHU00001
268	ON682264	5/1/22	Western Europe	MPXV/Germany/2022/RKI05
269	ON880542	5/31/22	North America	MpxV/human/CAN/UN-NML-3348/2022
270	OP693649	7/29/22	South America	ANT_INS_MPX_0039_L
271	ON959158	7/1/22	Western Europe	MPXV/Germany/2022/RKI143
272	OP555657	8/24/22	Southern Europe	Monkeypox/PT0589/2022
273	OP414297	6/19/22	Southern Europe	Monkeypox/PT0256/2022
274	OP245324	7/26/22	Southern Europe	MPX/PT0070/2022
275	OP022171	5/1/22	Western Europe	MPXV_UK_2022_6
276	OP324489	6/30/22	Southern Europe	Monkeypox/PT0174/2022
277	OP324488	6/30/22	Southern Europe	Monkeypox/PT0173/2022
278	OP680509	10/4/22	North America	Monkeypox virus/Human/USA/CA-LACPHL-MA00231/2022
279	OP879762	7/22/22	North America	NJ-MPXV-048
280	OP414375	5/26/22	Southern Europe	Monkeypox/PT0346/2022
281	OP382494	7/22/22	Western Europe	hMPXV-IHU00017
282	OP310062	8/1/22	North America	MpxV/human/USA/WA-UW-089836/2022
283	ON619836	5/31/22	Western Europe	MPXV_UK_2022_2
284	OP382484	7/6/22	Western Europe	hMPXV-IHU00007
285	OP422245	5/30/22	Western Europe	hMPXV-CH-38212023/2022
286	OP605582	8/1/22	Central Europe	Slovenia-MPXV-41-2022
287	OP150926	5/1/22	North America	MPXV_USA_2022_PA001
288	ON808415	5/15/22	Western Europe	CVR_MPXV1c
289	OP414373	5/25/22	Southern Europe	Monkeypox/PT0344/2022
290	ON676704	5/31/22	North America	MPXV_USA_2022_FL002
291	ON614676	5/18/22	Southern Europe	INMI-Pt1
292	OP594208	9/1/22	Western Europe	MPXV/Germany/2022/RKI444
293	OP324541	6/21/22	Southern Europe	Monkeypox/PT0233/2022
294	ON959134	5/27/22	North America	MPXV_USA_2022_NY003
295	OP555648	9/9/22	Southern Europe	Monkeypox/PT0577/2022
296	ON736420	5/31/22	North America	MPX/2022/Canada/AB1
297	OP390202	7/17/22	Western Europe	hMpxV/UK/LMO-040a/2022
298	OP205115	7/7/22	Western Europe	MPXV_UK_2022_9000157
299	OQ121960	10/4/22	North America	hMpxV/Human/USA/IL-RIPHL-MPXV_10016/2022
300	OP257267	8/31/22	North America	MpxV/human/USA/WA-UW-084449/2022
301	OP205123	6/30/22	Western Europe	MPXV_UK_2022_9000167
302	ON755243	6/1/22	Western Europe	MPXV/Germany/2022/RKI037
303	OP837354	10/1/22	Western Europe	MPXV/Germany/2022/RKI592
304	OP764629	10/1/22	Western Europe	MPXV/Germany/2022/RKI571
305	OP414367	5/26/22	Southern Europe	Monkeypox/PT0338/2022
306	OP414320	6/9/22	Southern Europe	Monkeypox/PT0281/2022
307	OP555503	7/25/22	Southern Europe	Monkeypox/PT0409/2022
308	OP414388	6/27/22	Southern Europe	Monkeypox/PT0365/2022
309	OP062232	6/27/22	North America	MpxV/human/CAN/UN-NML-3909/2022
310	OP013016	6/13/22	North America	MpxV/human/CAN/UN-NML-3678/2022
311	OP628440	8/1/22	North America	MpxV/human/USA/WA-UW-080994/2022
312	OP257265	8/31/22	North America	MpxV/human/USA/WA-UW-089183/2022
313	OP555547	8/5/22	Southern Europe	Monkeypox/PT0468/2022
314	OP245343	7/18/22	Southern Europe	MPX/PT0109/2022
315	OP351278	6/14/22	North America	MPXV22/human/USA-OK-21
316	ON880536	5/31/22	North America	MpxV/human/CAN/UN-NML-3272/2022
317	OP324461	7/7/22	Southern Europe	Monkeypox/PT0142/2022
318	OP324464	7/7/22	Southern Europe	Monkeypox/PT0145/2022
319	OP920688	10/11/22	North America	MPXV/Human/USA/CA-LACPHL-MA00350/2022
320	OP587254	7/8/22	North America	MPXV/Human/USA/CA-CDPH-MPX000025/2022
321	OP484674	9/1/22	Western Europe	MPXV/Germany/2022/RKI353
322	OP215204	8/1/22	Western Europe	MPXV/Germany/2022/RKI188
323	OP615327	9/1/22	Western Europe	MPXV/Germany/2022/ON/RKI450
324	OP494263	9/1/22	Western Europe	MPXV/Germany/2022/ON/RKI316
325	OP324514	6/23/22	Southern Europe	Monkeypox/PT0203/2022
326	OP324472	7/6/22	Southern Europe	Monkeypox/PT0155/2022
327	OP920700	10/28/22	North America	MPXV/Human/USA/CA-LACPHL-MA00362/2022
328	OP920695	11/8/22	North America	MPXV/Human/USA/CA-LACPHL-MA00357/2022
329	OP414370	5/27/22	Southern Europe	Monkeypox/PT0341/2022
330	ON585036	5/15/22	Southern Europe	Monkeypox/PT0010/2022
331	OP390197	7/11/22	Western Europe	hMpxV/UK/LMO-032a/2022
332	OP263631	8/1/22	Western Europe	MPXV/Germany/2022/RKI276
333	OP594194	9/1/22	Western Europe	MPXV/Germany/2022/RKI430
334	OP215282	8/1/22	Western Europe	MPXV/Germany/2022/RKI263
335	OP150923	6/1/22	North America	MPXV_USA_2022_CA007
336	ON954773	5/1/22	North America	MPXV_USA_2022_CA002
337	OP555624	8/26/22	Southern Europe	Monkeypox/PT0553/2022
338	OP555626	8/29/22	Southern Europe	Monkeypox/PT0555/2022
339	OP133005	7/5/22	Western Europe	hMPXV/Austria/MUW1531848/2022
340	OP133004	7/11/22	Western Europe	hMPXV/Austria/MUW1533374/2022
341	OP414355	6/4/22	Southern Europe	Monkeypox/PT0323/2022
342	OP414325	6/14/22	Southern Europe	Monkeypox/PT0290/2022
343	OP920678	10/23/22	North America	MPXV/Human/USA/CA-LACPHL-MA00340/2022
344	OP605567	7/31/22	Central Europe	Slovenia-MPXV-25-2022
345	OP484685	9/30/22	Western Europe	MPXV/Germany/2022/RKI364
346	OP215227	8/31/22	Western Europe	MPXV/Germany/2022/RKI242
347	OP555660	9/14/22	Southern Europe	Monkeypox/PT0593/2022
348	OP484688	9/30/22	Western Europe	MPXV/Germany/2022/RKI367
349	OP680489	9/30/22	North America	Monkeypox virus/Human/USA/CA-LACPHL-MA00211/2022
350	OP680496	10/5/22	North America	Monkeypox virus/Human/USA/CA-LACPHL-MA00218/2022
351	ON682268	5/1/22	Western Europe	MPXV/Germany/2022/RKI08
352	ON682266	5/1/22	Western Europe	MPXV/Germany/2022/RKI09
353	OP422340	7/13/22	Western Europe	hMPXV/Austria/MUW1533948/2022
354	OP422343	8/8/22	Western Europe	hMPXV/Austria/MUW1540386/2022
355	OP555647	9/5/22	Southern Europe	Monkeypox/PT0576/2022
356	OP555634	9/5/22	Southern Europe	Monkeypox/PT0563/2022
357	OP696841	7/1/22	Western Europe	MPXV/Germany/2022/RKI338
358	ON803432	5/20/22	North America	MpxV/human/CAN/UN-NML-2884/2022
359	OP205102	7/7/22	Western Europe	MPXV_UK_2022_9000137
360	OX297403	8/9/22	Central Europe	RNA_3bkxty
361	OX261749	7/20/22	Central Europe	RNA_12i2rs
362	OP555653	8/2/22	Southern Europe	Monkeypox/PT0583/2022
363	OP555540	8/4/22	Southern Europe	Monkeypox/PT0459/2022
364	OX291435	7/25/22	Central Europe	RNA_112m5z
365	OX291424	7/25/22	Central Europe	RNA_1js3p9
366	OP013011	6/9/22	North America	MpxV/human/CAN/UN-NML-3611/2022
367	OP013004	6/7/22	North America	MpxV/human/CAN/UN-NML-3518/2022
368	ON568298	5/19/22	Western Europe	MPXV-BY-IMB25241
369	OP215206	8/1/22	Western Europe	MPXV/Germany/2022/RKI243
370	ON927243	6/21/22	Southern Europe	MpxV/Spain/MD-HGUGM-6642566/2022
371	OP205079	6/9/22	Western Europe	MPXV_UK_2022_9000074
372	OP205095	6/13/22	Western Europe	MPXV_UK_2022_9000107
373	ON619837	5/25/22	Western Europe	MPXV_UK_2022_3
374	OP414309	6/15/22	Southern Europe	Monkeypox/PT0269/2022
375	OP324486	7/2/22	Southern Europe	Monkeypox/PT0171/2022
376	OP324466	7/6/22	Southern Europe	Monkeypox/PT0149/2022
377	OP205136	7/4/22	Western Europe	MPXV_UK_2022_9000191
378	OP415185	7/1/22	Western Europe	MPX_wQMHV0_9000204
379	OP324502	6/28/22	Southern Europe	Monkeypox/PT0188/2022
380	OX336038	8/31/22	Central Europe	RNA_28dbof
381	OX291694	8/1/22	Central Europe	RNA_78gxlo
382	OQ121043	11/8/22	North America	hMpxV/USA/CA-CDPH-1000090/2022
383	OP615325	9/1/22	Western Europe	MPXV/Germany/2022/ON/RKI449
384	OX291780	7/25/22	Central Europe	RNA_5kn97x
385	OX291676	8/1/22	Central Europe	RNA_2u1axs
386	OP580156	6/30/22	North America	MPXV/Human/USA/CA-CDPH-MPX000009/2022
387	OP748950	9/7/22	North America	Monkeypox virus/Human/USA/CA-LACPHL-MA00264/2022
388	OP442543	8/17/22	North America	hMPX/Human/USA/CA-LACPHL-MA00067/2022
389	OP373391	9/30/22	Western Europe	MPXV/Germany/2022/RKI333
390	OP415210	7/1/22	Western Europe	MPX_KMgssq_9000236
391	OP415211	7/1/22	Western Europe	MPX_KMgssq_9000237
392	OP414285	6/21/22	Southern Europe	Monkeypox/PT0241/2022
393	OP414341	6/7/22	Southern Europe	Monkeypox/PT0307/2022
394	OP245352	7/13/22	Southern Europe	MPX/PT0119/2022
395	OQ121027	11/6/22	North America	hMpxV/USA/CA-CDPH-1000073/2022
396	OP422342	8/2/22	Western Europe	hMPXV/Austria/MUW1539124/2022
397	OP422341	8/1/22	Western Europe	hMPXV/Austria/MUW1538395/2022
398	OP133007	7/22/22	Western Europe	hMPXV/Austria/MUW1536480/2022
399	OP555613	8/23/22	Southern Europe	Monkeypox/PT0542/2022
400	OP555584	8/16/22	Southern Europe	Monkeypox/PT0512/2022
401	OP594189	9/1/22	Western Europe	MPXV/Germany/2022/RKI425
402	OP484691	9/1/22	Western Europe	MPXV/Germany/2022/RKI370
403	OP484677	9/30/22	Western Europe	MPXV/Germany/2022/RKI356
404	OP605560	7/31/22	Central Europe	Slovenia-MPXV-18-2022
405	OP605574	7/7/22	Central Europe	Slovenia-MPXV-32-2022
406	OP605562	7/31/22	Central Europe	Slovenia-MPXV-20-2022
407	OP555646	9/6/22	Southern Europe	Monkeypox/PT0575/2022
408	OP555642	9/5/22	Southern Europe	Monkeypox/PT0571/2022
409	OP555636	9/5/22	Southern Europe	Monkeypox/PT0565/2022
410	OP555536	8/4/22	Southern Europe	Monkeypox/PT0455/2022
411	OP555555	8/9/22	Southern Europe	Monkeypox/PT0476/2022
412	OP555546	8/5/22	Southern Europe	Monkeypox/PT0467/2022
413	OP689656	8/1/22	Western Europe	MPXV/Germany/2022/ON/RKI503
414	OP680508	10/3/22	North America	Monkeypox virus/Human/USA/CA-LACPHL-MA00230/2022
415	OP680507	10/3/22	North America	Monkeypox virus/Human/USA/CA-LACPHL-MA00229/2022
416	OP415227	8/1/22	Western Europe	MPX_1bN2W6_9000258
417	OP415261	8/1/22	Western Europe	MPX_1bN2W6_9000321
418	OP415263	8/1/22	Western Europe	MPX_1bN2W6_9000324
419	OP022170	5/16/22	Western Europe	MPXV_UK_2022_5
420	OP415266	8/31/22	Western Europe	MPX_ElGfGw_9000328
421	OP205105	6/15/22	Western Europe	MPXV_UK_2022_9000142
422	OP245360	7/12/22	Southern Europe	MPX/PT0127/2022
423	OP324483	7/3/22	Southern Europe	Monkeypox/PT0168/2022
424	OP324460	7/11/22	Southern Europe	Monkeypox/PT0139/2022
425	OP555479	7/12/22	Southern Europe	Monkeypox/PT0383/2022
426	OP555469	7/5/22	Southern Europe	Monkeypox/PT0373/2022
427	OP555541	8/4/22	Southern Europe	Monkeypox/PT0460/2022
428	OP555513	7/31/22	Southern Europe	Monkeypox/PT0426/2022
429	OP881945	9/1/22	North America	MPXV_USA_2022_FL0026
430	OP879742	7/8/22	North America	NJ-MPXV-024
431	OP687939	7/8/22	North America	MPXV_USA_2022_NY0029
432	OP215260	8/31/22	Western Europe	MPXV/Germany/2022/RKI236
433	OQ159029	8/2/22	Western Europe	MPXV/Germany/2022/ON/RKI634
434	OP215271	8/2/22	Western Europe	MPXV/Germany/2022/RKI269
435	OP215209	8/31/22	Western Europe	MPXV/Germany/2022/RKI198
436	OP324459	7/10/22	Southern Europe	Monkeypox/PT0136/2022
437	OP748967	10/18/22	North America	Monkeypox virus/Human/USA/CA-LACPHL-MA00281/2022
438	OP555658	9/13/22	Southern Europe	Monkeypox/PT0591/2022
439	OP642390	9/6/22	South America	ANT-LDSP-ANT-MPX-24387-C
440	OP642419	9/14/22	South America	ANT-LDSP-ANT-MPX-25497E
441	OP642413	9/13/22	South America	ANT-LDSP-ANT-MPX-25341C
442	OP642408	9/13/22	South America	ANT-LDSP-ANT-MPX-25285O
443	OP440599	7/21/22	North America	hMPX/Human/USA/CA-LACPHL-MA00026/2022
444	OP689687	9/1/22	Western Europe	MPXV/Germany/2022/RKI534
445	OQ159034	8/31/22	Western Europe	MPXV/Germany/2022/ON/RKI639
446	OP615334	9/1/22	Western Europe	MPXV/Germany/2022/ON/RKI464
447	OP743367	8/5/22	North America	MPXV/Human/USA/UT-UPHL-82200237/2022
448	OP722513	10/11/22	North America	MPX/Human/USA/CA-LACPHL-MA00254/2022
449	OQ159028	11/1/22	Western Europe	MPXV/Germany/2022/RKI633
450	OQ159054	8/22/22	Western Europe	MPXV/Germany/2022/ON/RKI659
451	OP588284	9/1/22	Western Europe	MPXV/Germany/2022/ON/RKI421
452	OP722494	7/13/22	North America	MPX/Human/USA/CA-LACPHL-MA00235/2022
453	OP303797	6/1/22	North America	MPXV_USA_2022_VA0003
454	OP378710	6/1/22	North America	MPXV_USA_2022_VA0007
455	OP743360	7/8/22	North America	MPXV/Human/USA/UT-UPHL-82200060/2024
456	OP378711	6/1/22	North America	MPXV_USA_2022_VA0008
457	OQ054231	9/1/22	North America	MPXV_USA_2022_PA0010
458	OP890544	10/4/22	North America	MPXV/Human/USA/CA-LACPHL-MA00286/2022
459	OP598104	9/13/22	North America	MPXV/Human/USA/MA-USAFSAM-M0002/2022
460	OP837473	10/25/22	South America	VAC_INS_MPX_1054_L
461	OP819948	10/15/22	South America	VAC_INS_MPX_0952_C
462	OP626118	7/1/22	Western Europe	MPXV/Germany/2022/RKI480
463	OP837334	6/22/22	Western Europe	MPXV/Germany/2022/RKI572
464	OP215284	8/31/22	Western Europe	MPXV/Germany/2022/RKI265
465	OP689659	9/1/22	Western Europe	MPXV/Germany/2022/ON/RKI506
466	OP215231	8/1/22	Western Europe	MPXV/Germany/2022/RKI189
467	OP144215	5/30/22	Western Europe	MPXV/ITM_pt_05/Belgium/30-May-2022
468	OP144213	6/16/22	Western Europe	MPXV/ITM_pt_24/Belgium/16-Jun-2022
469	OP144216	5/30/22	Western Europe	MPXV/ITM_pt_07/Belgium/30-May-2022
470	OP144211	6/1/22	Western Europe	MPXV/ITM_pt_10/Belgium/1-Jun-2022
471	OP144217	6/2/22	Western Europe	MPXV/ITM_pt_09/Belgium/2-Jun-2022
472	OP743984	9/1/22	North America	MpxV/human/USA/WA-UW-090134/2022
473	OP628472	8/1/22	North America	MpxV/human/USA/WA-UW-087291/2022
474	OP747056	9/1/22	North America	MpxV/human/USA/WA-UW-095653/2022
475	OP747062	10/1/22	North America	MpxV/human/USA/WA-UW-106624/2022
476	OP743976	9/2/22	North America	MpxV/human/USA/WA-UW-096136/2022
477	OP270476	8/31/22	Western Europe	MPXV/Germany/2022/RKI287
478	OP536720	7/6/22	North America	MPXV-USA-IL-IDPH-059
479	OP536717	7/9/22	North America	MPXV-USA-IL-IDPH-056
480	OP597781	7/5/22	North America	MN-MDH-MPXV_0007
481	OP820455	8/8/22	North America	hMpxV/Human/USA/IL-RIPHL-MPXV_10006/2022
482	OP390205	7/26/22	Western Europe	hMpxV/UK/LMO-046a/2022
483	OP890552	10/6/22	North America	MPXV/Human/USA/CA-LACPHL-MA00294/2022
484	OP819952	10/13/22	South America	VAC_INS_MPX_0958_L
485	OQ148474	11/15/22	South America	LBMB-UTP_MP-025_VAC
486	OP837471	10/25/22	South America	VAC_INS_MPX_1052_E
487	OP819957	10/12/22	South America	VAC_INS_MPX_0965_HL
488	OP819956	10/12/22	South America	VAC_INS_MPX_0965_EL
489	OP615323	9/1/22	Western Europe	MPXV/Germany/2022/ON/RKI447
490	OP681777	9/30/22	North America	MpxV/human/USA/WA-UW-092113/2022
491	OP628490	9/1/22	North America	MpxV/human/USA/WA-UW-093570/2022
492	OP442566	9/6/22	North America	hMPX/Human/USA/CA-LACPHL-MA00077/2022
493	OP920681	11/10/22	North America	MPXV/Human/USA/CA-LACPHL-MA00343/2022
494	OP748954	9/30/22	North America	Monkeypox virus/Human/USA/CA-LACPHL-MA00268/2022
495	ON853670	6/1/22	Western Europe	MPXV/Germany/2022/RKI090
496	OP837344	6/1/22	Western Europe	MPXV/Germany/2022/RKI582
497	OP764618	6/1/22	Western Europe	MPXV/Germany/2022/RKI560
498	OP626119	7/31/22	Western Europe	MPXV/Germany/2022/RKI481
499	OP594200	9/1/22	Western Europe	MPXV/Germany/2022/RKI436
500	OP339855	8/22/22	Western Europe	MPXV/Germany/2022/RKI298
501	OP626107	7/31/22	Western Europe	MPXV/Germany/2022/RKI469
502	OP215237	8/1/22	Western Europe	MPXV/Germany/2022/RKI195
503	OP215233	8/1/22	Western Europe	MPXV/Germany/2022/RKI191
504	OP524010	9/30/22	Western Europe	MPXV/Germany/2022/RKI408
505	OP689663	10/1/22	Western Europe	MPXV/Germany/2022/ON/RKI510
506	OP615339	9/30/22	Western Europe	MPXV/Germany/2022/ON/RKI462
507	ON880544	6/2/22	North America	MpxV/human/CAN/UN-NML-3363/2022
508	ON880545	6/2/22	North America	MpxV/human/CAN/UN-NML-3366/2022
509	ON880547	6/3/22	North America	MpxV/human/CAN/UN-NML-3441/2022
510	OP013001	5/14/22	North America	MpxV/human/CAN/UN-NML-2831/2022
511	ON803423	5/19/22	North America	MpxV/human/CAN/UN-NML-2851/2022
512	OP013002	5/29/22	North America	MpxV/human/CAN/UN-NML-3164/2022
513	ON880523	5/20/22	North America	MpxV/human/CAN/UN-NML-2898/2022
514	ON880548	6/3/22	North America	MpxV/human/CAN/UN-NML-3448/2022
515	OP378701	6/30/22	North America	MPXV_USA_2022_NY0028
516	OP270022	7/4/22	North America	MpxV/human/CAN/UN-NML-3972/2022
517	OP879758	7/21/22	North America	NJ-MPXV-044
518	OP303791	6/19/22	North America	MPXV_USA_2022_NE0001
519	OP303792	7/1/22	North America	MPXV_USA_2022_NE0002
520	OP390179	8/24/22	South America	BOL-UNIMOL-MPX-293015-L
521	OP382485	7/5/22	Western Europe	hMPXV-IHU00008
522	OP205109	6/13/22	Western Europe	MPXV_UK_2022_9000146
523	OP394229	5/14/22	Western Europe	9000220_NCPV_1703
524	OP415277	8/3/22	Western Europe	MPX_znBYiF_9000350
525	OP415213	7/22/22	Western Europe	MPX_UbfBKN_9000239
526	OP415257	8/1/22	Western Europe	MPX_eunRrC_9000312
527	OP415267	8/1/22	Western Europe	MPX_rYdyAi_9000329
528	OP415212	7/22/22	Western Europe	MPX_UbfBKN_9000238
529	OQ172216	9/12/22	Western Europe	MPXV-683B
530	OP555520	8/2/22	Southern Europe	Monkeypox/PT0435/2022
531	OP555512	8/1/22	Southern Europe	Monkeypox/PT0424/2022
532	OP390190	6/21/22	Western Europe	hMpxV/UK/LMO-012a/2022
533	OP748952	9/14/22	North America	Monkeypox virus/Human/USA/CA-LACPHL-MA00266/2022
534	OQ121022	7/14/22	North America	hMpxV/USA/CA-CDPH-1000068/2022
535	OP920684	10/5/22	North America	MPXV/Human/USA/CA-LACPHL-MA00346/2022
536	OP555605	8/23/22	Southern Europe	Monkeypox/PT0534/2022
537	OP555662	9/16/22	Southern Europe	Monkeypox/PT0595/2022
538	OP555645	9/6/22	Southern Europe	Monkeypox/PT0574/2022
539	OP324485	7/3/22	Southern Europe	Monkeypox/PT0170/2022
540	OP414307	6/15/22	Southern Europe	Monkeypox/PT0267/2022
541	OP555567	8/11/22	Southern Europe	Monkeypox/PT0492/2022
542	OP555656	8/16/22	Southern Europe	Monkeypox/PT0588/2022
543	OP555525	8/2/22	Southern Europe	Monkeypox/PT0443/2022
544	OP555651	9/9/22	Southern Europe	Monkeypox/PT0580/2022
545	OP555531	8/4/22	Southern Europe	Monkeypox/PT0450/2022
546	OP555638	9/3/22	Southern Europe	Monkeypox/PT0567/2022
547	OP555649	9/12/22	Southern Europe	Monkeypox/PT0578/2022
548	OP555639	9/2/22	Southern Europe	Monkeypox/PT0568/2022
549	OP580598	8/1/22	North America	hMPX/USA/CA-LACPHL-MA00165/2022
550	OP324453	7/12/22	Southern Europe	Monkeypox/PT0129/2022
551	ON694335	5/25/22	Western Europe	MPXV/Germany/2022/RKI018
552	OP693654	8/23/22	South America	DC_INS_MPX_0722_L
553	OP390175	8/2/22	South America	BOL-UNIMOL-MPX-292803-L
554	OP881932	9/26/22	South America	ANT-LDSP-ANT-MPX-26250
555	OP819950	10/12/22	South America	MET_INS_MPX_0956_C
556	OP623589	8/30/22	South America	BOL-UNIMOL-MPX-293064-O
557	OP959066	9/14/22	South America	CES-UNIMOL-MPX-202203848-L
558	OP623591	9/6/22	South America	BOL-UNIMOL-MPX-293136-L
559	OP623590	9/3/22	South America	BOL-UNIMOL-MPX-293130-L
560	OP494264	9/30/22	Western Europe	MPXV/Germany/2022/ON/RKI375
561	OP764616	6/30/22	Western Europe	MPXV/Germany/2022/RKI558
562	ON959135	5/31/22	North America	MPXV_USA_2022_NY004
563	ON959133	5/15/22	North America	MPXV_USA_2022_NY002
564	ON694342	5/15/22	Western Europe	MPXV/Germany/2022/RKI011
565	OP018604	7/31/22	Western Europe	MPXV/Germany/2022/RKI179
566	ON694330	5/31/22	Western Europe	MPXV/Germany/2022/RKI019
567	OP555644	9/6/22	Southern Europe	Monkeypox/PT0573/2022
568	OP494266	9/1/22	Western Europe	MPXV/Germany/2022/ON/RKI320
569	OP605553	7/6/22	Central Europe	Slovenia-MPXV-10-2022
570	OP382493	7/22/22	Western Europe	hMPXV-IHU00016
571	OP382492	7/22/22	Western Europe	hMPXV-IHU00015
572	OP687938	8/31/22	North America	MPXV_USA_2022_NJ0005
573	OP414362	5/28/22	Southern Europe	Monkeypox/PT0331/2022
574	ON843179	6/2/22	Southern Europe	Monkeypox/PT0039/2022
575	ON880538	6/1/22	North America	MpxV/human/CAN/UN-NML-3336/2022
576	ON585038	5/15/22	Southern Europe	Monkeypox/PT0008/2022
577	OP324544	6/22/22	Southern Europe	Monkeypox/PT0236/2022
578	OP414353	6/4/22	Southern Europe	Monkeypox/PT0321/2022
579	OP324498	6/28/22	Southern Europe	Monkeypox/PT0183/2022
580	OP555506	7/26/22	Southern Europe	Monkeypox/PT0413/2022
581	OP555574	8/12/22	Southern Europe	Monkeypox/PT0500/2022
582	OP555632	8/31/22	Southern Europe	Monkeypox/PT0561/2022
583	OP555607	8/22/22	Southern Europe	Monkeypox/PT0536/2022
584	OP185714	6/30/22	North America	MPXV_USA_2022_CO0003
585	OP390177	8/13/22	South America	ATL-UNIMOL-MPX-292896-L
586	ON803417	5/17/22	North America	MpxV/human/CAN/UN-NML-2836/2022
587	ON880532	5/30/22	North America	MpxV/human/CAN/UN-NML-3253/2022
588	ON880519	5/13/22	North America	MpxV/human/CAN/UN-NML-2833/2022
589	OP279041	6/29/22	North America	MpxV/human/CAN/UN-NML-4125/2022
590	OP279049	7/4/22	North America	MpxV/human/CAN/UN-NML-4119/2022
591	OP279044	7/2/22	North America	MpxV/human/CAN/UN-NML-4142/2022
592	OP279038	6/27/22	North America	MpxV/human/CAN/UN-NML-4114/2022
593	OP279047	7/4/22	North America	MpxV/human/CAN/UN-NML-4152/2022
594	ON880511	5/30/22	North America	MpxV/human/CAN/UN-NML-3214/2022
595	OP279042	6/28/22	North America	MpxV/human/CAN/UN-NML-4138/2022
596	OP279040	7/3/22	North America	MpxV/human/CAN/UN-NML-4122/2022
597	OP019277	7/4/22	Western Europe	hMPXV/Austria/MUW1531254/2022
598	OP279046	7/5/22	North America	MpxV/human/CAN/UN-NML-4150/2022
599	OP062229	6/16/22	North America	MpxV/human/CAN/UN-NML-3817/2022
600	OP270027	7/5/22	North America	MpxV/human/CAN/UN-NML-4024/2022
601	OP013010	6/9/22	North America	MpxV/human/CAN/UN-NML-3607/2022
602	OP270024	7/4/22	North America	MpxV/human/CAN/UN-NML-3976/2022
603	OP270025	7/5/22	North America	MpxV/human/CAN/UN-NML-4014/2022
604	OP062231	6/27/22	North America	MpxV/human/CAN/UN-NML-3907/2022
605	OP013006	6/7/22	North America	MpxV/human/CAN/UN-NML-3542/2022
606	ON880549	6/3/22	North America	MpxV/human/CAN/UN-NML-3450/2022
607	OP270023	7/4/22	North America	MpxV/human/CAN/UN-NML-3975/2022
608	OP062235	6/30/22	North America	MpxV/human/CAN/UN-NML-3934/2022
609	OP270021	7/4/22	North America	MpxV/human/CAN/UN-NML-3971/2022
610	OP226139	7/11/22	North America	MpxV/human/CAN/UN-NML-4050/2022
611	ON622718	5/20/22	Southern Europe	MPXV/ES0001/HUGTiP/2022
612	ON720849	5/27/22	Southern Europe	MpxV/Spain/MD-HGUGM-6532064/2022
613	OP442939	7/31/22	North America	MpxV/human/USA/OH-UW-078962/2022
614	OP681775	9/30/22	North America	MpxV/human/USA/WA-UW-098497/2022
615	OP477452	8/23/22	South America	ANT-LDSP-ANT-MPX-23265-C
616	OP459214	8/30/22	South America	ANT-LDSP-ANT-MPX-23631-L
617	OP390194	7/1/22	Western Europe	hMpxV/UK/LMO-026a/2022
618	OP215232	8/31/22	Western Europe	MPXV/Germany/2022/RKI190
619	OQ159039	8/1/22	Western Europe	MPXV/Germany/2022/ON/RKI644
620	OQ159035	8/1/22	Western Europe	MPXV/Germany/2022/ON/RKI640
621	OP626129	7/7/22	Western Europe	MPXV/Germany/2022/RKI491
622	OP555609	8/23/22	Southern Europe	Monkeypox/PT0538/2022
623	OP484679	9/1/22	Western Europe	MPXV/Germany/2022/RKI358
624	OP018603	7/31/22	Western Europe	MPXV/Germany/2022/RKI178
625	OP837347	6/19/22	Western Europe	MPXV/Germany/2022/RKI585
626	ON929089	7/1/22	Western Europe	MPXV/Germany/2022/RKI134
627	OP615321	9/1/22	Western Europe	MPXV/Germany/2022/ON/RKI445
628	ON755039	5/19/22	Western Europe	MPXV_IRBA22-11
629	OQ121020	7/15/22	North America	hMpxV/USA/CA-CDPH-1000066/2022
630	OP838893	6/21/22	Southern Europe	ID6821
631	OP382481	7/4/22	Western Europe	hMPXV-IHU00004
632	OP270026	7/5/22	North America	MpxV/human/CAN/UN-NML-4017/2022
633	OQ172215	6/7/22	Western Europe	MPXV-1047
634	OP382486	7/7/22	Western Europe	hMPXV-IHU00009
635	OP555622	8/26/22	Southern Europe	Monkeypox/PT0551/2022
636	OQ159056	9/30/22	Western Europe	MPXV/Germany/2022/ON/RKI661
637	OP555643	9/5/22	Southern Europe	Monkeypox/PT0572/2022
638	OP555661	9/15/22	Southern Europe	Monkeypox/PT0594/2022
639	OP555533	8/4/22	Southern Europe	Monkeypox/PT0452/2022
640	OP150925	5/1/22	North America	MPXV_USA_2022_GA001
641	ON780017	5/21/22	Southern Europe	INMI-Pt4
642	ON792322	6/2/22	Western Europe	hMpxV/Switzerland/ZH-UZH-IMV-3ba64538/2022
643	OP358276	8/9/22	Southern Europe	SIC-AOUP-UNIPA_VL_9aug
644	OP555650	9/10/22	Southern Europe	Monkeypox/PT0579/2022
645	OP414288	6/21/22	Southern Europe	Monkeypox/PT0244/2022
646	OP783902	6/8/22	Western Europe	hMPXV-CH-38347314/2022
647	ON959154	7/1/22	Western Europe	MPXV/Germany/2022/RKI137
648	OP303796	6/30/22	North America	MPXV_USA_2022_NY0015
649	ON637939	5/25/22	Western Europe	MPXV/Germany/2022/RKI02
650	OP205094	6/14/22	Western Europe	MPXV_UK_2022_9000106
651	ON959149	7/31/22	Western Europe	MPXV/Germany/2022/RKI140
652	OP415241	7/1/22	Western Europe	MPX_lBTTWI_9000279
653	OP204840	6/10/22	Western Europe	PatientMPXV
654	OP324494	6/30/22	Southern Europe	Monkeypox/PT0179/2022
655	OP205111	6/14/22	Western Europe	MPXV_UK_2022_9000148
656	OP324526	6/24/22	Southern Europe	Monkeypox/PT0216/2022
657	OP205098	7/5/22	Western Europe	MPXV_UK_2022_9000131
658	OP819959	10/11/22	South America	SAN_INS_MPX_0971_L
659	OP837472	10/27/22	South America	CUN_INS_MPX_1053_L
660	OP459211	8/29/22	South America	ANT-LDSP-ANT-MPX-23596-O
661	OP390195	7/7/22	Western Europe	hMpxV/UK/LMO-029a/2022
662	OP693653	8/29/22	South America	DC_INS_MPX_0719_L
663	OP693651	8/23/22	South America	CUN_INS_MPX_0649_C
664	OP693647	8/8/22	South America	DC_INS_MPX_0082_L
665	OQ197862	10/24/22	South America	DC_INS_MPX-1119-H
666	OQ197861	10/20/22	South America	DC_INS_MPX-1118-H
667	OQ148473	11/11/22	South America	LBMB-UTP_MP-021_VAC
668	OP642395	9/7/22	South America	ANT-LDSP-ANT-MPX-24561-E
669	OP642394	9/7/22	South America	ANT-LDSP-ANT-MPX-24537-E
670	OP819953	10/15/22	South America	VAC_INS_MPX_0960_L
671	OP819954	10/15/22	South America	VAC_INS_MPX_0960_C
672	OP837470	10/26/22	South America	VAC_INS_MPX_1050_E
673	OP837481	10/26/22	South America	VAC_INS_MPX_1050_C
674	OQ148468	11/11/22	South America	LBMB-UTP_MP-014_VAC
675	OP819951	10/15/22	South America	VAC_INS_MPX_0957_HO
676	OP819955	10/13/22	South America	VAC_INS_MPX_0962_C
677	OP819949	10/11/22	South America	VAC_INS_MPX_0955_C
678	OQ197863	10/22/22	South America	DC_INS_MPX-1122-H
679	OP642385	9/9/22	South America	ANT-LDSP-ANT-MPX-24910-O
680	OP320552	7/6/22	South America	LIM-INS-012
681	OP837476	9/20/22	South America	DC_INS_MPX_0984_L
682	OP819947	10/14/22	South America	CUN_INS_MPX_0951_C
683	OP320554	7/9/22	South America	LIM-INS-016
684	OP289783	6/27/22	South America	LIM-INS-003
685	OP320553	7/8/22	South America	LIM-INS-013
686	OP415224	8/1/22	Western Europe	MPX_3U0idu_9000254
687	OP693655	9/3/22	South America	CUN_INS_MPX_0748_L
688	OP431402	8/18/22	South America	ANT-LDSP-ANT-MPX-22752-O
689	OP320555	7/9/22	South America	LIM-INS-021
690	OP320551	7/9/22	South America	LIM-INS-018
691	OP320548	7/1/22	South America	LIM-INS008
692	OP320549	7/2/22	South America	LIM-INS-010
693	OP320550	7/9/22	South America	LIM-INS-015
694	OP289782	6/25/22	South America	LIM-INS-001
695	OP642404	9/13/22	South America	ANT-LDSP-ANT-MPX-25258C
696	OP642401	9/12/22	South America	ANT-LDSP-ANT-MPX-24947E
697	OP642380	9/8/22	South America	ANT-LDSP-ANT-MPX-24725-L
698	OP642375	9/7/22	South America	ANT-LDSP-ANT-MPX-24590-C
699	OP863230	10/7/22	North America	hMpxV/USA/CA-CDPH-000056/2022
700	OP863229	10/7/22	North America	hMpxV/USA/CA-CDPH-000055/2022
701	OP390189	6/21/22	Western Europe	hMpxV/UK/LMO-010a/2022
702	OP270029	7/8/22	North America	MpxV/human/CAN/UN-NML-4057/2022
703	ON880515	6/2/22	North America	MpxV/human/CAN/UN-NML-3467/2022
704	OP279033	7/6/22	North America	MpxV/human/CAN/UN-NML-4094/2022
705	ON880507	5/27/22	North America	MpxV/human/CAN/UN-NML-3071/2022
706	OP279035	7/4/22	North America	MpxV/human/CAN/UN-NML-4103/2022
707	ON880514	6/4/22	North America	MpxV/human/CAN/UN-NML-3412/2022
708	ON880510	5/31/22	North America	MpxV/human/CAN/UN-NML-3193/2022
709	ON880513	6/4/22	North America	MpxV/human/CAN/UN-NML-3407/2022
710	ON983167	6/16/22	North America	MpxV/human/CAN/UN-NML-3725/2022
711	ON803413	5/21/22	North America	MpxV/human/CAN/UN-NML-2928/2022
712	ON803414	5/21/22	North America	MpxV/human/CAN/UN-NML-2930/2022
713	OQ121037	6/13/22	North America	hMpxV/USA/CA-CDPH-1000083/2022
714	OP279034	7/4/22	North America	MpxV/human/CAN/UN-NML-4097/2022
715	OP586622	6/6/22	North America	MpxV/human/CAN/UN-NML-3440/2022
716	ON983164	6/9/22	North America	MpxV/human/CAN/UN-NML-3558/2022
717	OP390191	6/24/22	Western Europe	hMpxV/UK/LMO-022a/2022
718	OP390193	6/24/22	Western Europe	hMpxV/UK/LMO-024a/2022
719	OP279045	7/4/22	North America	MpxV/human/CAN/UN-NML-4144/2022
720	OP279037	7/4/22	North America	MpxV/human/CAN/UN-NML-4113/2022
721	OP920682	11/9/22	North America	MPXV/Human/USA/CA-LACPHL-MA00344/2022
722	OQ148469	11/11/22	South America	LBMB-UTP_MP-013_VAC
723	OP597786	7/13/22	North America	MN-MDH-MPXV_0012
724	OP536725	6/27/22	North America	MPXV-USA-IL-IDPH-064
725	OP314960	8/4/22	North America	MPXV22/human/USA-NE-115
726	OP390178	8/20/22	South America	MAG-UNIMOL-MPX-292982-L
727	OP539892	8/22/22	North America	MPX/Human/USA/CA-LACPHL-MA00107/2022
728	OP890530	10/4/22	North America	MPXV/Human/USA/CA-LACPHL-MA00296/2022
729	OP819960	10/17/22	South America	SAN_INS_MPX_0973_L
730	OP693648	8/9/22	South America	DC_INS_MPX_0089_L
731	OP959064	11/17/22	South America	BOL-UNIMOL-MPX-293772-L
732	OP959063	11/15/22	South America	BOL-UNIMOL-MPX-293633-L
733	OP959062	11/11/22	South America	BOL-UNIMOL-MPX-293614-L
734	OP536711	6/24/22	North America	MPXV-USA-IL-IDPH-050
735	OQ148467	9/13/22	South America	LBMB-UTP_MP-010_TOL
736	OQ148464	9/16/22	South America	LBMB-UTP_MP-006_TOL
737	OP587263	7/28/22	North America	MPXV/Human/USA/CA-CDPH-MPX000042/2022
738	OP442555	8/5/22	North America	hMPX/Human/USA/CA-LACPHL-MA00073/2022
739	OP615279	9/13/22	North America	MPX/Human/USA/CA-LACPHL-MA00206/2022
740	OP440605	8/8/22	North America	hMPX/Human/USA/CA-LACPHL-MA00063/2022
741	OP743990	9/30/22	North America	MpxV/human/USA/WA-UW-098408/2022
742	OP743968	9/1/22	North America	MpxV/human/USA/WA-UW-099479/2022
743	OP628478	8/3/22	North America	MpxV/human/USA/WA-UW-087628/2022
744	OP743974	9/1/22	North America	MpxV/human/USA/WA-UW-092407/2022
745	OP628477	8/12/22	North America	MpxV/human/USA/WA-UW-087577/2022
746	OP743993	9/4/22	North America	MpxV/human/USA/WA-UW-094603/2022
747	OP747058	10/1/22	North America	MpxV/human/USA/WA-UW-109000/2022
748	OP392546	8/31/22	North America	MpxV/human/USA/WA-UW-085171/2022
749	OP442539	8/5/22	North America	hMPX/Human/USA/CA-LACPHL-MA00078/2022
750	OP890563	11/9/22	North America	MPXV/Human/USA/CA-LACPHL-MA00335/2022
751	OP890564	11/9/22	North America	MPXV/Human/USA/CA-LACPHL-MA00336/2022
752	OP890561	11/9/22	North America	MPXV/Human/USA/CA-LACPHL-MA00333/2022
753	OP890557	11/9/22	North America	MPXV/Human/USA/CA-LACPHL-MA00329/2022
754	OP890558	11/9/22	North America	MPXV/Human/USA/CA-LACPHL-MA00330/2022
755	OP890569	11/9/22	North America	MPXV/Human/USA/CA-LACPHL-MA00312/2022
756	OP890547	10/4/22	North America	MPXV/Human/USA/CA-LACPHL-MA00289/2022
757	OP890571	11/9/22	North America	MPXV/Human/USA/CA-LACPHL-MA00314/2022
758	OP890562	11/9/22	North America	MPXV/Human/USA/CA-LACPHL-MA00334/2022
759	OP748968	10/13/22	North America	Monkeypox virus/Human/USA/CA-LACPHL-MA00282/2022
760	OP890556	11/9/22	North America	MPXV/Human/USA/CA-LACPHL-MA00328/2022
761	OP890553	11/9/22	North America	MPXV/Human/USA/CA-LACPHL-MA00325/2022
762	OP890573	11/9/22	North America	MPXV/Human/USA/CA-LACPHL-MA00316/2022
763	OP890570	11/9/22	North America	MPXV/Human/USA/CA-LACPHL-MA00313/2022
764	OP890554	11/9/22	North America	MPXV/Human/USA/CA-LACPHL-MA00326/2022
765	OP890572	11/9/22	North America	MPXV/Human/USA/CA-LACPHL-MA00315/2022
766	OP890559	11/9/22	North America	MPXV/Human/USA/CA-LACPHL-MA00331/2022
767	OP748945	10/13/22	North America	Monkeypox virus/Human/USA/CA-LACPHL-MA00259/2022
768	OP890555	11/9/22	North America	MPXV/Human/USA/CA-LACPHL-MA00327/2022
769	OP890575	11/9/22	North America	MPXV/Human/USA/CA-LACPHL-MA00318/2022
770	OP890568	11/9/22	North America	MPXV/Human/USA/CA-LACPHL-MA00311/2022
771	OP890565	11/9/22	North America	MPXV/Human/USA/CA-LACPHL-MA00308/2022
772	OP890560	11/9/22	North America	MPXV/Human/USA/CA-LACPHL-MA00332/2022
773	OP890577	11/9/22	North America	MPXV/Human/USA/CA-LACPHL-MA00320/2022
774	OP890567	11/9/22	North America	MPXV/Human/USA/CA-LACPHL-MA00310/2022
775	OP890576	11/9/22	North America	MPXV/Human/USA/CA-LACPHL-MA00319/2022
776	OP890574	11/9/22	North America	MPXV/Human/USA/CA-LACPHL-MA00317/2022
777	OP205101	7/7/22	Western Europe	MPXV_UK_2022_9000136
778	OP205081	6/14/22	Western Europe	MPXV_UK_2022_9000078
779	ON843170	5/26/22	Southern Europe	Monkeypox/PT0031/2022
780	OP539901	9/14/22	North America	MPX/Human/USA/CA-LACPHL-MA00116/2022
781	OP303790	6/1/22	North America	MPXV_USA_2022_IL0044
782	OP415183	7/31/22	Western Europe	MPX_Yob5K4_9000202
783	OP205103	7/6/22	Western Europe	MPXV_UK_2022_9000138
784	OP205070	6/6/22	Western Europe	MPXV_UK_2022_9000064
785	OP615340	9/30/22	Western Europe	MPXV/Germany/2022/ON/RKI458
786	OP185712	6/24/22	North America	MPXV_USA_2022_IL0005
787	OP415278	8/4/22	Western Europe	MPX_ev2D41_9000352
788	OQ159037	8/10/22	Western Europe	MPXV/Germany/2022/ON/RKI642
789	OP415272	8/10/22	Western Europe	MPX_bSkpM3_9000334
790	OP415252	8/31/22	Western Europe	MPX_WOcPOH_9000297
791	OQ159026	10/31/22	Western Europe	MPXV/Germany/2022/RKI631
792	ON959172	7/31/22	Western Europe	MPXV/Germany/2022/RKI158
793	ON755255	6/19/22	Western Europe	MPXV/Germany/2022/RKI049
794	OP715817	6/30/22	Western Europe	MPXV/Germany/2022/RKI537
795	ON959153	7/31/22	Western Europe	MPXV/Germany/2022/RKI165
796	OP215210	8/1/22	Western Europe	MPXV/Germany/2022/RKI202
797	OP205071	6/6/22	Western Europe	MPXV_UK_2022_9000065
798	OP727822	10/2/22	Western Europe	PrEV_case_2
799	OP687936	7/8/22	North America	MPXV_USA_2022_NC0009
800	OP743961	8/31/22	North America	MpxV/human/USA/WA-UW-086295/2022
801	OP743366	8/5/22	North America	MPXV/Human/USA/UT-UPHL-82200236/2022
802	OP881948	8/31/22	North America	MPXV_USA_2022_MD0006
803	OP555476	7/13/22	Southern Europe	Monkeypox/PT0380/2022
804	OP415186	6/1/22	Western Europe	MPX_cmjxZM_9000205
805	OP205084	5/30/22	Western Europe	MPXV_UK_2022_9000093
806	OP415230	8/31/22	Western Europe	MPX_dlHLXa_9000261
807	OP415198	7/31/22	Western Europe	MPX_2v76E1_9000222
808	OP415201	7/7/22	Western Europe	MPX_K1dQNt_9000225
809	OP415199	7/7/22	Western Europe	MPX_K1dQNt_9000223
810	OP415222	8/31/22	Western Europe	MPX_12DvO8_9000251
811	OP205097	7/5/22	Western Europe	MPXV_UK_2022_9000130
812	ON720848	5/27/22	Southern Europe	MpxV/Spain/MD-HGUGM-6513479/2022
813	OP450985	6/1/22	North America	MPXV_USA_2022_TX0019
814	OP205110	6/14/22	Western Europe	MPXV_UK_2022_9000147
815	OP215226	8/31/22	Western Europe	MPXV/Germany/2022/RKI241
816	OP531895	7/18/22	North America	B969965re
817	OP382489	7/19/22	Western Europe	hMPXV-IHU00012
818	OQ148472	11/11/22	South America	LBMB-UTP_MP-019_VAC
819	OP431397	8/16/22	South America	ANT-LDSP-ANT-MPX-22607-L
820	OP881936	9/26/22	South America	ANT-LDSP-ANT-MPX-26261O
821	OP881930	9/26/22	South America	ANT-LDSP-ANT-MPX-26237E
822	OP477447	8/22/22	South America	ANT-LDSP-ANT-MPX-23062-L
823	OP295382	7/21/22	South America	INS-MPXV-0015-L1
824	OP881938	9/29/22	South America	ANT-LDSP-ANT-MPX-26318E
825	OP477450	8/23/22	South America	ANT-LDSP-ANT-MPX-23114-C
826	OP477456	8/24/22	South America	ANT-LDSP-ANT-MPX-23315-L
827	OP642386	9/9/22	South America	ANT-LDSP-ANT-MPX-24913-O
828	OP881934	9/26/22	South America	ANT-LDSP-ANT-MPX-26255C
829	OP642388	9/9/22	South America	ANT-LDSP-ANT-MPX-24915-L
830	OP642392	9/7/22	South America	ANT-LDSP-ANT-MPX-24520-O
831	OP477449	8/22/22	South America	ANT-LDSP-ANT-MPX-23110-C
832	OP431395	8/11/22	South America	ANT-LDSP-ANT-MPX-22363-L
833	OP431398	8/17/22	South America	ANT-LDSP-ANT-MPX-22702-C
834	OP431401	8/17/22	South America	ANT-LDSP-ANT-MPX-22769-L
835	OP459216	8/30/22	South America	ANT-LDSP-ANT-MPX-23651-L
836	OP459213	8/30/22	South America	ANT-LDSP-ANT-MPX-23628-C
837	OP642389	9/8/22	South America	ANT-LDSP-ANT-MPX-24709-L
838	OP477444	8/18/22	South America	ANT-LDSP-ANT-MPX-22815-L
839	OP431399	8/17/22	South America	ANT-LDSP-ANT-MPX-22748-C
840	OP477457	8/23/22	South America	ANT-LDSP-ANT-MPX-23266
841	OP642418	9/14/22	South America	ANT-LDSP-ANT-MPX-25458E
842	OP459209	8/29/22	South America	ANT-LDSP-ANT-MPX-23551-O
843	OP881933	9/26/22	South America	ANT-LDSP-ANT-MPX-26252E
844	OP459212	8/29/22	South America	ANT-LDSP-ANT-MPX-23603-O
845	OP459210	8/29/22	South America	ANT-LDSP-ANT-MPX-23553-C
846	OP689664	10/1/22	Western Europe	MPXV/Germany/2022/ON/RKI511
847	OP642398	9/12/22	South America	ANT-LDSP-ANT-MPX-24939C
848	OP959057	11/10/22	South America	SUC-UNIMOL-MPX-293401-L
849	OP819958	10/15/22	South America	QUI_INS_MPX_0967_L
850	OP459218	8/30/22	South America	ANT-LDSP-ANT-MPX-23655-L
851	OP459217	8/30/22	South America	ANT-LDSP-ANT-MPX-23654-O
852	OP693650	8/7/22	South America	ANT_INS_MPX_0024_L
853	OP642381	9/8/22	South America	ANT-LDSP-ANT-MPX-24728-L
854	OP642373	9/8/22	South America	ANT-LDSP-ANT-MPX-24717-L
855	OP642379	9/8/22	South America	ANT-LDSP-ANT-MPX-24713-L
856	OP477455	8/24/22	South America	ANT-LDSP-ANT-MPX-23285-L
857	OP727821	8/27/22	Western Europe	PrEV_case_1
858	OP415270	8/1/22	Western Europe	MPX_LaJWw4_9000332
859	OP414383	5/23/22	Southern Europe	Monkeypox/PT0356/2022
860	OP310065	8/31/22	North America	MpxV/human/USA/WA-UW-088973/2022
861	OP555595	8/18/22	Southern Europe	Monkeypox/PT0524/2022
862	OP555585	8/16/22	Southern Europe	Monkeypox/PT0514/2022
863	ON782055	5/31/22	Southern Europe	MPXV/Spain/HUNSC_ITER_0001b/2022
864	ON755251	6/30/22	Western Europe	MPXV/Germany/2022/RKI045
865	ON754985	6/1/22	Central Europe	MPXV_SI2022_S4
866	ON853661	6/30/22	Western Europe	MPXV/Germany/2022/RKI079
867	OP605568	7/31/22	Central Europe	Slovenia-MPXV-26-2022
868	ON782054	5/31/22	Southern Europe	MPXV/Spain/HUNSC_ITER_0001a/2022
869	ON754984	6/1/22	Central Europe	MPXV_SI2022_S3
870	OP555633	9/1/22	Southern Europe	Monkeypox/PT0562/2022
871	OP392532	8/31/22	North America	MpxV/human/USA/OH-UW-080114/2022
872	OP605564	7/31/22	Central Europe	Slovenia-MPXV-22-2022
873	ON792320	6/1/22	Western Europe	hMpxV/Switzerland/ZH-UZH-IMV-3ba6449f/2022
874	OP205067	5/27/22	Western Europe	MPXV_UK_2022_9000061
875	ON622722	5/22/22	Western Europe	MPXV_FR_HCL0001_2022
876	OX248696	7/4/22	Central Europe	RNA_322pyq
877	OP392540	8/31/22	North America	MpxV/human/USA/WA-UW-082770/2022
878	OP205133	6/29/22	Western Europe	MPXV_UK_2022_9000188
879	OP270477	8/31/22	Western Europe	MPXV/Germany/2022/RKI288
880	OP257262	8/31/22	North America	MpxV/human/USA/WA-UW-087619/2022
881	OP355570	8/1/22	Western Europe	MPXV/Germany/2022/ON/RKI311
882	ON755248	6/1/22	Western Europe	MPXV/Germany/2022/RKI042
883	OP605551	6/1/22	Central Europe	Slovenia-MPXV-08-2022
884	ON838178	6/1/22	Central Europe	SI2022_S7
885	OP604566	8/28/22	North America	MPXV22/human/USA-NE-230
886	OP605552	6/1/22	Central Europe	Slovenia-MPXV-09-2022
887	ON754986	6/1/22	Central Europe	MPXV_SI2022_S5
888	ON754987	5/23/22	Central Europe	MPXV_SI2022_S1_VEROE6
889	ON609725	5/23/22	Central Europe	SLO
890	OP879760	7/22/22	North America	NJ-MPXV-046
891	OP588945	7/31/22	North America	hMpxV/USA/NY-URMC-2207A101/2022
892	ON950045	5/27/22	Western Europe	MPXV/ITM_pt_31/Belgium/27-May-2022
893	OP144214	6/16/22	Western Europe	MPXV/ITM_pt_25/Belgium/16-Jun-2022
894	OP144212	6/10/22	Western Europe	MPXV/ITM_pt_16/Belgium/10-Jun-2022
895	OP890549	10/7/22	North America	MPXV/Human/USA/CA-LACPHL-MA00291/2022
896	OP539923	8/8/22	North America	MPX/Human/USA/CA-LACPHL-MA00138/2022
897	OP920683	10/31/22	North America	MPXV/Human/USA/CA-LACPHL-MA00345/2022
898	OP748966	10/17/22	North America	Monkeypox virus/Human/USA/CA-LACPHL-MA00280/2022
899	OP580596	9/22/22	North America	hMPX/USA/CA-LACPHL-MA00163/2022
900	OP477448	8/22/22	South America	ANT-LDSP-ANT-MPX-23106-L
901	OP605570	7/9/22	Central Europe	Slovenia-MPXV-28-2022
902	OP605578	7/31/22	Central Europe	Slovenia-MPXV-36-2022
903	OP605585	8/1/22	Central Europe	Slovenia-MPXV-44-2022
904	OP605581	8/1/22	Central Europe	Slovenia-MPXV-40-2022
905	OP615330	9/1/22	Western Europe	MPXV/Germany/2022/ON/RKI456
906	OP184764	7/1/22	North America	MpxV/human/USA/WA-UW-074932/2022
907	ON792321	6/2/22	Western Europe	hMpxV/Switzerland/ZH-UZH-IMV-3ba6450e/2022
908	ON813256	6/1/22	Western Europe	MPXV/Germany/2022/RKI059
909	ON694332	5/25/22	Western Europe	MPXV/Germany/2022/RKI023
910	OP555635	9/5/22	Southern Europe	Monkeypox/PT0564/2022
911	ON755238	6/1/22	Western Europe	MPXV/Germany/2022/RKI032
912	OP355564	8/1/22	Western Europe	MPXV/Germany/2022/ON/RKI303
913	ON694333	5/1/22	Western Europe	MPXV/Germany/2022/RKI022
914	OP303785	6/1/22	North America	MPXV_USA_2022_IL0042
915	OP355580	8/1/22	Western Europe	MPXV/Germany/2022/ON/RKI324
916	OP310054	8/31/22	North America	MpxV/human/USA/WA-UW-088213/2022
917	ON929077	7/1/22	Western Europe	MPXV/Germany/2022/RKI122
918	OP390196	7/8/22	Western Europe	hMpxV/UK/LMO-031a/2022
919	OP434519	7/1/22	North America	MpxV/human/USA/WA-UW-074978/2022
920	ON813265	6/1/22	Western Europe	MPXV/Germany/2022/RKI065
921	ON694338	5/1/22	Western Europe	MPXV/Germany/2022/RKI017
922	ON929087	7/1/22	Western Europe	MPXV/Germany/2022/RKI132
923	ON694340	5/1/22	Western Europe	MPXV/Germany/2022/RKI014
924	ON755250	6/1/22	Western Europe	MPXV/Germany/2022/RKI044
925	OP382479	7/1/22	Western Europe	hMPXV-IHU00002
926	ON694329	5/1/22	Western Europe	MPXV/Germany/2022/RKI025
927	OP382488	7/19/22	Western Europe	hMPXV-IHU00011
928	ON694337	5/25/22	Western Europe	MPXV/Germany/2022/RKI020
929	OP555488	7/13/22	Southern Europe	Monkeypox/PT0392/2022
930	OP494257	9/30/22	Western Europe	MPXV/Germany/2022/ON/RKI301
931	OP555659	9/14/22	Southern Europe	Monkeypox/PT0592/2022
932	OP626115	7/8/22	Western Europe	MPXV/Germany/2022/RKI477
933	OP555553	8/8/22	Southern Europe	Monkeypox/PT0474/2022
934	ON929064	7/31/22	Western Europe	MPXV/Germany/2022/RKI106
935	OP484671	9/1/22	Western Europe	MPXV/Germany/2022/RKI350
936	ON694334	5/26/22	Western Europe	MPXV/Germany/2022/RKI021
937	OP215272	8/31/22	Western Europe	MPXV/Germany/2022/RKI253
938	OP415188	6/30/22	Western Europe	MPX_dDDHx_9000207
939	OP594187	9/30/22	Western Europe	MPXV/Germany/2022/RKI423
940	OP523990	9/30/22	Western Europe	MPXV/Germany/2022/RKI388
941	ON694339	5/15/22	Western Europe	MPXV/Germany/2022/RKI016
942	OP764614	6/1/22	Western Europe	MPXV/Germany/2022/RKI556
943	OP019276	6/21/22	Western Europe	hMPXV/Austria/MUW1527495/2022
944	ON755232	6/1/22	Western Europe	MPXV/Germany/2022/RKI026
945	ON808413	5/15/22	Western Europe	CVR_MPXV1a
946	ON694331	5/15/22	Western Europe	MPXV/Germany/2022/RKI015
947	OP689686	7/31/22	Western Europe	MPXV/Germany/2022/RKI532
948	OP626110	7/1/22	Western Europe	MPXV/Germany/2022/RKI472
949	ON637938	5/15/22	Western Europe	MPXV/Germany/2022/RKI01
950	OP390192	6/24/22	Western Europe	hMpxV/UK/LMO-023a/2022
951	OP018599	7/1/22	Western Europe	MPXV/Germany/2022/RKI174
952	ON755240	6/21/22	Western Europe	MPXV/Germany/2022/RKI034
953	OP215255	8/1/22	Western Europe	MPXV/Germany/2022/RKI227
954	OP689684	7/17/22	Western Europe	MPXV/Germany/2022/RKI531
955	OP215212	8/31/22	Western Europe	MPXV/Germany/2022/RKI204
956	OP415276	8/31/22	Western Europe	MPX_KV9qz9_9000349
957	OP245348	7/15/22	Southern Europe	MPX/PT0114/2022
958	OP245321	7/26/22	Southern Europe	MPX/PT0067/2022
959	OP555569	8/15/22	Southern Europe	Monkeypox/PT0494/2022
960	OP555641	9/2/22	Southern Europe	Monkeypox/PT0570/2022
961	OP555627	8/30/22	Southern Europe	Monkeypox/PT0556/2022
962	ON929090	7/31/22	Western Europe	MPXV/Germany/2022/RKI135
963	OP185716	6/1/22	North America	MPXV_USA_2022_CA0005
964	OP415204	7/1/22	Western Europe	MPX_fZLVcc_9000229
965	ON755239	6/30/22	Western Europe	MPXV/Germany/2022/RKI033
966	OP415180	7/1/22	Western Europe	MPX_CJjutN_9000198
967	OP959059	10/27/22	South America	BOL-UNIMOL-MPX-293420-L
968	OP205088	6/9/22	Western Europe	MPXV_UK_2022_9000100
969	ON929079	7/1/22	Western Europe	MPXV/Germany/2022/RKI124
970	OP310046	8/31/22	North America	MpxV/human/USA/WA-UW-083914/2022
971	OP205082	6/15/22	Western Europe	MPXV_UK_2022_9000079
972	OP331334	6/7/22	Western Europe	MPXV_UK_2022_9000060
973	OP205078	6/9/22	Western Europe	MPXV_UK_2022_9000072
974	OP415202	7/1/22	Western Europe	MPX_fZLVcc_9000227
975	OP205138	7/6/22	Western Europe	MPXV_UK_2022_9000195
976	OP150927	5/1/22	North America	MPXV_USA_2022_WA001
977	OP415193	7/1/22	Western Europe	MPX_gOirGi_9000215
978	ON853663	6/1/22	Western Europe	MPXV/Germany/2022/RKI081
979	OP205112	6/14/22	Western Europe	MPXV_UK_2022_9000149
980	OP523982	9/1/22	Western Europe	MPXV/Germany/2022/RKI380
981	OP484668	9/1/22	Western Europe	MPXV/Germany/2022/RKI347
982	ON959167	7/14/22	Western Europe	MPXV/Germany/2022/RKI153
983	OP484665	9/1/22	Western Europe	MPXV/Germany/2022/RKI343
984	ON929074	7/1/22	Western Europe	MPXV/Germany/2022/RKI119
985	OP205089	6/9/22	Western Europe	MPXV_UK_2022_9000101
986	OP390201	7/16/22	Western Europe	hMpxV/UK/LMO-038a/2022
987	OP555557	8/8/22	Southern Europe	Monkeypox/PT0478/2022
988	OP018592	7/31/22	Western Europe	MPXV/Germany/2022/RKI166
989	OP837342	6/30/22	Western Europe	MPXV/Germany/2022/RKI580
990	OP279039	6/28/22	North America	MpxV/human/CAN/UN-NML-4117/2022
991	OP764626	6/30/22	Western Europe	MPXV/Germany/2022/RKI568
992	OP205087	6/9/22	Western Europe	MPXV_UK_2022_9000099
993	OP205080	6/9/22	Western Europe	MPXV_UK_2022_9000076
994	OP205072	6/7/22	Western Europe	MPXV_UK_2022_9000066
995	OP881946	9/30/22	North America	MPXV_USA_2022_FL0027
996	OP536679	7/7/22	North America	MPXV-USA-IL-IDPH-018
997	OP494262	9/30/22	Western Europe	MPXV/Germany/2022/ON/RKI312
998	OP881947	9/1/22	North America	MPXV_USA_2022_LA0002
999	OP920680	10/26/22	North America	MPXV/Human/USA/CA-LACPHL-MA00342/2022
1000	OP480417	8/28/22	North America	hMPXV/USA/NC-UNC-0018/2022
1001	OP205083	5/25/22	Western Europe	MPXV_UK_2022_9000092
1002	OP743967	9/1/22	North America	MpxV/human/USA/WA-UW-092798/2022
1003	OP580597	9/22/22	North America	hMPX/USA/CA-LACPHL-MA00164/2022
1004	OP440534	7/21/22	North America	hMPX/Human/USA/CA-LACPHL-MA00041/2022
1005	OP879737	7/1/22	North America	NJ-MPXV-019-rep2
1006	OP539917	9/9/22	North America	MPX/Human/USA/CA-LACPHL-MA00132/2022
1007	OP920694	10/14/22	North America	MPXV/Human/USA/CA-LACPHL-MA00356/2022
1008	OP205086	6/6/22	Western Europe	MPXV_UK_2022_9000097
1009	OP687947	8/1/22	North America	MPXV_USA_2022_TX0024
1010	OP605583	8/31/22	Central Europe	Slovenia-MPXV-42-2022
1011	OP415234	8/31/22	Western Europe	MPX_L6rBi6_9000265
1012	OP415251	8/31/22	Western Europe	MPX_eobXCZ_9000296
1013	OP881953	9/6/22	North America	MPXV_USA_2022_TX0031
1014	OP890528	11/1/22	North America	MPXV/Human/USA/CA-LACPHL-MA00295/2022
1015	OP539915	9/9/22	North America	MPX/Human/USA/CA-LACPHL-MA00130/2022
1016	OP539912	9/9/22	North America	MPX/Human/USA/CA-LACPHL-MA00127/2022
1017	OP743995	10/2/22	North America	MpxV/human/USA/WA-UW-102951/2022
1018	OP743999	10/2/22	North America	MpxV/human/USA/WA-UW-108943/2022
1019	OP743996	10/2/22	North America	MpxV/human/USA/WA-UW-108647/2022
1020	OQ054228	9/30/22	North America	MPXV_USA_2022_NY0027
1021	OP480406	8/2/22	North America	hMPXV/USA/NC-UNC-0005/2022
1022	OP415228	8/1/22	Western Europe	MPX_UBm6ar_9000259
1023	OP440554	7/26/22	North America	hMPX/Human/USA/CA-LACPHL-MA00058/2022
1024	OP355573	8/1/22	Western Europe	MPXV/Germany/2022/ON/RKI315
1025	OP536735	7/1/22	North America	MPXV-USA-IL-IDPH-074
1026	OP205073	6/8/22	Western Europe	MPXV_UK_2022_9000067
1027	OP959060	10/29/22	South America	BOL-UNIMOL-MPX-293428-L
1028	OP959058	10/27/22	South America	BOL-UNIMOL-MPX-293419-L
1029	OQ159027	11/30/22	Western Europe	MPXV/Germany/2022/RKI632
1030	OP959061	10/11/22	South America	BOL-UNIMOL-MPX-293613-L
1031	OP890537	9/29/22	North America	MPXV/Human/USA/CA-LACPHL-MA00303/2022
1032	OP555625	8/30/22	Southern Europe	Monkeypox/PT0554/2022
1033	OP378694	6/24/22	North America	MPXV_USA_2022_GA0006
1034	OP650030	9/6/22	North America	MPXV22/human/USA-OK-270
1035	OP935996	11/8/22	North America	B1221119
1036	OP935997	11/9/22	North America	B1221120
1037	OP650032	9/7/22	North America	MPXV22/human/USA-OK-277
1038	OP890546	10/4/22	North America	MPXV/Human/USA/CA-LACPHL-MA00288/2022
1039	OP890548	10/2/22	North America	MPXV/Human/USA/CA-LACPHL-MA00290/2022
