location	date	cases
Austria	2022-05-23	1.0
Austria	2022-05-24	0.0
Austria	2022-05-25	0.0
Austria	2022-05-26	0.0
Austria	2022-05-27	0.0
Austria	2022-05-28	0.0
Austria	2022-05-29	0.0
Austria	2022-05-30	0.0
Austria	2022-05-31	0.0
Austria	2022-06-01	0.0
Austria	2022-06-02	0.0
Austria	2022-06-03	0.0
Austria	2022-06-04	0.0
Austria	2022-06-05	0.0
Austria	2022-06-06	0.0
Austria	2022-06-07	0.0
Austria	2022-06-08	0.0
Austria	2022-06-09	0.0
Austria	2022-06-10	0.0
Austria	2022-06-11	0.0
Austria	2022-06-12	0.0
Austria	2022-06-13	3.0
Austria	2022-06-14	0.0
Austria	2022-06-15	0.0
Austria	2022-06-16	0.0
Austria	2022-06-17	7.0
Austria	2022-06-18	0.0
Austria	2022-06-19	0.0
Austria	2022-06-20	0.0
Austria	2022-06-21	0.0
Austria	2022-06-22	1.0
Austria	2022-06-23	0.0
Austria	2022-06-24	8.0
Austria	2022-06-25	0.0
Austria	2022-06-26	0.0
Austria	2022-06-27	0.0
Austria	2022-06-28	0.0
Austria	2022-06-29	0.0
Austria	2022-06-30	0.0
Austria	2022-07-01	17.0
Austria	2022-07-02	0.0
Austria	2022-07-03	0.0
Austria	2022-07-04	0.0
Austria	2022-07-05	0.0
Austria	2022-07-06	0.0
Austria	2022-07-07	0.0
Austria	2022-07-08	0.0
Austria	2022-07-09	0.0
Austria	2022-07-10	25.0
Austria	2022-07-11	0.0
Austria	2022-07-12	1.0
Austria	2022-07-13	0.0
Austria	2022-07-14	6.0
Austria	2022-07-15	5.0
Austria	2022-07-16	0.0
Austria	2022-07-17	0.0
Austria	2022-07-18	9.0
Austria	2022-07-19	5.0
Austria	2022-07-20	0.0
Austria	2022-07-21	3.0
Austria	2022-07-22	0.0
Austria	2022-07-23	0.0
Austria	2022-07-24	0.0
Austria	2022-07-25	8.0
Austria	2022-07-26	12.0
Austria	2022-07-27	0.0
Austria	2022-07-28	4.0
Austria	2022-07-29	3.0
Austria	2022-07-30	0.0
Austria	2022-07-31	0.0
Austria	2022-08-01	6.0
Austria	2022-08-02	11.0
Austria	2022-08-03	0.0
Austria	2022-08-04	10.0
Austria	2022-08-05	9.0
Austria	2022-08-06	0.0
Austria	2022-08-07	0.0
Austria	2022-08-08	7.0
Austria	2022-08-09	14.0
Austria	2022-08-10	0.0
Austria	2022-08-11	11.0
Austria	2022-08-12	8.0
Austria	2022-08-13	0.0
Austria	2022-08-14	5.0
Austria	2022-08-15	0.0
Austria	2022-08-16	11.0
Austria	2022-08-17	6.0
Austria	2022-08-18	1.0
Austria	2022-08-19	0.0
Austria	2022-08-20	0.0
Austria	2022-08-21	0.0
Austria	2022-08-22	1.0
Austria	2022-08-23	13.0
Austria	2022-08-24	3.0
Austria	2022-08-25	16.0
Austria	2022-08-26	8.0
Austria	2022-08-27	0.0
Austria	2022-08-28	0.0
Austria	2022-08-29	0.0
Austria	2022-08-30	7.0
Austria	2022-08-31	0.0
Austria	2022-09-01	6.0
Austria	2022-09-02	0.0
Austria	2022-09-03	0.0
Austria	2022-09-04	2.0
Austria	2022-09-05	0.0
Austria	2022-09-06	5.0
Austria	2022-09-07	5.0
Austria	2022-09-08	1.0
Austria	2022-09-09	0.0
Austria	2022-09-10	0.0
Austria	2022-09-11	2.0
Austria	2022-09-12	0.0
Austria	2022-09-13	6.0
Austria	2022-09-14	6.0
Austria	2022-09-15	2.0
Austria	2022-09-16	1.0
Austria	2022-09-17	0.0
Austria	2022-09-18	0.0
Austria	2022-09-19	0.0
Austria	2022-09-20	3.0
Austria	2022-09-21	0.0
Austria	2022-09-22	3.0
Austria	2022-09-23	0.0
Austria	2022-09-24	0.0
Austria	2022-09-25	0.0
Austria	2022-09-26	2.0
Austria	2022-09-27	0.0
Austria	2022-09-28	1.0
Austria	2022-09-29	3.0
Austria	2022-09-30	0.0
Austria	2022-10-01	0.0
Austria	2022-10-02	0.0
Austria	2022-10-03	1.0
Austria	2022-10-04	0.0
Austria	2022-10-05	1.0
Austria	2022-10-06	0.0
Austria	2022-10-07	2.0
Austria	2022-10-08	0.0
Austria	2022-10-09	0.0
Austria	2022-10-10	0.0
Austria	2022-10-11	0.0
Austria	2022-10-12	3.0
Austria	2022-10-13	0.0
Austria	2022-10-14	0.0
Austria	2022-10-15	0.0
Austria	2022-10-16	0.0
Austria	2022-10-17	1.0
Austria	2022-10-18	0.0
Austria	2022-10-19	2.0
Austria	2022-10-20	0.0
Austria	2022-10-21	0.0
Austria	2022-10-22	0.0
Austria	2022-10-23	0.0
Austria	2022-10-24	0.0
Austria	2022-10-25	0.0
Austria	2022-10-26	0.0
Austria	2022-10-27	0.0
Austria	2022-10-28	0.0
Austria	2022-10-29	0.0
Austria	2022-10-30	0.0
Austria	2022-10-31	0.0
Austria	2022-11-01	0.0
Austria	2022-11-02	0.0
Austria	2022-11-03	0.0
Austria	2022-11-04	2.0
Austria	2022-11-05	0.0
Austria	2022-11-06	0.0
Austria	2022-11-07	0.0
Austria	2022-11-08	0.0
Austria	2022-11-09	0.0
Austria	2022-11-10	0.0
Austria	2022-11-11	0.0
Austria	2022-11-12	0.0
Austria	2022-11-13	0.0
Austria	2022-11-14	0.0
Austria	2022-11-15	0.0
Austria	2022-11-16	0.0
Austria	2022-11-17	0.0
Austria	2022-11-18	1.0
Austria	2022-11-19	0.0
Austria	2022-11-20	0.0
Austria	2022-11-21	0.0
Austria	2022-11-22	0.0
Austria	2022-11-23	0.0
Austria	2022-11-24	0.0
Austria	2022-11-25	0.0
Austria	2022-11-26	0.0
Austria	2022-11-27	0.0
Austria	2022-11-28	0.0
Austria	2022-11-29	0.0
Austria	2022-11-30	0.0
Austria	2022-12-01	0.0
Austria	2022-12-02	1.0
Austria	2022-12-03	0.0
Austria	2022-12-04	0.0
Austria	2022-12-05	0.0
Austria	2022-12-06	0.0
Austria	2022-12-07	0.0
Austria	2022-12-08	0.0
Austria	2022-12-09	0.0
Austria	2022-12-10	0.0
Austria	2022-12-11	0.0
Austria	2022-12-12	0.0
Austria	2022-12-13	0.0
Austria	2022-12-14	0.0
Austria	2022-12-15	0.0
Austria	2022-12-16	0.0
Austria	2022-12-17	0.0
Austria	2022-12-18	0.0
Austria	2022-12-19	0.0
Austria	2022-12-20	0.0
Austria	2022-12-21	0.0
Austria	2022-12-22	0.0
Austria	2022-12-23	0.0
Austria	2022-12-24	0.0
Austria	2022-12-25	0.0
Austria	2022-12-26	0.0
Austria	2022-12-27	0.0
Austria	2022-12-28	0.0
Austria	2022-12-29	0.0
Austria	2022-12-30	0.0
Austria	2022-12-31	0.0
Austria	2023-01-01	0.0
Austria	2023-01-02	0.0
Austria	2023-01-03	0.0
Austria	2023-01-04	0.0
Austria	2023-01-05	0.0
Austria	2023-01-06	0.0
Austria	2023-01-07	0.0
Austria	2023-01-08	0.0
Austria	2023-01-09	0.0
Austria	2023-01-10	0.0
Austria	2023-01-11	0.0
Austria	2023-01-12	0.0
Austria	2023-01-13	0.0
Austria	2023-01-14	0.0
Austria	2023-01-15	0.0
Austria	2023-01-16	0.0
Austria	2023-01-17	0.0
Austria	2023-01-18	0.0
Austria	2023-01-19	0.0
Austria	2023-01-20	0.0
Austria	2023-01-21	0.0
Austria	2023-01-22	0.0
Austria	2023-01-23	0.0
Austria	2023-01-24	0.0
Austria	2023-01-25	0.0
Austria	2023-01-26	0.0
Belgium	2022-05-19	1.0
Belgium	2022-05-20	2.0
Belgium	2022-05-21	0.0
Belgium	2022-05-22	0.0
Belgium	2022-05-23	1.0
Belgium	2022-05-24	0.0
Belgium	2022-05-25	0.0
Belgium	2022-05-26	2.0
Belgium	2022-05-27	0.0
Belgium	2022-05-28	0.0
Belgium	2022-05-29	0.0
Belgium	2022-05-30	0.0
Belgium	2022-05-31	4.0
Belgium	2022-06-01	0.0
Belgium	2022-06-02	4.0
Belgium	2022-06-03	3.0
Belgium	2022-06-04	0.0
Belgium	2022-06-05	0.0
Belgium	2022-06-06	0.0
Belgium	2022-06-07	0.0
Belgium	2022-06-08	0.0
Belgium	2022-06-09	7.0
Belgium	2022-06-10	0.0
Belgium	2022-06-11	0.0
Belgium	2022-06-12	0.0
Belgium	2022-06-13	10.0
Belgium	2022-06-14	0.0
Belgium	2022-06-15	18.0
Belgium	2022-06-16	0.0
Belgium	2022-06-17	10.0
Belgium	2022-06-18	0.0
Belgium	2022-06-19	0.0
Belgium	2022-06-20	0.0
Belgium	2022-06-21	15.0
Belgium	2022-06-22	0.0
Belgium	2022-06-23	0.0
Belgium	2022-06-24	0.0
Belgium	2022-06-25	0.0
Belgium	2022-06-26	0.0
Belgium	2022-06-27	0.0
Belgium	2022-06-28	40.0
Belgium	2022-06-29	0.0
Belgium	2022-06-30	0.0
Belgium	2022-07-01	0.0
Belgium	2022-07-02	0.0
Belgium	2022-07-03	0.0
Belgium	2022-07-04	0.0
Belgium	2022-07-05	51.0
Belgium	2022-07-06	1.0
Belgium	2022-07-07	0.0
Belgium	2022-07-08	0.0
Belgium	2022-07-09	0.0
Belgium	2022-07-10	0.0
Belgium	2022-07-11	0.0
Belgium	2022-07-12	56.0
Belgium	2022-07-13	0.0
Belgium	2022-07-14	0.0
Belgium	2022-07-15	0.0
Belgium	2022-07-16	0.0
Belgium	2022-07-17	0.0
Belgium	2022-07-18	0.0
Belgium	2022-07-19	87.0
Belgium	2022-07-20	0.0
Belgium	2022-07-21	0.0
Belgium	2022-07-22	0.0
Belgium	2022-07-23	0.0
Belgium	2022-07-24	0.0
Belgium	2022-07-25	0.0
Belgium	2022-07-26	81.0
Belgium	2022-07-27	0.0
Belgium	2022-07-28	0.0
Belgium	2022-07-29	0.0
Belgium	2022-07-30	0.0
Belgium	2022-07-31	0.0
Belgium	2022-08-01	0.0
Belgium	2022-08-02	89.0
Belgium	2022-08-03	0.0
Belgium	2022-08-04	0.0
Belgium	2022-08-05	0.0
Belgium	2022-08-06	0.0
Belgium	2022-08-07	0.0
Belgium	2022-08-08	0.0
Belgium	2022-08-09	64.0
Belgium	2022-08-10	0.0
Belgium	2022-08-11	0.0
Belgium	2022-08-12	0.0
Belgium	2022-08-13	0.0
Belgium	2022-08-14	0.0
Belgium	2022-08-15	0.0
Belgium	2022-08-16	0.0
Belgium	2022-08-17	78.0
Belgium	2022-08-18	0.0
Belgium	2022-08-19	0.0
Belgium	2022-08-20	0.0
Belgium	2022-08-21	0.0
Belgium	2022-08-22	0.0
Belgium	2022-08-23	47.0
Belgium	2022-08-24	0.0
Belgium	2022-08-25	0.0
Belgium	2022-08-26	0.0
Belgium	2022-08-27	0.0
Belgium	2022-08-28	0.0
Belgium	2022-08-29	0.0
Belgium	2022-08-30	35.0
Belgium	2022-08-31	0.0
Belgium	2022-09-01	0.0
Belgium	2022-09-02	0.0
Belgium	2022-09-03	0.0
Belgium	2022-09-04	0.0
Belgium	2022-09-05	0.0
Belgium	2022-09-06	20.0
Belgium	2022-09-07	0.0
Belgium	2022-09-08	0.0
Belgium	2022-09-09	0.0
Belgium	2022-09-10	0.0
Belgium	2022-09-11	0.0
Belgium	2022-09-12	0.0
Belgium	2022-09-13	18.0
Belgium	2022-09-14	0.0
Belgium	2022-09-15	0.0
Belgium	2022-09-16	0.0
Belgium	2022-09-17	0.0
Belgium	2022-09-18	0.0
Belgium	2022-09-19	0.0
Belgium	2022-09-20	13.0
Belgium	2022-09-21	0.0
Belgium	2022-09-22	0.0
Belgium	2022-09-23	0.0
Belgium	2022-09-24	0.0
Belgium	2022-09-25	0.0
Belgium	2022-09-26	0.0
Belgium	2022-09-27	13.0
Belgium	2022-09-28	0.0
Belgium	2022-09-29	0.0
Belgium	2022-09-30	0.0
Belgium	2022-10-01	0.0
Belgium	2022-10-02	0.0
Belgium	2022-10-03	0.0
Belgium	2022-10-04	5.0
Belgium	2022-10-05	0.0
Belgium	2022-10-06	0.0
Belgium	2022-10-07	0.0
Belgium	2022-10-08	0.0
Belgium	2022-10-09	0.0
Belgium	2022-10-10	0.0
Belgium	2022-10-11	3.0
Belgium	2022-10-12	1.0
Belgium	2022-10-13	0.0
Belgium	2022-10-14	0.0
Belgium	2022-10-15	0.0
Belgium	2022-10-16	0.0
Belgium	2022-10-17	0.0
Belgium	2022-10-18	0.0
Belgium	2022-10-19	5.0
Belgium	2022-10-20	1.0
Belgium	2022-10-21	0.0
Belgium	2022-10-22	0.0
Belgium	2022-10-23	0.0
Belgium	2022-10-24	0.0
Belgium	2022-10-25	0.0
Belgium	2022-10-26	0.0
Belgium	2022-10-27	0.0
Belgium	2022-10-28	0.0
Belgium	2022-10-29	0.0
Belgium	2022-10-30	0.0
Belgium	2022-10-31	0.0
Belgium	2022-11-01	0.0
Belgium	2022-11-02	0.0
Belgium	2022-11-03	0.0
Belgium	2022-11-04	0.0
Belgium	2022-11-05	0.0
Belgium	2022-11-06	0.0
Belgium	2022-11-07	0.0
Belgium	2022-11-08	0.0
Belgium	2022-11-09	0.0
Belgium	2022-11-10	0.0
Belgium	2022-11-11	0.0
Belgium	2022-11-12	0.0
Belgium	2022-11-13	0.0
Belgium	2022-11-14	0.0
Belgium	2022-11-15	1.0
Belgium	2022-11-16	0.0
Belgium	2022-11-17	0.0
Belgium	2022-11-18	0.0
Belgium	2022-11-19	0.0
Belgium	2022-11-20	0.0
Belgium	2022-11-21	0.0
Belgium	2022-11-22	3.0
Belgium	2022-11-23	0.0
Belgium	2022-11-24	0.0
Belgium	2022-11-25	0.0
Belgium	2022-11-26	0.0
Belgium	2022-11-27	0.0
Belgium	2022-11-28	0.0
Belgium	2022-11-29	0.0
Belgium	2022-11-30	0.0
Belgium	2022-12-01	0.0
Belgium	2022-12-02	0.0
Belgium	2022-12-03	0.0
Belgium	2022-12-04	0.0
Belgium	2022-12-05	0.0
Belgium	2022-12-06	1.0
Belgium	2022-12-07	0.0
Belgium	2022-12-08	0.0
Belgium	2022-12-09	0.0
Belgium	2022-12-10	0.0
Belgium	2022-12-11	0.0
Belgium	2022-12-12	0.0
Belgium	2022-12-13	0.0
Belgium	2022-12-14	0.0
Belgium	2022-12-15	0.0
Belgium	2022-12-16	0.0
Belgium	2022-12-17	0.0
Belgium	2022-12-18	0.0
Belgium	2022-12-19	0.0
Belgium	2022-12-20	0.0
Belgium	2022-12-21	0.0
Belgium	2022-12-22	0.0
Belgium	2022-12-23	0.0
Belgium	2022-12-24	0.0
Belgium	2022-12-25	0.0
Belgium	2022-12-26	0.0
Belgium	2022-12-27	0.0
Belgium	2022-12-28	0.0
Belgium	2022-12-29	0.0
Belgium	2022-12-30	0.0
Belgium	2022-12-31	0.0
Belgium	2023-01-01	0.0
Belgium	2023-01-02	0.0
Belgium	2023-01-03	0.0
Belgium	2023-01-04	0.0
Belgium	2023-01-05	0.0
Belgium	2023-01-06	0.0
Belgium	2023-01-07	0.0
Belgium	2023-01-08	0.0
Belgium	2023-01-09	0.0
Belgium	2023-01-10	0.0
Belgium	2023-01-11	0.0
Belgium	2023-01-12	0.0
Belgium	2023-01-13	0.0
Belgium	2023-01-14	0.0
Belgium	2023-01-15	0.0
Belgium	2023-01-16	0.0
Belgium	2023-01-17	0.0
Belgium	2023-01-18	0.0
Belgium	2023-01-19	0.0
Belgium	2023-01-20	0.0
Belgium	2023-01-21	0.0
Belgium	2023-01-22	0.0
Belgium	2023-01-23	0.0
Belgium	2023-01-24	0.0
Belgium	2023-01-25	0.0
Belgium	2023-01-26	0.0
Canada	2022-06-03	57.0
Canada	2022-06-04	20.0
Canada	2022-06-05	0.0
Canada	2022-06-06	0.0
Canada	2022-06-07	0.0
Canada	2022-06-08	4.0
Canada	2022-06-09	20.0
Canada	2022-06-10	9.0
Canada	2022-06-11	2.0
Canada	2022-06-12	0.0
Canada	2022-06-13	0.0
Canada	2022-06-14	0.0
Canada	2022-06-15	42.0
Canada	2022-06-16	5.0
Canada	2022-06-17	9.0
Canada	2022-06-18	1.0
Canada	2022-06-19	8.0
Canada	2022-06-20	0.0
Canada	2022-06-21	0.0
Canada	2022-06-22	3.0
Canada	2022-06-23	31.0
Canada	2022-06-24	13.0
Canada	2022-06-25	11.0
Canada	2022-06-26	0.0
Canada	2022-06-27	0.0
Canada	2022-06-28	1.0
Canada	2022-06-29	39.0
Canada	2022-06-30	3.0
Canada	2022-07-01	9.0
Canada	2022-07-02	0.0
Canada	2022-07-03	0.0
Canada	2022-07-04	0.0
Canada	2022-07-05	13.0
Canada	2022-07-06	58.0
Canada	2022-07-07	0.0
Canada	2022-07-08	12.0
Canada	2022-07-09	5.0
Canada	2022-07-10	0.0
Canada	2022-07-11	0.0
Canada	2022-07-12	0.0
Canada	2022-07-13	102.0
Canada	2022-07-14	0.0
Canada	2022-07-15	15.0
Canada	2022-07-16	47.0
Canada	2022-07-17	0.0
Canada	2022-07-18	0.0
Canada	2022-07-19	0.0
Canada	2022-07-20	65.0
Canada	2022-07-21	0.0
Canada	2022-07-22	11.0
Canada	2022-07-23	66.0
Canada	2022-07-24	0.0
Canada	2022-07-25	0.0
Canada	2022-07-26	0.0
Canada	2022-07-27	63.0
Canada	2022-07-28	1.0
Canada	2022-07-29	16.0
Canada	2022-07-30	42.0
Canada	2022-07-31	0.0
Canada	2022-08-01	0.0
Canada	2022-08-02	0.0
Canada	2022-08-03	0.0
Canada	2022-08-04	87.0
Canada	2022-08-05	0.0
Canada	2022-08-06	67.0
Canada	2022-08-07	0.0
Canada	2022-08-08	0.0
Canada	2022-08-09	0.0
Canada	2022-08-10	33.0
Canada	2022-08-11	18.0
Canada	2022-08-12	4.0
Canada	2022-08-13	47.0
Canada	2022-08-14	0.0
Canada	2022-08-15	0.0
Canada	2022-08-16	0.0
Canada	2022-08-17	0.0
Canada	2022-08-18	32.0
Canada	2022-08-19	21.0
Canada	2022-08-20	56.0
Canada	2022-08-21	0.0
Canada	2022-08-22	0.0
Canada	2022-08-23	0.0
Canada	2022-08-24	0.0
Canada	2022-08-25	38.0
Canada	2022-08-26	0.0
Canada	2022-08-27	22.0
Canada	2022-08-28	0.0
Canada	2022-08-29	0.0
Canada	2022-08-30	0.0
Canada	2022-08-31	0.0
Canada	2022-09-01	0.0
Canada	2022-09-02	23.0
Canada	2022-09-03	38.0
Canada	2022-09-04	0.0
Canada	2022-09-05	0.0
Canada	2022-09-06	0.0
Canada	2022-09-07	0.0
Canada	2022-09-08	28.0
Canada	2022-09-09	0.0
Canada	2022-09-10	4.0
Canada	2022-09-11	0.0
Canada	2022-09-12	0.0
Canada	2022-09-13	0.0
Canada	2022-09-14	0.0
Canada	2022-09-15	17.0
Canada	2022-09-16	0.0
Canada	2022-09-17	25.0
Canada	2022-09-18	0.0
Canada	2022-09-19	0.0
Canada	2022-09-20	0.0
Canada	2022-09-21	0.0
Canada	2022-09-22	16.0
Canada	2022-09-23	0.0
Canada	2022-09-24	10.0
Canada	2022-09-25	0.0
Canada	2022-09-26	0.0
Canada	2022-09-27	0.0
Canada	2022-09-28	0.0
Canada	2022-09-29	7.0
Canada	2022-09-30	0.0
Canada	2022-10-01	0.0
Canada	2022-10-02	0.0
Canada	2022-10-03	0.0
Canada	2022-10-04	4.0
Canada	2022-10-05	0.0
Canada	2022-10-06	0.0
Canada	2022-10-07	6.0
Canada	2022-10-08	4.0
Canada	2022-10-09	0.0
Canada	2022-10-10	0.0
Canada	2022-10-11	0.0
Canada	2022-10-12	0.0
Canada	2022-10-13	0.0
Canada	2022-10-14	0.0
Canada	2022-10-15	0.0
Canada	2022-10-16	0.0
Canada	2022-10-17	0.0
Canada	2022-10-18	0.0
Canada	2022-10-19	0.0
Canada	2022-10-20	0.0
Canada	2022-10-21	0.0
Canada	2022-10-22	25.0
Canada	2022-10-23	0.0
Canada	2022-10-24	0.0
Canada	2022-10-25	0.0
Canada	2022-10-26	0.0
Canada	2022-10-27	0.0
Canada	2022-10-28	0.0
Canada	2022-10-29	0.0
Canada	2022-10-30	0.0
Canada	2022-10-31	0.0
Canada	2022-11-01	0.0
Canada	2022-11-02	0.0
Canada	2022-11-03	0.0
Canada	2022-11-04	0.0
Canada	2022-11-05	9.0
Canada	2022-11-06	0.0
Canada	2022-11-07	0.0
Canada	2022-11-08	0.0
Canada	2022-11-09	0.0
Canada	2022-11-10	0.0
Canada	2022-11-11	0.0
Canada	2022-11-12	0.0
Canada	2022-11-13	0.0
Canada	2022-11-14	0.0
Canada	2022-11-15	0.0
Canada	2022-11-16	1.0
Canada	2022-11-17	0.0
Canada	2022-11-18	0.0
Canada	2022-11-19	4.0
Canada	2022-11-20	0.0
Canada	2022-11-21	0.0
Canada	2022-11-22	0.0
Canada	2022-11-23	0.0
Canada	2022-11-24	0.0
Canada	2022-11-25	0.0
Canada	2022-11-26	0.0
Canada	2022-11-27	0.0
Canada	2022-11-28	0.0
Canada	2022-11-29	7.0
Canada	2022-11-30	0.0
Canada	2022-12-01	0.0
Canada	2022-12-02	0.0
Canada	2022-12-03	0.0
Canada	2022-12-04	0.0
Canada	2022-12-05	0.0
Canada	2022-12-06	3.0
Canada	2022-12-07	0.0
Canada	2022-12-08	0.0
Canada	2022-12-09	0.0
Canada	2022-12-10	0.0
Canada	2022-12-11	0.0
Canada	2022-12-12	0.0
Canada	2022-12-13	0.0
Canada	2022-12-14	0.0
Canada	2022-12-15	0.0
Canada	2022-12-16	0.0
Canada	2022-12-17	0.0
Canada	2022-12-18	0.0
Canada	2022-12-19	0.0
Canada	2022-12-20	0.0
Canada	2022-12-21	0.0
Canada	2022-12-22	0.0
Canada	2022-12-23	0.0
Canada	2022-12-24	1.0
Canada	2022-12-25	0.0
Canada	2022-12-26	0.0
Canada	2022-12-27	0.0
Canada	2022-12-28	0.0
Canada	2022-12-29	0.0
Canada	2022-12-30	0.0
Canada	2022-12-31	0.0
Canada	2023-01-01	0.0
Canada	2023-01-02	0.0
Canada	2023-01-03	0.0
Canada	2023-01-04	0.0
Canada	2023-01-05	0.0
Canada	2023-01-06	0.0
Canada	2023-01-07	0.0
Canada	2023-01-08	0.0
Canada	2023-01-09	0.0
Canada	2023-01-10	0.0
Canada	2023-01-11	0.0
Canada	2023-01-12	0.0
Canada	2023-01-13	0.0
Canada	2023-01-14	0.0
Canada	2023-01-15	0.0
Canada	2023-01-16	0.0
Canada	2023-01-17	0.0
Canada	2023-01-18	0.0
Canada	2023-01-19	0.0
Canada	2023-01-20	0.0
Canada	2023-01-21	0.0
Canada	2023-01-22	0.0
Canada	2023-01-23	0.0
Canada	2023-01-24	0.0
Canada	2023-01-25	0.0
Canada	2023-01-26	0.0
Colombia	2022-06-25	3.0
Colombia	2022-06-26	0.0
Colombia	2022-06-27	0.0
Colombia	2022-06-28	0.0
Colombia	2022-06-29	0.0
Colombia	2022-06-30	0.0
Colombia	2022-07-01	0.0
Colombia	2022-07-02	0.0
Colombia	2022-07-03	2.0
Colombia	2022-07-04	0.0
Colombia	2022-07-05	0.0
Colombia	2022-07-06	0.0
Colombia	2022-07-07	0.0
Colombia	2022-07-08	0.0
Colombia	2022-07-09	1.0
Colombia	2022-07-10	0.0
Colombia	2022-07-11	0.0
Colombia	2022-07-12	0.0
Colombia	2022-07-13	1.0
Colombia	2022-07-14	0.0
Colombia	2022-07-15	0.0
Colombia	2022-07-16	0.0
Colombia	2022-07-17	0.0
Colombia	2022-07-18	0.0
Colombia	2022-07-19	0.0
Colombia	2022-07-20	0.0
Colombia	2022-07-21	3.0
Colombia	2022-07-22	0.0
Colombia	2022-07-23	0.0
Colombia	2022-07-24	2.0
Colombia	2022-07-25	0.0
Colombia	2022-07-26	0.0
Colombia	2022-07-27	0.0
Colombia	2022-07-28	0.0
Colombia	2022-07-29	0.0
Colombia	2022-07-30	0.0
Colombia	2022-07-31	0.0
Colombia	2022-08-01	4.0
Colombia	2022-08-02	0.0
Colombia	2022-08-03	4.0
Colombia	2022-08-04	0.0
Colombia	2022-08-05	0.0
Colombia	2022-08-06	2.0
Colombia	2022-08-07	21.0
Colombia	2022-08-08	1.0
Colombia	2022-08-09	11.0
Colombia	2022-08-10	0.0
Colombia	2022-08-11	0.0
Colombia	2022-08-12	0.0
Colombia	2022-08-13	29.0
Colombia	2022-08-14	0.0
Colombia	2022-08-15	28.0
Colombia	2022-08-16	17.0
Colombia	2022-08-17	0.0
Colombia	2022-08-18	0.0
Colombia	2022-08-19	0.0
Colombia	2022-08-20	35.0
Colombia	2022-08-21	0.0
Colombia	2022-08-22	0.0
Colombia	2022-08-23	109.0
Colombia	2022-08-24	0.0
Colombia	2022-08-25	0.0
Colombia	2022-08-26	0.0
Colombia	2022-08-27	0.0
Colombia	2022-08-28	0.0
Colombia	2022-08-29	0.0
Colombia	2022-08-30	0.0
Colombia	2022-08-31	309.0
Colombia	2022-09-01	0.0
Colombia	2022-09-02	0.0
Colombia	2022-09-03	0.0
Colombia	2022-09-04	0.0
Colombia	2022-09-05	0.0
Colombia	2022-09-06	0.0
Colombia	2022-09-07	356.0
Colombia	2022-09-08	0.0
Colombia	2022-09-09	0.0
Colombia	2022-09-10	0.0
Colombia	2022-09-11	0.0
Colombia	2022-09-12	0.0
Colombia	2022-09-13	0.0
Colombia	2022-09-14	322.0
Colombia	2022-09-15	0.0
Colombia	2022-09-16	0.0
Colombia	2022-09-17	0.0
Colombia	2022-09-18	0.0
Colombia	2022-09-19	0.0
Colombia	2022-09-20	0.0
Colombia	2022-09-21	393.0
Colombia	2022-09-22	0.0
Colombia	2022-09-23	0.0
Colombia	2022-09-24	0.0
Colombia	2022-09-25	0.0
Colombia	2022-09-26	0.0
Colombia	2022-09-27	0.0
Colombia	2022-09-28	389.0
Colombia	2022-09-29	0.0
Colombia	2022-09-30	0.0
Colombia	2022-10-01	0.0
Colombia	2022-10-02	0.0
Colombia	2022-10-03	0.0
Colombia	2022-10-04	0.0
Colombia	2022-10-05	411.0
Colombia	2022-10-06	0.0
Colombia	2022-10-07	0.0
Colombia	2022-10-08	0.0
Colombia	2022-10-09	0.0
Colombia	2022-10-10	0.0
Colombia	2022-10-11	0.0
Colombia	2022-10-12	277.0
Colombia	2022-10-13	0.0
Colombia	2022-10-14	0.0
Colombia	2022-10-15	0.0
Colombia	2022-10-16	0.0
Colombia	2022-10-17	0.0
Colombia	2022-10-18	0.0
Colombia	2022-10-19	380.0
Colombia	2022-10-20	0.0
Colombia	2022-10-21	0.0
Colombia	2022-10-22	0.0
Colombia	2022-10-23	0.0
Colombia	2022-10-24	0.0
Colombia	2022-10-25	0.0
Colombia	2022-10-26	188.0
Colombia	2022-10-27	0.0
Colombia	2022-10-28	0.0
Colombia	2022-10-29	0.0
Colombia	2022-10-30	0.0
Colombia	2022-10-31	0.0
Colombia	2022-11-01	0.0
Colombia	2022-11-02	225.0
Colombia	2022-11-03	0.0
Colombia	2022-11-04	0.0
Colombia	2022-11-05	0.0
Colombia	2022-11-06	0.0
Colombia	2022-11-07	0.0
Colombia	2022-11-08	0.0
Colombia	2022-11-09	107.0
Colombia	2022-11-10	0.0
Colombia	2022-11-11	0.0
Colombia	2022-11-12	0.0
Colombia	2022-11-13	0.0
Colombia	2022-11-14	0.0
Colombia	2022-11-15	0.0
Colombia	2022-11-16	0.0
Colombia	2022-11-17	89.0
Colombia	2022-11-18	0.0
Colombia	2022-11-19	0.0
Colombia	2022-11-20	0.0
Colombia	2022-11-21	0.0
Colombia	2022-11-22	0.0
Colombia	2022-11-23	84.0
Colombia	2022-11-24	0.0
Colombia	2022-11-25	0.0
Colombia	2022-11-26	0.0
Colombia	2022-11-27	0.0
Colombia	2022-11-28	0.0
Colombia	2022-11-29	0.0
Colombia	2022-11-30	49.0
Colombia	2022-12-01	0.0
Colombia	2022-12-02	0.0
Colombia	2022-12-03	9.0
Colombia	2022-12-04	0.0
Colombia	2022-12-05	0.0
Colombia	2022-12-06	0.0
Colombia	2022-12-07	19.0
Colombia	2022-12-08	0.0
Colombia	2022-12-09	0.0
Colombia	2022-12-10	0.0
Colombia	2022-12-11	0.0
Colombia	2022-12-12	0.0
Colombia	2022-12-13	28.0
Colombia	2022-12-14	0.0
Colombia	2022-12-15	0.0
Colombia	2022-12-16	0.0
Colombia	2022-12-17	0.0
Colombia	2022-12-18	0.0
Colombia	2022-12-19	0.0
Colombia	2022-12-20	0.0
Colombia	2022-12-21	63.0
Colombia	2022-12-22	0.0
Colombia	2022-12-23	0.0
Colombia	2022-12-24	0.0
Colombia	2022-12-25	0.0
Colombia	2022-12-26	0.0
Colombia	2022-12-27	0.0
Colombia	2022-12-28	50.0
Colombia	2022-12-29	0.0
Colombia	2022-12-30	0.0
Colombia	2022-12-31	0.0
Colombia	2023-01-01	0.0
Colombia	2023-01-02	0.0
Colombia	2023-01-03	14.0
Colombia	2023-01-04	0.0
Colombia	2023-01-05	0.0
Colombia	2023-01-06	0.0
Colombia	2023-01-07	0.0
Colombia	2023-01-08	0.0
Colombia	2023-01-09	0.0
Colombia	2023-01-10	14.0
Colombia	2023-01-11	0.0
Colombia	2023-01-12	0.0
Colombia	2023-01-13	0.0
Colombia	2023-01-14	0.0
Colombia	2023-01-15	0.0
Colombia	2023-01-16	0.0
Colombia	2023-01-17	0.0
Colombia	2023-01-18	13.0
Colombia	2023-01-19	0.0
Colombia	2023-01-20	0.0
Colombia	2023-01-21	0.0
Colombia	2023-01-22	0.0
Colombia	2023-01-23	0.0
Colombia	2023-01-24	4.0
Colombia	2023-01-25	0.0
Colombia	2023-01-26	0.0
France	2022-05-19	0.0
France	2022-05-20	1.0
France	2022-05-21	0.0
France	2022-05-22	0.0
France	2022-05-23	0.0
France	2022-05-24	2.0
France	2022-05-25	2.0
France	2022-05-26	2.0
France	2022-05-27	0.0
France	2022-05-28	0.0
France	2022-05-29	0.0
France	2022-05-30	9.0
France	2022-05-31	1.0
France	2022-06-01	0.0
France	2022-06-02	16.0
France	2022-06-03	0.0
France	2022-06-04	18.0
France	2022-06-05	0.0
France	2022-06-06	0.0
France	2022-06-07	15.0
France	2022-06-08	0.0
France	2022-06-09	0.0
France	2022-06-10	25.0
France	2022-06-11	0.0
France	2022-06-12	0.0
France	2022-06-13	0.0
France	2022-06-14	34.0
France	2022-06-15	0.0
France	2022-06-16	58.0
France	2022-06-17	0.0
France	2022-06-18	0.0
France	2022-06-19	0.0
France	2022-06-20	0.0
France	2022-06-21	94.0
France	2022-06-22	0.0
France	2022-06-23	53.0
France	2022-06-24	0.0
France	2022-06-25	0.0
France	2022-06-26	0.0
France	2022-06-27	0.0
France	2022-06-28	110.0
France	2022-06-29	0.0
France	2022-06-30	58.0
France	2022-07-01	0.0
France	2022-07-02	0.0
France	2022-07-03	0.0
France	2022-07-04	0.0
France	2022-07-05	79.0
France	2022-07-06	0.0
France	2022-07-07	0.0
France	2022-07-08	0.0
France	2022-07-09	0.0
France	2022-07-10	144.0
France	2022-07-11	0.0
France	2022-07-12	0.0
France	2022-07-13	0.0
France	2022-07-14	191.0
France	2022-07-15	0.0
France	2022-07-16	0.0
France	2022-07-17	0.0
France	2022-07-18	0.0
France	2022-07-19	0.0
France	2022-07-20	0.0
France	2022-07-21	541.0
France	2022-07-22	0.0
France	2022-07-23	0.0
France	2022-07-24	0.0
France	2022-07-25	114.0
France	2022-07-26	0.0
France	2022-07-27	0.0
France	2022-07-28	270.0
France	2022-07-29	0.0
France	2022-07-30	0.0
France	2022-07-31	0.0
France	2022-08-01	118.0
France	2022-08-02	99.0
France	2022-08-03	0.0
France	2022-08-04	185.0
France	2022-08-05	0.0
France	2022-08-06	0.0
France	2022-08-07	0.0
France	2022-08-08	184.0
France	2022-08-09	0.0
France	2022-08-10	0.0
France	2022-08-11	178.0
France	2022-08-12	0.0
France	2022-08-13	0.0
France	2022-08-14	72.0
France	2022-08-15	0.0
France	2022-08-16	0.0
France	2022-08-17	76.0
France	2022-08-18	0.0
France	2022-08-19	140.0
France	2022-08-20	0.0
France	2022-08-21	0.0
France	2022-08-22	0.0
France	2022-08-23	0.0
France	2022-08-24	0.0
France	2022-08-25	0.0
France	2022-08-26	532.0
France	2022-08-27	0.0
France	2022-08-28	0.0
France	2022-08-29	0.0
France	2022-08-30	0.0
France	2022-08-31	126.0
France	2022-09-01	11.0
France	2022-09-02	0.0
France	2022-09-03	0.0
France	2022-09-04	88.0
France	2022-09-05	0.0
France	2022-09-06	0.0
France	2022-09-07	74.0
France	2022-09-08	1.0
France	2022-09-09	0.0
France	2022-09-10	0.0
France	2022-09-11	64.0
France	2022-09-12	0.0
France	2022-09-13	0.0
France	2022-09-14	48.0
France	2022-09-15	0.0
France	2022-09-16	65.0
France	2022-09-17	0.0
France	2022-09-18	0.0
France	2022-09-19	0.0
France	2022-09-20	0.0
France	2022-09-21	45.0
France	2022-09-22	0.0
France	2022-09-23	0.0
France	2022-09-24	0.0
France	2022-09-25	0.0
France	2022-09-26	27.0
France	2022-09-27	0.0
France	2022-09-28	0.0
France	2022-09-29	29.0
France	2022-09-30	0.0
France	2022-10-01	0.0
France	2022-10-02	0.0
France	2022-10-03	0.0
France	2022-10-04	0.0
France	2022-10-05	0.0
France	2022-10-06	44.0
France	2022-10-07	0.0
France	2022-10-08	0.0
France	2022-10-09	0.0
France	2022-10-10	0.0
France	2022-10-11	0.0
France	2022-10-12	0.0
France	2022-10-13	21.0
France	2022-10-14	0.0
France	2022-10-15	0.0
France	2022-10-16	0.0
France	2022-10-17	0.0
France	2022-10-18	0.0
France	2022-10-19	20.0
France	2022-10-20	0.0
France	2022-10-21	0.0
France	2022-10-22	0.0
France	2022-10-23	0.0
France	2022-10-24	0.0
France	2022-10-25	0.0
France	2022-10-26	10.0
France	2022-10-27	0.0
France	2022-10-28	0.0
France	2022-10-29	0.0
France	2022-10-30	0.0
France	2022-10-31	0.0
France	2022-11-01	0.0
France	2022-11-02	0.0
France	2022-11-03	0.0
France	2022-11-04	3.0
France	2022-11-05	0.0
France	2022-11-06	0.0
France	2022-11-07	0.0
France	2022-11-08	0.0
France	2022-11-09	0.0
France	2022-11-10	0.0
France	2022-11-11	0.0
France	2022-11-12	0.0
France	2022-11-13	5.0
France	2022-11-14	0.0
France	2022-11-15	0.0
France	2022-11-16	0.0
France	2022-11-17	0.0
France	2022-11-18	2.0
France	2022-11-19	0.0
France	2022-11-20	0.0
France	2022-11-21	0.0
France	2022-11-22	0.0
France	2022-11-23	0.0
France	2022-11-24	0.0
France	2022-11-25	3.0
France	2022-11-26	0.0
France	2022-11-27	0.0
France	2022-11-28	0.0
France	2022-11-29	0.0
France	2022-11-30	0.0
France	2022-12-01	0.0
France	2022-12-02	3.0
France	2022-12-03	0.0
France	2022-12-04	0.0
France	2022-12-05	0.0
France	2022-12-06	0.0
France	2022-12-07	0.0
France	2022-12-08	0.0
France	2022-12-09	0.0
France	2022-12-10	0.0
France	2022-12-11	0.0
France	2022-12-12	0.0
France	2022-12-13	0.0
France	2022-12-14	0.0
France	2022-12-15	0.0
France	2022-12-16	0.0
France	2022-12-17	0.0
France	2022-12-18	0.0
France	2022-12-19	0.0
France	2022-12-20	0.0
France	2022-12-21	0.0
France	2022-12-22	0.0
France	2022-12-23	0.0
France	2022-12-24	0.0
France	2022-12-25	0.0
France	2022-12-26	0.0
France	2022-12-27	4.0
France	2022-12-28	0.0
France	2022-12-29	0.0
France	2022-12-30	0.0
France	2022-12-31	0.0
France	2023-01-01	0.0
France	2023-01-02	0.0
France	2023-01-03	0.0
France	2023-01-04	0.0
France	2023-01-05	0.0
France	2023-01-06	0.0
France	2023-01-07	0.0
France	2023-01-08	0.0
France	2023-01-09	0.0
France	2023-01-10	0.0
France	2023-01-11	0.0
France	2023-01-12	0.0
France	2023-01-13	0.0
France	2023-01-14	0.0
France	2023-01-15	0.0
France	2023-01-16	0.0
France	2023-01-17	0.0
France	2023-01-18	0.0
France	2023-01-19	0.0
France	2023-01-20	0.0
France	2023-01-21	0.0
France	2023-01-22	0.0
France	2023-01-23	0.0
France	2023-01-24	0.0
France	2023-01-25	0.0
France	2023-01-26	0.0
Germany	2022-05-20	1.0
Germany	2022-05-21	0.0
Germany	2022-05-22	2.0
Germany	2022-05-23	1.0
Germany	2022-05-24	2.0
Germany	2022-05-25	4.0
Germany	2022-05-26	0.0
Germany	2022-05-27	5.0
Germany	2022-05-28	0.0
Germany	2022-05-29	0.0
Germany	2022-05-30	6.0
Germany	2022-05-31	12.0
Germany	2022-06-01	11.0
Germany	2022-06-02	13.0
Germany	2022-06-03	8.0
Germany	2022-06-04	0.0
Germany	2022-06-05	0.0
Germany	2022-06-06	0.0
Germany	2022-06-07	15.0
Germany	2022-06-08	33.0
Germany	2022-06-09	18.0
Germany	2022-06-10	34.0
Germany	2022-06-11	0.0
Germany	2022-06-12	0.0
Germany	2022-06-13	24.0
Germany	2022-06-14	40.0
Germany	2022-06-15	34.0
Germany	2022-06-16	42.0
Germany	2022-06-17	33.0
Germany	2022-06-18	0.0
Germany	2022-06-19	0.0
Germany	2022-06-20	74.0
Germany	2022-06-21	57.0
Germany	2022-06-22	52.0
Germany	2022-06-23	71.0
Germany	2022-06-24	84.0
Germany	2022-06-25	0.0
Germany	2022-06-26	0.0
Germany	2022-06-27	89.0
Germany	2022-06-28	73.0
Germany	2022-06-29	36.0
Germany	2022-06-30	95.0
Germany	2022-07-01	85.0
Germany	2022-07-02	0.0
Germany	2022-07-03	0.0
Germany	2022-07-04	87.0
Germany	2022-07-05	101.0
Germany	2022-07-06	62.0
Germany	2022-07-07	81.0
Germany	2022-07-08	0.0
Germany	2022-07-09	0.0
Germany	2022-07-10	105.0
Germany	2022-07-11	66.0
Germany	2022-07-12	80.0
Germany	2022-07-13	58.0
Germany	2022-07-14	0.0
Germany	2022-07-15	96.0
Germany	2022-07-16	0.0
Germany	2022-07-17	0.0
Germany	2022-07-18	69.0
Germany	2022-07-19	174.0
Germany	2022-07-20	77.0
Germany	2022-07-21	81.0
Germany	2022-07-22	77.0
Germany	2022-07-23	0.0
Germany	2022-07-24	0.0
Germany	2022-07-25	84.0
Germany	2022-07-26	58.0
Germany	2022-07-27	49.0
Germany	2022-07-28	81.0
Germany	2022-07-29	55.0
Germany	2022-07-30	0.0
Germany	2022-07-31	0.0
Germany	2022-08-01	82.0
Germany	2022-08-02	47.0
Germany	2022-08-03	0.0
Germany	2022-08-04	115.0
Germany	2022-08-05	48.0
Germany	2022-08-06	0.0
Germany	2022-08-07	0.0
Germany	2022-08-08	0.0
Germany	2022-08-09	95.0
Germany	2022-08-10	43.0
Germany	2022-08-11	0.0
Germany	2022-08-12	77.0
Germany	2022-08-13	0.0
Germany	2022-08-14	0.0
Germany	2022-08-15	0.0
Germany	2022-08-16	85.0
Germany	2022-08-17	0.0
Germany	2022-08-18	55.0
Germany	2022-08-19	24.0
Germany	2022-08-20	0.0
Germany	2022-08-21	0.0
Germany	2022-08-22	29.0
Germany	2022-08-23	34.0
Germany	2022-08-24	21.0
Germany	2022-08-25	37.0
Germany	2022-08-26	18.0
Germany	2022-08-27	0.0
Germany	2022-08-28	0.0
Germany	2022-08-29	17.0
Germany	2022-08-30	33.0
Germany	2022-08-31	12.0
Germany	2022-09-01	13.0
Germany	2022-09-02	0.0
Germany	2022-09-03	0.0
Germany	2022-09-04	13.0
Germany	2022-09-05	0.0
Germany	2022-09-06	12.0
Germany	2022-09-07	6.0
Germany	2022-09-08	7.0
Germany	2022-09-09	0.0
Germany	2022-09-10	0.0
Germany	2022-09-11	12.0
Germany	2022-09-12	0.0
Germany	2022-09-13	17.0
Germany	2022-09-14	1.0
Germany	2022-09-15	0.0
Germany	2022-09-16	8.0
Germany	2022-09-17	0.0
Germany	2022-09-18	0.0
Germany	2022-09-19	7.0
Germany	2022-09-20	7.0
Germany	2022-09-21	15.0
Germany	2022-09-22	5.0
Germany	2022-09-23	7.0
Germany	2022-09-24	0.0
Germany	2022-09-25	0.0
Germany	2022-09-26	4.0
Germany	2022-09-27	6.0
Germany	2022-09-28	8.0
Germany	2022-09-29	6.0
Germany	2022-09-30	4.0
Germany	2022-10-01	0.0
Germany	2022-10-02	0.0
Germany	2022-10-03	0.0
Germany	2022-10-04	6.0
Germany	2022-10-05	0.0
Germany	2022-10-06	9.0
Germany	2022-10-07	5.0
Germany	2022-10-08	0.0
Germany	2022-10-09	0.0
Germany	2022-10-10	0.0
Germany	2022-10-11	6.0
Germany	2022-10-12	0.0
Germany	2022-10-13	0.0
Germany	2022-10-14	0.0
Germany	2022-10-15	0.0
Germany	2022-10-16	0.0
Germany	2022-10-17	0.0
Germany	2022-10-18	0.0
Germany	2022-10-19	5.0
Germany	2022-10-20	0.0
Germany	2022-10-21	0.0
Germany	2022-10-22	0.0
Germany	2022-10-23	0.0
Germany	2022-10-24	0.0
Germany	2022-10-25	6.0
Germany	2022-10-26	0.0
Germany	2022-10-27	0.0
Germany	2022-10-28	0.0
Germany	2022-10-29	0.0
Germany	2022-10-30	0.0
Germany	2022-10-31	0.0
Germany	2022-11-01	6.0
Germany	2022-11-02	0.0
Germany	2022-11-03	0.0
Germany	2022-11-04	0.0
Germany	2022-11-05	0.0
Germany	2022-11-06	0.0
Germany	2022-11-07	0.0
Germany	2022-11-08	2.0
Germany	2022-11-09	0.0
Germany	2022-11-10	0.0
Germany	2022-11-11	0.0
Germany	2022-11-12	0.0
Germany	2022-11-13	0.0
Germany	2022-11-14	0.0
Germany	2022-11-15	1.0
Germany	2022-11-16	0.0
Germany	2022-11-17	0.0
Germany	2022-11-18	0.0
Germany	2022-11-19	0.0
Germany	2022-11-20	0.0
Germany	2022-11-21	0.0
Germany	2022-11-22	0.0
Germany	2022-11-23	0.0
Germany	2022-11-24	0.0
Germany	2022-11-25	0.0
Germany	2022-11-26	0.0
Germany	2022-11-27	0.0
Germany	2022-11-28	0.0
Germany	2022-11-29	0.0
Germany	2022-11-30	0.0
Germany	2022-12-01	0.0
Germany	2022-12-02	0.0
Germany	2022-12-03	0.0
Germany	2022-12-04	0.0
Germany	2022-12-05	0.0
Germany	2022-12-06	2.0
Germany	2022-12-07	0.0
Germany	2022-12-08	0.0
Germany	2022-12-09	0.0
Germany	2022-12-10	0.0
Germany	2022-12-11	0.0
Germany	2022-12-12	0.0
Germany	2022-12-13	2.0
Germany	2022-12-14	0.0
Germany	2022-12-15	0.0
Germany	2022-12-16	0.0
Germany	2022-12-17	0.0
Germany	2022-12-18	0.0
Germany	2022-12-19	0.0
Germany	2022-12-20	1.0
Germany	2022-12-21	0.0
Germany	2022-12-22	0.0
Germany	2022-12-23	0.0
Germany	2022-12-24	0.0
Germany	2022-12-25	0.0
Germany	2022-12-26	0.0
Germany	2022-12-27	0.0
Germany	2022-12-28	0.0
Germany	2022-12-29	0.0
Germany	2022-12-30	0.0
Germany	2022-12-31	0.0
Germany	2023-01-01	0.0
Germany	2023-01-02	0.0
Germany	2023-01-03	1.0
Germany	2023-01-04	0.0
Germany	2023-01-05	0.0
Germany	2023-01-06	0.0
Germany	2023-01-07	0.0
Germany	2023-01-08	0.0
Germany	2023-01-09	0.0
Germany	2023-01-10	0.0
Germany	2023-01-11	0.0
Germany	2023-01-12	0.0
Germany	2023-01-13	7.0
Germany	2023-01-14	0.0
Germany	2023-01-15	0.0
Germany	2023-01-16	0.0
Germany	2023-01-17	0.0
Germany	2023-01-18	0.0
Germany	2023-01-19	0.0
Germany	2023-01-20	5.0
Germany	2023-01-21	0.0
Germany	2023-01-22	0.0
Germany	2023-01-23	0.0
Germany	2023-01-24	1.0
Germany	2023-01-25	0.0
Germany	2023-01-26	0.0
Italy	2022-05-19	1.0
Italy	2022-05-20	2.0
Italy	2022-05-21	0.0
Italy	2022-05-22	0.0
Italy	2022-05-23	1.0
Italy	2022-05-24	0.0
Italy	2022-05-25	1.0
Italy	2022-05-26	3.0
Italy	2022-05-27	0.0
Italy	2022-05-28	0.0
Italy	2022-05-29	0.0
Italy	2022-05-30	6.0
Italy	2022-05-31	0.0
Italy	2022-06-01	0.0
Italy	2022-06-02	6.0
Italy	2022-06-03	0.0
Italy	2022-06-04	0.0
Italy	2022-06-05	0.0
Italy	2022-06-06	0.0
Italy	2022-06-07	0.0
Italy	2022-06-08	0.0
Italy	2022-06-09	0.0
Italy	2022-06-10	0.0
Italy	2022-06-11	0.0
Italy	2022-06-12	0.0
Italy	2022-06-13	9.0
Italy	2022-06-14	0.0
Italy	2022-06-15	19.0
Italy	2022-06-16	0.0
Italy	2022-06-17	23.0
Italy	2022-06-18	0.0
Italy	2022-06-19	0.0
Italy	2022-06-20	0.0
Italy	2022-06-21	14.0
Italy	2022-06-22	0.0
Italy	2022-06-23	0.0
Italy	2022-06-24	0.0
Italy	2022-06-25	42.0
Italy	2022-06-26	0.0
Italy	2022-06-27	0.0
Italy	2022-06-28	32.0
Italy	2022-06-29	0.0
Italy	2022-06-30	0.0
Italy	2022-07-01	33.0
Italy	2022-07-02	0.0
Italy	2022-07-03	0.0
Italy	2022-07-04	0.0
Italy	2022-07-05	41.0
Italy	2022-07-06	0.0
Italy	2022-07-07	0.0
Italy	2022-07-08	0.0
Italy	2022-07-09	0.0
Italy	2022-07-10	22.0
Italy	2022-07-11	0.0
Italy	2022-07-12	37.0
Italy	2022-07-13	0.0
Italy	2022-07-14	0.0
Italy	2022-07-15	0.0
Italy	2022-07-16	0.0
Italy	2022-07-17	0.0
Italy	2022-07-18	47.0
Italy	2022-07-19	35.0
Italy	2022-07-20	0.0
Italy	2022-07-21	0.0
Italy	2022-07-22	0.0
Italy	2022-07-23	0.0
Italy	2022-07-24	0.0
Italy	2022-07-25	33.0
Italy	2022-07-26	19.0
Italy	2022-07-27	0.0
Italy	2022-07-28	0.0
Italy	2022-07-29	0.0
Italy	2022-07-30	0.0
Italy	2022-07-31	0.0
Italy	2022-08-01	53.0
Italy	2022-08-02	26.0
Italy	2022-08-03	0.0
Italy	2022-08-04	0.0
Italy	2022-08-05	0.0
Italy	2022-08-06	0.0
Italy	2022-08-07	0.0
Italy	2022-08-08	40.0
Italy	2022-08-09	54.0
Italy	2022-08-10	0.0
Italy	2022-08-11	0.0
Italy	2022-08-12	45.0
Italy	2022-08-13	0.0
Italy	2022-08-14	0.0
Italy	2022-08-15	0.0
Italy	2022-08-16	18.0
Italy	2022-08-17	0.0
Italy	2022-08-18	0.0
Italy	2022-08-19	27.0
Italy	2022-08-20	0.0
Italy	2022-08-21	0.0
Italy	2022-08-22	0.0
Italy	2022-08-23	25.0
Italy	2022-08-24	0.0
Italy	2022-08-25	0.0
Italy	2022-08-26	26.0
Italy	2022-08-27	0.0
Italy	2022-08-28	0.0
Italy	2022-08-29	0.0
Italy	2022-08-30	20.0
Italy	2022-08-31	0.0
Italy	2022-09-01	0.0
Italy	2022-09-02	0.0
Italy	2022-09-03	0.0
Italy	2022-09-04	13.0
Italy	2022-09-05	0.0
Italy	2022-09-06	14.0
Italy	2022-09-07	0.0
Italy	2022-09-08	0.0
Italy	2022-09-09	0.0
Italy	2022-09-10	0.0
Italy	2022-09-11	18.0
Italy	2022-09-12	0.0
Italy	2022-09-13	8.0
Italy	2022-09-14	0.0
Italy	2022-09-15	0.0
Italy	2022-09-16	15.0
Italy	2022-09-17	0.0
Italy	2022-09-18	0.0
Italy	2022-09-19	0.0
Italy	2022-09-20	9.0
Italy	2022-09-21	0.0
Italy	2022-09-22	0.0
Italy	2022-09-23	5.0
Italy	2022-09-24	0.0
Italy	2022-09-25	0.0
Italy	2022-09-26	0.0
Italy	2022-09-27	4.0
Italy	2022-09-28	0.0
Italy	2022-09-29	0.0
Italy	2022-09-30	4.0
Italy	2022-10-01	0.0
Italy	2022-10-02	0.0
Italy	2022-10-03	0.0
Italy	2022-10-04	1.0
Italy	2022-10-05	0.0
Italy	2022-10-06	0.0
Italy	2022-10-07	3.0
Italy	2022-10-08	0.0
Italy	2022-10-09	0.0
Italy	2022-10-10	0.0
Italy	2022-10-11	2.0
Italy	2022-10-12	0.0
Italy	2022-10-13	0.0
Italy	2022-10-14	25.0
Italy	2022-10-15	0.0
Italy	2022-10-16	0.0
Italy	2022-10-17	0.0
Italy	2022-10-18	0.0
Italy	2022-10-19	7.0
Italy	2022-10-20	0.0
Italy	2022-10-21	2.0
Italy	2022-10-22	0.0
Italy	2022-10-23	0.0
Italy	2022-10-24	0.0
Italy	2022-10-25	0.0
Italy	2022-10-26	0.0
Italy	2022-10-27	0.0
Italy	2022-10-28	4.0
Italy	2022-10-29	0.0
Italy	2022-10-30	0.0
Italy	2022-10-31	0.0
Italy	2022-11-01	0.0
Italy	2022-11-02	0.0
Italy	2022-11-03	0.0
Italy	2022-11-04	4.0
Italy	2022-11-05	0.0
Italy	2022-11-06	0.0
Italy	2022-11-07	0.0
Italy	2022-11-08	16.0
Italy	2022-11-09	0.0
Italy	2022-11-10	0.0
Italy	2022-11-11	0.0
Italy	2022-11-12	0.0
Italy	2022-11-13	1.0
Italy	2022-11-14	0.0
Italy	2022-11-15	0.0
Italy	2022-11-16	0.0
Italy	2022-11-17	0.0
Italy	2022-11-18	2.0
Italy	2022-11-19	0.0
Italy	2022-11-20	0.0
Italy	2022-11-21	0.0
Italy	2022-11-22	0.0
Italy	2022-11-23	0.0
Italy	2022-11-24	0.0
Italy	2022-11-25	1.0
Italy	2022-11-26	0.0
Italy	2022-11-27	0.0
Italy	2022-11-28	0.0
Italy	2022-11-29	2.0
Italy	2022-11-30	0.0
Italy	2022-12-01	0.0
Italy	2022-12-02	1.0
Italy	2022-12-03	0.0
Italy	2022-12-04	0.0
Italy	2022-12-05	0.0
Italy	2022-12-06	2.0
Italy	2022-12-07	0.0
Italy	2022-12-08	0.0
Italy	2022-12-09	4.0
Italy	2022-12-10	0.0
Italy	2022-12-11	0.0
Italy	2022-12-12	0.0
Italy	2022-12-13	0.0
Italy	2022-12-14	0.0
Italy	2022-12-15	0.0
Italy	2022-12-16	5.0
Italy	2022-12-17	0.0
Italy	2022-12-18	0.0
Italy	2022-12-19	0.0
Italy	2022-12-20	4.0
Italy	2022-12-21	0.0
Italy	2022-12-22	0.0
Italy	2022-12-23	0.0
Italy	2022-12-24	0.0
Italy	2022-12-25	0.0
Italy	2022-12-26	0.0
Italy	2022-12-27	2.0
Italy	2022-12-28	0.0
Italy	2022-12-29	0.0
Italy	2022-12-30	0.0
Italy	2022-12-31	0.0
Italy	2023-01-01	0.0
Italy	2023-01-02	0.0
Italy	2023-01-03	13.0
Italy	2023-01-04	0.0
Italy	2023-01-05	0.0
Italy	2023-01-06	0.0
Italy	2023-01-07	0.0
Italy	2023-01-08	0.0
Italy	2023-01-09	0.0
Italy	2023-01-10	0.0
Italy	2023-01-11	0.0
Italy	2023-01-12	0.0
Italy	2023-01-13	0.0
Italy	2023-01-14	0.0
Italy	2023-01-15	0.0
Italy	2023-01-16	0.0
Italy	2023-01-17	3.0
Italy	2023-01-18	0.0
Italy	2023-01-19	0.0
Italy	2023-01-20	0.0
Italy	2023-01-21	0.0
Italy	2023-01-22	0.0
Italy	2023-01-23	0.0
Italy	2023-01-24	0.0
Italy	2023-01-25	0.0
Italy	2023-01-26	0.0
Peru	2022-06-28	1.0
Peru	2022-06-29	2.0
Peru	2022-06-30	0.0
Peru	2022-07-01	0.0
Peru	2022-07-02	0.0
Peru	2022-07-03	0.0
Peru	2022-07-04	0.0
Peru	2022-07-05	12.0
Peru	2022-07-06	0.0
Peru	2022-07-07	0.0
Peru	2022-07-08	0.0
Peru	2022-07-09	3.0
Peru	2022-07-10	0.0
Peru	2022-07-11	0.0
Peru	2022-07-12	11.0
Peru	2022-07-13	0.0
Peru	2022-07-14	7.0
Peru	2022-07-15	10.0
Peru	2022-07-16	9.0
Peru	2022-07-17	0.0
Peru	2022-07-18	0.0
Peru	2022-07-19	23.0
Peru	2022-07-20	17.0
Peru	2022-07-21	17.0
Peru	2022-07-22	14.0
Peru	2022-07-23	17.0
Peru	2022-07-24	0.0
Peru	2022-07-25	0.0
Peru	2022-07-26	60.0
Peru	2022-07-27	5.0
Peru	2022-07-28	16.0
Peru	2022-07-29	27.0
Peru	2022-07-30	18.0
Peru	2022-07-31	0.0
Peru	2022-08-01	0.0
Peru	2022-08-02	36.0
Peru	2022-08-03	8.0
Peru	2022-08-04	11.0
Peru	2022-08-05	16.0
Peru	2022-08-06	0.0
Peru	2022-08-07	0.0
Peru	2022-08-08	0.0
Peru	2022-08-09	165.0
Peru	2022-08-10	42.0
Peru	2022-08-11	36.0
Peru	2022-08-12	49.0
Peru	2022-08-13	21.0
Peru	2022-08-14	0.0
Peru	2022-08-15	0.0
Peru	2022-08-16	122.0
Peru	2022-08-17	59.0
Peru	2022-08-18	33.0
Peru	2022-08-19	24.0
Peru	2022-08-20	46.0
Peru	2022-08-21	0.0
Peru	2022-08-22	0.0
Peru	2022-08-23	191.0
Peru	2022-08-24	60.0
Peru	2022-08-25	19.0
Peru	2022-08-26	50.0
Peru	2022-08-27	43.0
Peru	2022-08-28	0.0
Peru	2022-08-29	0.0
Peru	2022-08-30	134.0
Peru	2022-08-31	29.0
Peru	2022-09-01	33.0
Peru	2022-09-02	35.0
Peru	2022-09-03	15.0
Peru	2022-09-04	0.0
Peru	2022-09-05	0.0
Peru	2022-09-06	115.0
Peru	2022-09-07	63.0
Peru	2022-09-08	2.0
Peru	2022-09-09	34.0
Peru	2022-09-10	48.0
Peru	2022-09-11	0.0
Peru	2022-09-12	0.0
Peru	2022-09-13	129.0
Peru	2022-09-14	27.0
Peru	2022-09-15	25.0
Peru	2022-09-16	26.0
Peru	2022-09-17	39.0
Peru	2022-09-18	0.0
Peru	2022-09-19	0.0
Peru	2022-09-20	37.0
Peru	2022-09-21	0.0
Peru	2022-09-22	130.0
Peru	2022-09-23	30.0
Peru	2022-09-24	60.0
Peru	2022-09-25	0.0
Peru	2022-09-26	0.0
Peru	2022-09-27	112.0
Peru	2022-09-28	13.0
Peru	2022-09-29	13.0
Peru	2022-09-30	31.0
Peru	2022-10-01	41.0
Peru	2022-10-02	0.0
Peru	2022-10-03	0.0
Peru	2022-10-04	66.0
Peru	2022-10-05	0.0
Peru	2022-10-06	0.0
Peru	2022-10-07	0.0
Peru	2022-10-08	0.0
Peru	2022-10-09	0.0
Peru	2022-10-10	0.0
Peru	2022-10-11	0.0
Peru	2022-10-12	181.0
Peru	2022-10-13	0.0
Peru	2022-10-14	0.0
Peru	2022-10-15	17.0
Peru	2022-10-16	0.0
Peru	2022-10-17	0.0
Peru	2022-10-18	35.0
Peru	2022-10-19	93.0
Peru	2022-10-20	0.0
Peru	2022-10-21	0.0
Peru	2022-10-22	29.0
Peru	2022-10-23	0.0
Peru	2022-10-24	0.0
Peru	2022-10-25	39.0
Peru	2022-10-26	67.0
Peru	2022-10-27	0.0
Peru	2022-10-28	0.0
Peru	2022-10-29	0.0
Peru	2022-10-30	0.0
Peru	2022-10-31	0.0
Peru	2022-11-01	62.0
Peru	2022-11-02	0.0
Peru	2022-11-03	0.0
Peru	2022-11-04	94.0
Peru	2022-11-05	0.0
Peru	2022-11-06	0.0
Peru	2022-11-07	0.0
Peru	2022-11-08	0.0
Peru	2022-11-09	65.0
Peru	2022-11-10	0.0
Peru	2022-11-11	30.0
Peru	2022-11-12	0.0
Peru	2022-11-13	0.0
Peru	2022-11-14	0.0
Peru	2022-11-15	0.0
Peru	2022-11-16	60.0
Peru	2022-11-17	0.0
Peru	2022-11-18	0.0
Peru	2022-11-19	0.0
Peru	2022-11-20	0.0
Peru	2022-11-21	0.0
Peru	2022-11-22	49.0
Peru	2022-11-23	36.0
Peru	2022-11-24	0.0
Peru	2022-11-25	0.0
Peru	2022-11-26	0.0
Peru	2022-11-27	0.0
Peru	2022-11-28	0.0
Peru	2022-11-29	22.0
Peru	2022-11-30	0.0
Peru	2022-12-01	0.0
Peru	2022-12-02	42.0
Peru	2022-12-03	0.0
Peru	2022-12-04	0.0
Peru	2022-12-05	0.0
Peru	2022-12-06	0.0
Peru	2022-12-07	0.0
Peru	2022-12-08	53.0
Peru	2022-12-09	0.0
Peru	2022-12-10	5.0
Peru	2022-12-11	0.0
Peru	2022-12-12	0.0
Peru	2022-12-13	0.0
Peru	2022-12-14	0.0
Peru	2022-12-15	0.0
Peru	2022-12-16	0.0
Peru	2022-12-17	21.0
Peru	2022-12-18	0.0
Peru	2022-12-19	0.0
Peru	2022-12-20	17.0
Peru	2022-12-21	18.0
Peru	2022-12-22	0.0
Peru	2022-12-23	7.0
Peru	2022-12-24	0.0
Peru	2022-12-25	0.0
Peru	2022-12-26	0.0
Peru	2022-12-27	0.0
Peru	2022-12-28	14.0
Peru	2022-12-29	0.0
Peru	2022-12-30	0.0
Peru	2022-12-31	0.0
Peru	2023-01-01	0.0
Peru	2023-01-02	0.0
Peru	2023-01-03	9.0
Peru	2023-01-04	0.0
Peru	2023-01-05	15.0
Peru	2023-01-06	16.0
Peru	2023-01-07	0.0
Peru	2023-01-08	0.0
Peru	2023-01-09	0.0
Peru	2023-01-10	6.0
Peru	2023-01-11	6.0
Peru	2023-01-12	0.0
Peru	2023-01-13	3.0
Peru	2023-01-14	0.0
Peru	2023-01-15	0.0
Peru	2023-01-16	0.0
Peru	2023-01-17	0.0
Peru	2023-01-18	13.0
Peru	2023-01-19	0.0
Peru	2023-01-20	0.0
Peru	2023-01-21	5.0
Peru	2023-01-22	0.0
Peru	2023-01-23	0.0
Peru	2023-01-24	2.0
Peru	2023-01-25	5.0
Peru	2023-01-26	0.0
Portugal	2022-05-17	3.0
Portugal	2022-05-18	2.0
Portugal	2022-05-19	9.0
Portugal	2022-05-20	9.0
Portugal	2022-05-21	14.0
Portugal	2022-05-22	0.0
Portugal	2022-05-23	0.0
Portugal	2022-05-24	0.0
Portugal	2022-05-25	37.0
Portugal	2022-05-26	0.0
Portugal	2022-05-27	0.0
Portugal	2022-05-28	0.0
Portugal	2022-05-29	0.0
Portugal	2022-05-30	0.0
Portugal	2022-05-31	26.0
Portugal	2022-06-01	19.0
Portugal	2022-06-02	19.0
Portugal	2022-06-03	5.0
Portugal	2022-06-04	0.0
Portugal	2022-06-05	0.0
Portugal	2022-06-06	10.0
Portugal	2022-06-07	13.0
Portugal	2022-06-08	25.0
Portugal	2022-06-09	18.0
Portugal	2022-06-10	0.0
Portugal	2022-06-11	0.0
Portugal	2022-06-12	0.0
Portugal	2022-06-13	0.0
Portugal	2022-06-14	22.0
Portugal	2022-06-15	10.0
Portugal	2022-06-16	0.0
Portugal	2022-06-17	35.0
Portugal	2022-06-18	0.0
Portugal	2022-06-19	0.0
Portugal	2022-06-20	21.0
Portugal	2022-06-21	7.0
Portugal	2022-06-22	13.0
Portugal	2022-06-23	11.0
Portugal	2022-06-24	20.0
Portugal	2022-06-25	0.0
Portugal	2022-06-26	0.0
Portugal	2022-06-27	17.0
Portugal	2022-06-28	8.0
Portugal	2022-06-29	18.0
Portugal	2022-06-30	11.0
Portugal	2022-07-01	13.0
Portugal	2022-07-02	0.0
Portugal	2022-07-03	0.0
Portugal	2022-07-04	0.0
Portugal	2022-07-05	0.0
Portugal	2022-07-06	0.0
Portugal	2022-07-07	0.0
Portugal	2022-07-08	0.0
Portugal	2022-07-09	0.0
Portugal	2022-07-10	58.0
Portugal	2022-07-11	0.0
Portugal	2022-07-12	0.0
Portugal	2022-07-13	0.0
Portugal	2022-07-14	0.0
Portugal	2022-07-15	42.0
Portugal	2022-07-16	0.0
Portugal	2022-07-17	0.0
Portugal	2022-07-18	0.0
Portugal	2022-07-19	0.0
Portugal	2022-07-20	0.0
Portugal	2022-07-21	0.0
Portugal	2022-07-22	73.0
Portugal	2022-07-23	0.0
Portugal	2022-07-24	0.0
Portugal	2022-07-25	0.0
Portugal	2022-07-26	0.0
Portugal	2022-07-27	0.0
Portugal	2022-07-28	0.0
Portugal	2022-07-29	45.0
Portugal	2022-07-30	0.0
Portugal	2022-07-31	0.0
Portugal	2022-08-01	0.0
Portugal	2022-08-02	0.0
Portugal	2022-08-03	0.0
Portugal	2022-08-04	0.0
Portugal	2022-08-05	77.0
Portugal	2022-08-06	0.0
Portugal	2022-08-07	0.0
Portugal	2022-08-08	0.0
Portugal	2022-08-09	0.0
Portugal	2022-08-10	0.0
Portugal	2022-08-11	0.0
Portugal	2022-08-12	60.0
Portugal	2022-08-13	0.0
Portugal	2022-08-14	0.0
Portugal	2022-08-15	0.0
Portugal	2022-08-16	0.0
Portugal	2022-08-17	0.0
Portugal	2022-08-18	0.0
Portugal	2022-08-19	40.0
Portugal	2022-08-20	0.0
Portugal	2022-08-21	0.0
Portugal	2022-08-22	0.0
Portugal	2022-08-23	0.0
Portugal	2022-08-24	0.0
Portugal	2022-08-25	0.0
Portugal	2022-08-26	36.0
Portugal	2022-08-27	0.0
Portugal	2022-08-28	0.0
Portugal	2022-08-29	0.0
Portugal	2022-08-30	0.0
Portugal	2022-08-31	0.0
Portugal	2022-09-01	0.0
Portugal	2022-09-02	0.0
Portugal	2022-09-03	0.0
Portugal	2022-09-04	25.0
Portugal	2022-09-05	0.0
Portugal	2022-09-06	0.0
Portugal	2022-09-07	0.0
Portugal	2022-09-08	0.0
Portugal	2022-09-09	0.0
Portugal	2022-09-10	0.0
Portugal	2022-09-11	27.0
Portugal	2022-09-12	0.0
Portugal	2022-09-13	0.0
Portugal	2022-09-14	0.0
Portugal	2022-09-15	0.0
Portugal	2022-09-16	10.0
Portugal	2022-09-17	0.0
Portugal	2022-09-18	0.0
Portugal	2022-09-19	0.0
Portugal	2022-09-20	0.0
Portugal	2022-09-21	0.0
Portugal	2022-09-22	0.0
Portugal	2022-09-23	9.0
Portugal	2022-09-24	0.0
Portugal	2022-09-25	0.0
Portugal	2022-09-26	0.0
Portugal	2022-09-27	0.0
Portugal	2022-09-28	0.0
Portugal	2022-09-29	0.0
Portugal	2022-09-30	9.0
Portugal	2022-10-01	0.0
Portugal	2022-10-02	0.0
Portugal	2022-10-03	0.0
Portugal	2022-10-04	0.0
Portugal	2022-10-05	0.0
Portugal	2022-10-06	0.0
Portugal	2022-10-07	4.0
Portugal	2022-10-08	0.0
Portugal	2022-10-09	0.0
Portugal	2022-10-10	0.0
Portugal	2022-10-11	0.0
Portugal	2022-10-12	0.0
Portugal	2022-10-13	0.0
Portugal	2022-10-14	10.0
Portugal	2022-10-15	0.0
Portugal	2022-10-16	0.0
Portugal	2022-10-17	0.0
Portugal	2022-10-18	0.0
Portugal	2022-10-19	0.0
Portugal	2022-10-20	0.0
Portugal	2022-10-21	4.0
Portugal	2022-10-22	0.0
Portugal	2022-10-23	0.0
Portugal	2022-10-24	0.0
Portugal	2022-10-25	0.0
Portugal	2022-10-26	0.0
Portugal	2022-10-27	0.0
Portugal	2022-10-28	0.0
Portugal	2022-10-29	0.0
Portugal	2022-10-30	0.0
Portugal	2022-10-31	0.0
Portugal	2022-11-01	0.0
Portugal	2022-11-02	0.0
Portugal	2022-11-03	0.0
Portugal	2022-11-04	0.0
Portugal	2022-11-05	0.0
Portugal	2022-11-06	0.0
Portugal	2022-11-07	0.0
Portugal	2022-11-08	0.0
Portugal	2022-11-09	0.0
Portugal	2022-11-10	0.0
Portugal	2022-11-11	0.0
Portugal	2022-11-12	0.0
Portugal	2022-11-13	4.0
Portugal	2022-11-14	0.0
Portugal	2022-11-15	0.0
Portugal	2022-11-16	0.0
Portugal	2022-11-17	0.0
Portugal	2022-11-18	0.0
Portugal	2022-11-19	0.0
Portugal	2022-11-20	0.0
Portugal	2022-11-21	0.0
Portugal	2022-11-22	0.0
Portugal	2022-11-23	0.0
Portugal	2022-11-24	0.0
Portugal	2022-11-25	0.0
Portugal	2022-11-26	0.0
Portugal	2022-11-27	0.0
Portugal	2022-11-28	0.0
Portugal	2022-11-29	0.0
Portugal	2022-11-30	0.0
Portugal	2022-12-01	0.0
Portugal	2022-12-02	0.0
Portugal	2022-12-03	0.0
Portugal	2022-12-04	0.0
Portugal	2022-12-05	0.0
Portugal	2022-12-06	0.0
Portugal	2022-12-07	0.0
Portugal	2022-12-08	0.0
Portugal	2022-12-09	0.0
Portugal	2022-12-10	0.0
Portugal	2022-12-11	0.0
Portugal	2022-12-12	0.0
Portugal	2022-12-13	0.0
Portugal	2022-12-14	0.0
Portugal	2022-12-15	0.0
Portugal	2022-12-16	0.0
Portugal	2022-12-17	0.0
Portugal	2022-12-18	0.0
Portugal	2022-12-19	0.0
Portugal	2022-12-20	0.0
Portugal	2022-12-21	0.0
Portugal	2022-12-22	0.0
Portugal	2022-12-23	0.0
Portugal	2022-12-24	0.0
Portugal	2022-12-25	0.0
Portugal	2022-12-26	0.0
Portugal	2022-12-27	0.0
Portugal	2022-12-28	0.0
Portugal	2022-12-29	0.0
Portugal	2022-12-30	0.0
Portugal	2022-12-31	0.0
Portugal	2023-01-01	0.0
Portugal	2023-01-02	0.0
Portugal	2023-01-03	2.0
Portugal	2023-01-04	0.0
Portugal	2023-01-05	0.0
Portugal	2023-01-06	0.0
Portugal	2023-01-07	0.0
Portugal	2023-01-08	0.0
Portugal	2023-01-09	0.0
Portugal	2023-01-10	0.0
Portugal	2023-01-11	0.0
Portugal	2023-01-12	0.0
Portugal	2023-01-13	0.0
Portugal	2023-01-14	0.0
Portugal	2023-01-15	0.0
Portugal	2023-01-16	0.0
Portugal	2023-01-17	0.0
Portugal	2023-01-18	0.0
Portugal	2023-01-19	0.0
Portugal	2023-01-20	0.0
Portugal	2023-01-21	0.0
Portugal	2023-01-22	0.0
Portugal	2023-01-23	0.0
Portugal	2023-01-24	0.0
Portugal	2023-01-25	0.0
Portugal	2023-01-26	0.0
Slovakia	2022-07-07	1.0
Slovakia	2022-07-08	0.0
Slovakia	2022-07-09	0.0
Slovakia	2022-07-10	0.0
Slovakia	2022-07-11	0.0
Slovakia	2022-07-12	0.0
Slovakia	2022-07-13	0.0
Slovakia	2022-07-14	0.0
Slovakia	2022-07-15	1.0
Slovakia	2022-07-16	0.0
Slovakia	2022-07-17	0.0
Slovakia	2022-07-18	0.0
Slovakia	2022-07-19	0.0
Slovakia	2022-07-20	0.0
Slovakia	2022-07-21	0.0
Slovakia	2022-07-22	1.0
Slovakia	2022-07-23	0.0
Slovakia	2022-07-24	0.0
Slovakia	2022-07-25	0.0
Slovakia	2022-07-26	0.0
Slovakia	2022-07-27	0.0
Slovakia	2022-07-28	0.0
Slovakia	2022-07-29	3.0
Slovakia	2022-07-30	0.0
Slovakia	2022-07-31	0.0
Slovakia	2022-08-01	0.0
Slovakia	2022-08-02	0.0
Slovakia	2022-08-03	0.0
Slovakia	2022-08-04	0.0
Slovakia	2022-08-05	0.0
Slovakia	2022-08-06	0.0
Slovakia	2022-08-07	0.0
Slovakia	2022-08-08	2.0
Slovakia	2022-08-09	0.0
Slovakia	2022-08-10	0.0
Slovakia	2022-08-11	1.0
Slovakia	2022-08-12	0.0
Slovakia	2022-08-13	0.0
Slovakia	2022-08-14	1.0
Slovakia	2022-08-15	0.0
Slovakia	2022-08-16	0.0
Slovakia	2022-08-17	0.0
Slovakia	2022-08-18	0.0
Slovakia	2022-08-19	0.0
Slovakia	2022-08-20	0.0
Slovakia	2022-08-21	0.0
Slovakia	2022-08-22	2.0
Slovakia	2022-08-23	0.0
Slovakia	2022-08-24	0.0
Slovakia	2022-08-25	0.0
Slovakia	2022-08-26	0.0
Slovakia	2022-08-27	0.0
Slovakia	2022-08-28	0.0
Slovakia	2022-08-29	0.0
Slovakia	2022-08-30	0.0
Slovakia	2022-08-31	0.0
Slovakia	2022-09-01	0.0
Slovakia	2022-09-02	0.0
Slovakia	2022-09-03	0.0
Slovakia	2022-09-04	2.0
Slovakia	2022-09-05	0.0
Slovakia	2022-09-06	0.0
Slovakia	2022-09-07	0.0
Slovakia	2022-09-08	0.0
Slovakia	2022-09-09	0.0
Slovakia	2022-09-10	0.0
Slovakia	2022-09-11	0.0
Slovakia	2022-09-12	0.0
Slovakia	2022-09-13	0.0
Slovakia	2022-09-14	0.0
Slovakia	2022-09-15	0.0
Slovakia	2022-09-16	0.0
Slovakia	2022-09-17	0.0
Slovakia	2022-09-18	0.0
Slovakia	2022-09-19	0.0
Slovakia	2022-09-20	0.0
Slovakia	2022-09-21	0.0
Slovakia	2022-09-22	0.0
Slovakia	2022-09-23	0.0
Slovakia	2022-09-24	0.0
Slovakia	2022-09-25	0.0
Slovakia	2022-09-26	0.0
Slovakia	2022-09-27	0.0
Slovakia	2022-09-28	0.0
Slovakia	2022-09-29	0.0
Slovakia	2022-09-30	0.0
Slovakia	2022-10-01	0.0
Slovakia	2022-10-02	0.0
Slovakia	2022-10-03	0.0
Slovakia	2022-10-04	0.0
Slovakia	2022-10-05	0.0
Slovakia	2022-10-06	0.0
Slovakia	2022-10-07	0.0
Slovakia	2022-10-08	0.0
Slovakia	2022-10-09	0.0
Slovakia	2022-10-10	0.0
Slovakia	2022-10-11	0.0
Slovakia	2022-10-12	0.0
Slovakia	2022-10-13	0.0
Slovakia	2022-10-14	0.0
Slovakia	2022-10-15	0.0
Slovakia	2022-10-16	0.0
Slovakia	2022-10-17	0.0
Slovakia	2022-10-18	0.0
Slovakia	2022-10-19	0.0
Slovakia	2022-10-20	0.0
Slovakia	2022-10-21	0.0
Slovakia	2022-10-22	0.0
Slovakia	2022-10-23	0.0
Slovakia	2022-10-24	0.0
Slovakia	2022-10-25	0.0
Slovakia	2022-10-26	0.0
Slovakia	2022-10-27	0.0
Slovakia	2022-10-28	0.0
Slovakia	2022-10-29	0.0
Slovakia	2022-10-30	0.0
Slovakia	2022-10-31	0.0
Slovakia	2022-11-01	0.0
Slovakia	2022-11-02	0.0
Slovakia	2022-11-03	0.0
Slovakia	2022-11-04	0.0
Slovakia	2022-11-05	0.0
Slovakia	2022-11-06	0.0
Slovakia	2022-11-07	0.0
Slovakia	2022-11-08	0.0
Slovakia	2022-11-09	0.0
Slovakia	2022-11-10	0.0
Slovakia	2022-11-11	0.0
Slovakia	2022-11-12	0.0
Slovakia	2022-11-13	0.0
Slovakia	2022-11-14	0.0
Slovakia	2022-11-15	0.0
Slovakia	2022-11-16	0.0
Slovakia	2022-11-17	0.0
Slovakia	2022-11-18	0.0
Slovakia	2022-11-19	0.0
Slovakia	2022-11-20	0.0
Slovakia	2022-11-21	0.0
Slovakia	2022-11-22	0.0
Slovakia	2022-11-23	0.0
Slovakia	2022-11-24	0.0
Slovakia	2022-11-25	0.0
Slovakia	2022-11-26	0.0
Slovakia	2022-11-27	0.0
Slovakia	2022-11-28	0.0
Slovakia	2022-11-29	0.0
Slovakia	2022-11-30	0.0
Slovakia	2022-12-01	0.0
Slovakia	2022-12-02	0.0
Slovakia	2022-12-03	0.0
Slovakia	2022-12-04	0.0
Slovakia	2022-12-05	0.0
Slovakia	2022-12-06	0.0
Slovakia	2022-12-07	0.0
Slovakia	2022-12-08	0.0
Slovakia	2022-12-09	0.0
Slovakia	2022-12-10	0.0
Slovakia	2022-12-11	0.0
Slovakia	2022-12-12	0.0
Slovakia	2022-12-13	0.0
Slovakia	2022-12-14	0.0
Slovakia	2022-12-15	0.0
Slovakia	2022-12-16	0.0
Slovakia	2022-12-17	0.0
Slovakia	2022-12-18	0.0
Slovakia	2022-12-19	0.0
Slovakia	2022-12-20	0.0
Slovakia	2022-12-21	0.0
Slovakia	2022-12-22	0.0
Slovakia	2022-12-23	0.0
Slovakia	2022-12-24	0.0
Slovakia	2022-12-25	0.0
Slovakia	2022-12-26	0.0
Slovakia	2022-12-27	0.0
Slovakia	2022-12-28	0.0
Slovakia	2022-12-29	0.0
Slovakia	2022-12-30	0.0
Slovakia	2022-12-31	0.0
Slovakia	2023-01-01	0.0
Slovakia	2023-01-02	0.0
Slovakia	2023-01-03	0.0
Slovakia	2023-01-04	0.0
Slovakia	2023-01-05	0.0
Slovakia	2023-01-06	0.0
Slovakia	2023-01-07	0.0
Slovakia	2023-01-08	0.0
Slovakia	2023-01-09	0.0
Slovakia	2023-01-10	0.0
Slovakia	2023-01-11	0.0
Slovakia	2023-01-12	0.0
Slovakia	2023-01-13	0.0
Slovakia	2023-01-14	0.0
Slovakia	2023-01-15	0.0
Slovakia	2023-01-16	0.0
Slovakia	2023-01-17	0.0
Slovakia	2023-01-18	0.0
Slovakia	2023-01-19	0.0
Slovakia	2023-01-20	0.0
Slovakia	2023-01-21	0.0
Slovakia	2023-01-22	0.0
Slovakia	2023-01-23	0.0
Slovakia	2023-01-24	0.0
Slovakia	2023-01-25	0.0
Slovakia	2023-01-26	0.0
Slovenia	2022-05-24	1.0
Slovenia	2022-05-25	1.0
Slovenia	2022-05-26	0.0
Slovenia	2022-05-27	0.0
Slovenia	2022-05-28	0.0
Slovenia	2022-05-29	0.0
Slovenia	2022-05-30	0.0
Slovenia	2022-05-31	0.0
Slovenia	2022-06-01	0.0
Slovenia	2022-06-02	1.0
Slovenia	2022-06-03	0.0
Slovenia	2022-06-04	0.0
Slovenia	2022-06-05	0.0
Slovenia	2022-06-06	3.0
Slovenia	2022-06-07	0.0
Slovenia	2022-06-08	0.0
Slovenia	2022-06-09	0.0
Slovenia	2022-06-10	0.0
Slovenia	2022-06-11	0.0
Slovenia	2022-06-12	0.0
Slovenia	2022-06-13	1.0
Slovenia	2022-06-14	0.0
Slovenia	2022-06-15	0.0
Slovenia	2022-06-16	0.0
Slovenia	2022-06-17	0.0
Slovenia	2022-06-18	0.0
Slovenia	2022-06-19	0.0
Slovenia	2022-06-20	0.0
Slovenia	2022-06-21	0.0
Slovenia	2022-06-22	1.0
Slovenia	2022-06-23	1.0
Slovenia	2022-06-24	0.0
Slovenia	2022-06-25	0.0
Slovenia	2022-06-26	0.0
Slovenia	2022-06-27	0.0
Slovenia	2022-06-28	0.0
Slovenia	2022-06-29	0.0
Slovenia	2022-06-30	0.0
Slovenia	2022-07-01	0.0
Slovenia	2022-07-02	0.0
Slovenia	2022-07-03	0.0
Slovenia	2022-07-04	3.0
Slovenia	2022-07-05	0.0
Slovenia	2022-07-06	0.0
Slovenia	2022-07-07	2.0
Slovenia	2022-07-08	0.0
Slovenia	2022-07-09	0.0
Slovenia	2022-07-10	4.0
Slovenia	2022-07-11	0.0
Slovenia	2022-07-12	0.0
Slovenia	2022-07-13	0.0
Slovenia	2022-07-14	1.0
Slovenia	2022-07-15	1.0
Slovenia	2022-07-16	0.0
Slovenia	2022-07-17	0.0
Slovenia	2022-07-18	4.0
Slovenia	2022-07-19	2.0
Slovenia	2022-07-20	0.0
Slovenia	2022-07-21	1.0
Slovenia	2022-07-22	0.0
Slovenia	2022-07-23	0.0
Slovenia	2022-07-24	0.0
Slovenia	2022-07-25	1.0
Slovenia	2022-07-26	5.0
Slovenia	2022-07-27	0.0
Slovenia	2022-07-28	0.0
Slovenia	2022-07-29	0.0
Slovenia	2022-07-30	0.0
Slovenia	2022-07-31	0.0
Slovenia	2022-08-01	2.0
Slovenia	2022-08-02	2.0
Slovenia	2022-08-03	0.0
Slovenia	2022-08-04	0.0
Slovenia	2022-08-05	0.0
Slovenia	2022-08-06	0.0
Slovenia	2022-08-07	0.0
Slovenia	2022-08-08	1.0
Slovenia	2022-08-09	2.0
Slovenia	2022-08-10	1.0
Slovenia	2022-08-11	0.0
Slovenia	2022-08-12	2.0
Slovenia	2022-08-13	0.0
Slovenia	2022-08-14	0.0
Slovenia	2022-08-15	0.0
Slovenia	2022-08-16	0.0
Slovenia	2022-08-17	0.0
Slovenia	2022-08-18	0.0
Slovenia	2022-08-19	0.0
Slovenia	2022-08-20	0.0
Slovenia	2022-08-21	0.0
Slovenia	2022-08-22	0.0
Slovenia	2022-08-23	0.0
Slovenia	2022-08-24	0.0
Slovenia	2022-08-25	0.0
Slovenia	2022-08-26	0.0
Slovenia	2022-08-27	0.0
Slovenia	2022-08-28	0.0
Slovenia	2022-08-29	0.0
Slovenia	2022-08-30	0.0
Slovenia	2022-08-31	0.0
Slovenia	2022-09-01	0.0
Slovenia	2022-09-02	0.0
Slovenia	2022-09-03	0.0
Slovenia	2022-09-04	1.0
Slovenia	2022-09-05	0.0
Slovenia	2022-09-06	1.0
Slovenia	2022-09-07	0.0
Slovenia	2022-09-08	0.0
Slovenia	2022-09-09	0.0
Slovenia	2022-09-10	0.0
Slovenia	2022-09-11	1.0
Slovenia	2022-09-12	0.0
Slovenia	2022-09-13	0.0
Slovenia	2022-09-14	0.0
Slovenia	2022-09-15	0.0
Slovenia	2022-09-16	0.0
Slovenia	2022-09-17	0.0
Slovenia	2022-09-18	0.0
Slovenia	2022-09-19	0.0
Slovenia	2022-09-20	0.0
Slovenia	2022-09-21	0.0
Slovenia	2022-09-22	0.0
Slovenia	2022-09-23	0.0
Slovenia	2022-09-24	0.0
Slovenia	2022-09-25	0.0
Slovenia	2022-09-26	1.0
Slovenia	2022-09-27	0.0
Slovenia	2022-09-28	0.0
Slovenia	2022-09-29	0.0
Slovenia	2022-09-30	0.0
Slovenia	2022-10-01	0.0
Slovenia	2022-10-02	0.0
Slovenia	2022-10-03	0.0
Slovenia	2022-10-04	0.0
Slovenia	2022-10-05	0.0
Slovenia	2022-10-06	0.0
Slovenia	2022-10-07	0.0
Slovenia	2022-10-08	0.0
Slovenia	2022-10-09	0.0
Slovenia	2022-10-10	0.0
Slovenia	2022-10-11	0.0
Slovenia	2022-10-12	0.0
Slovenia	2022-10-13	0.0
Slovenia	2022-10-14	0.0
Slovenia	2022-10-15	0.0
Slovenia	2022-10-16	0.0
Slovenia	2022-10-17	0.0
Slovenia	2022-10-18	0.0
Slovenia	2022-10-19	0.0
Slovenia	2022-10-20	0.0
Slovenia	2022-10-21	0.0
Slovenia	2022-10-22	0.0
Slovenia	2022-10-23	0.0
Slovenia	2022-10-24	0.0
Slovenia	2022-10-25	0.0
Slovenia	2022-10-26	0.0
Slovenia	2022-10-27	0.0
Slovenia	2022-10-28	0.0
Slovenia	2022-10-29	0.0
Slovenia	2022-10-30	0.0
Slovenia	2022-10-31	0.0
Slovenia	2022-11-01	0.0
Slovenia	2022-11-02	0.0
Slovenia	2022-11-03	0.0
Slovenia	2022-11-04	0.0
Slovenia	2022-11-05	0.0
Slovenia	2022-11-06	0.0
Slovenia	2022-11-07	0.0
Slovenia	2022-11-08	0.0
Slovenia	2022-11-09	0.0
Slovenia	2022-11-10	0.0
Slovenia	2022-11-11	0.0
Slovenia	2022-11-12	0.0
Slovenia	2022-11-13	0.0
Slovenia	2022-11-14	0.0
Slovenia	2022-11-15	0.0
Slovenia	2022-11-16	0.0
Slovenia	2022-11-17	0.0
Slovenia	2022-11-18	0.0
Slovenia	2022-11-19	0.0
Slovenia	2022-11-20	0.0
Slovenia	2022-11-21	0.0
Slovenia	2022-11-22	0.0
Slovenia	2022-11-23	0.0
Slovenia	2022-11-24	0.0
Slovenia	2022-11-25	0.0
Slovenia	2022-11-26	0.0
Slovenia	2022-11-27	0.0
Slovenia	2022-11-28	0.0
Slovenia	2022-11-29	0.0
Slovenia	2022-11-30	0.0
Slovenia	2022-12-01	0.0
Slovenia	2022-12-02	0.0
Slovenia	2022-12-03	0.0
Slovenia	2022-12-04	0.0
Slovenia	2022-12-05	0.0
Slovenia	2022-12-06	0.0
Slovenia	2022-12-07	0.0
Slovenia	2022-12-08	0.0
Slovenia	2022-12-09	0.0
Slovenia	2022-12-10	0.0
Slovenia	2022-12-11	0.0
Slovenia	2022-12-12	0.0
Slovenia	2022-12-13	0.0
Slovenia	2022-12-14	0.0
Slovenia	2022-12-15	0.0
Slovenia	2022-12-16	0.0
Slovenia	2022-12-17	0.0
Slovenia	2022-12-18	0.0
Slovenia	2022-12-19	0.0
Slovenia	2022-12-20	0.0
Slovenia	2022-12-21	0.0
Slovenia	2022-12-22	0.0
Slovenia	2022-12-23	0.0
Slovenia	2022-12-24	0.0
Slovenia	2022-12-25	0.0
Slovenia	2022-12-26	0.0
Slovenia	2022-12-27	0.0
Slovenia	2022-12-28	0.0
Slovenia	2022-12-29	0.0
Slovenia	2022-12-30	0.0
Slovenia	2022-12-31	0.0
Slovenia	2023-01-01	0.0
Slovenia	2023-01-02	0.0
Slovenia	2023-01-03	0.0
Slovenia	2023-01-04	0.0
Slovenia	2023-01-05	0.0
Slovenia	2023-01-06	0.0
Slovenia	2023-01-07	0.0
Slovenia	2023-01-08	0.0
Slovenia	2023-01-09	0.0
Slovenia	2023-01-10	0.0
Slovenia	2023-01-11	0.0
Slovenia	2023-01-12	0.0
Slovenia	2023-01-13	0.0
Slovenia	2023-01-14	0.0
Slovenia	2023-01-15	0.0
Slovenia	2023-01-16	0.0
Slovenia	2023-01-17	0.0
Slovenia	2023-01-18	0.0
Slovenia	2023-01-19	0.0
Slovenia	2023-01-20	0.0
Slovenia	2023-01-21	0.0
Slovenia	2023-01-22	0.0
Slovenia	2023-01-23	0.0
Slovenia	2023-01-24	0.0
Slovenia	2023-01-25	0.0
Slovenia	2023-01-26	0.0
Spain	2022-05-18	0.0
Spain	2022-05-19	7.0
Spain	2022-05-20	16.0
Spain	2022-05-21	0.0
Spain	2022-05-22	17.0
Spain	2022-05-23	0.0
Spain	2022-05-24	0.0
Spain	2022-05-25	0.0
Spain	2022-05-26	0.0
Spain	2022-05-27	0.0
Spain	2022-05-28	0.0
Spain	2022-05-29	0.0
Spain	2022-05-30	58.0
Spain	2022-05-31	0.0
Spain	2022-06-01	44.0
Spain	2022-06-02	14.0
Spain	2022-06-03	30.0
Spain	2022-06-04	0.0
Spain	2022-06-05	0.0
Spain	2022-06-06	0.0
Spain	2022-06-07	12.0
Spain	2022-06-08	0.0
Spain	2022-06-09	0.0
Spain	2022-06-10	61.0
Spain	2022-06-11	0.0
Spain	2022-06-12	0.0
Spain	2022-06-13	16.0
Spain	2022-06-14	38.0
Spain	2022-06-15	0.0
Spain	2022-06-16	0.0
Spain	2022-06-17	184.0
Spain	2022-06-18	0.0
Spain	2022-06-19	0.0
Spain	2022-06-20	0.0
Spain	2022-06-21	23.0
Spain	2022-06-22	0.0
Spain	2022-06-23	0.0
Spain	2022-06-24	216.0
Spain	2022-06-25	0.0
Spain	2022-06-26	0.0
Spain	2022-06-27	0.0
Spain	2022-06-28	64.0
Spain	2022-06-29	0.0
Spain	2022-06-30	0.0
Spain	2022-07-01	0.0
Spain	2022-07-02	0.0
Spain	2022-07-03	0.0
Spain	2022-07-04	0.0
Spain	2022-07-05	456.0
Spain	2022-07-06	221.0
Spain	2022-07-07	0.0
Spain	2022-07-08	0.0
Spain	2022-07-09	0.0
Spain	2022-07-10	557.0
Spain	2022-07-11	0.0
Spain	2022-07-12	0.0
Spain	2022-07-13	413.0
Spain	2022-07-14	0.0
Spain	2022-07-15	0.0
Spain	2022-07-16	0.0
Spain	2022-07-17	0.0
Spain	2022-07-18	388.0
Spain	2022-07-19	0.0
Spain	2022-07-20	290.0
Spain	2022-07-21	0.0
Spain	2022-07-22	0.0
Spain	2022-07-23	0.0
Spain	2022-07-24	0.0
Spain	2022-07-25	26.0
Spain	2022-07-26	445.0
Spain	2022-07-27	142.0
Spain	2022-07-28	0.0
Spain	2022-07-29	0.0
Spain	2022-07-30	0.0
Spain	2022-07-31	0.0
Spain	2022-08-01	560.0
Spain	2022-08-02	279.0
Spain	2022-08-03	0.0
Spain	2022-08-04	0.0
Spain	2022-08-05	0.0
Spain	2022-08-06	0.0
Spain	2022-08-07	0.0
Spain	2022-08-08	365.0
Spain	2022-08-09	220.0
Spain	2022-08-10	0.0
Spain	2022-08-11	108.0
Spain	2022-08-12	0.0
Spain	2022-08-13	0.0
Spain	2022-08-14	449.0
Spain	2022-08-15	0.0
Spain	2022-08-16	0.0
Spain	2022-08-17	73.0
Spain	2022-08-18	0.0
Spain	2022-08-19	0.0
Spain	2022-08-20	0.0
Spain	2022-08-21	0.0
Spain	2022-08-22	327.0
Spain	2022-08-23	164.0
Spain	2022-08-24	1.0
Spain	2022-08-25	0.0
Spain	2022-08-26	175.0
Spain	2022-08-27	0.0
Spain	2022-08-28	0.0
Spain	2022-08-29	0.0
Spain	2022-08-30	84.0
Spain	2022-08-31	0.0
Spain	2022-09-01	0.0
Spain	2022-09-02	0.0
Spain	2022-09-03	0.0
Spain	2022-09-04	102.0
Spain	2022-09-05	0.0
Spain	2022-09-06	104.0
Spain	2022-09-07	0.0
Spain	2022-09-08	0.0
Spain	2022-09-09	0.0
Spain	2022-09-10	0.0
Spain	2022-09-11	143.0
Spain	2022-09-12	0.0
Spain	2022-09-13	55.0
Spain	2022-09-14	0.0
Spain	2022-09-15	0.0
Spain	2022-09-16	0.0
Spain	2022-09-17	0.0
Spain	2022-09-18	0.0
Spain	2022-09-19	90.0
Spain	2022-09-20	46.0
Spain	2022-09-21	0.0
Spain	2022-09-22	0.0
Spain	2022-09-23	0.0
Spain	2022-09-24	0.0
Spain	2022-09-25	0.0
Spain	2022-09-26	39.0
Spain	2022-09-27	27.0
Spain	2022-09-28	0.0
Spain	2022-09-29	0.0
Spain	2022-09-30	39.0
Spain	2022-10-01	0.0
Spain	2022-10-02	0.0
Spain	2022-10-03	0.0
Spain	2022-10-04	21.0
Spain	2022-10-05	0.0
Spain	2022-10-06	0.0
Spain	2022-10-07	0.0
Spain	2022-10-08	0.0
Spain	2022-10-09	0.0
Spain	2022-10-10	10.0
Spain	2022-10-11	20.0
Spain	2022-10-12	0.0
Spain	2022-10-13	0.0
Spain	2022-10-14	0.0
Spain	2022-10-15	0.0
Spain	2022-10-16	0.0
Spain	2022-10-17	0.0
Spain	2022-10-18	0.0
Spain	2022-10-19	38.0
Spain	2022-10-20	0.0
Spain	2022-10-21	0.0
Spain	2022-10-22	0.0
Spain	2022-10-23	0.0
Spain	2022-10-24	0.0
Spain	2022-10-25	40.0
Spain	2022-10-26	0.0
Spain	2022-10-27	0.0
Spain	2022-10-28	0.0
Spain	2022-10-29	0.0
Spain	2022-10-30	0.0
Spain	2022-10-31	0.0
Spain	2022-11-01	0.0
Spain	2022-11-02	0.0
Spain	2022-11-03	0.0
Spain	2022-11-04	19.0
Spain	2022-11-05	0.0
Spain	2022-11-06	0.0
Spain	2022-11-07	0.0
Spain	2022-11-08	0.0
Spain	2022-11-09	0.0
Spain	2022-11-10	0.0
Spain	2022-11-11	0.0
Spain	2022-11-12	0.0
Spain	2022-11-13	41.0
Spain	2022-11-14	0.0
Spain	2022-11-15	15.0
Spain	2022-11-16	0.0
Spain	2022-11-17	0.0
Spain	2022-11-18	0.0
Spain	2022-11-19	0.0
Spain	2022-11-20	0.0
Spain	2022-11-21	0.0
Spain	2022-11-22	13.0
Spain	2022-11-23	0.0
Spain	2022-11-24	0.0
Spain	2022-11-25	0.0
Spain	2022-11-26	0.0
Spain	2022-11-27	0.0
Spain	2022-11-28	0.0
Spain	2022-11-29	3.0
Spain	2022-11-30	0.0
Spain	2022-12-01	0.0
Spain	2022-12-02	0.0
Spain	2022-12-03	0.0
Spain	2022-12-04	0.0
Spain	2022-12-05	0.0
Spain	2022-12-06	0.0
Spain	2022-12-07	0.0
Spain	2022-12-08	0.0
Spain	2022-12-09	4.0
Spain	2022-12-10	0.0
Spain	2022-12-11	0.0
Spain	2022-12-12	0.0
Spain	2022-12-13	4.0
Spain	2022-12-14	0.0
Spain	2022-12-15	0.0
Spain	2022-12-16	0.0
Spain	2022-12-17	0.0
Spain	2022-12-18	0.0
Spain	2022-12-19	0.0
Spain	2022-12-20	80.0
Spain	2022-12-21	0.0
Spain	2022-12-22	0.0
Spain	2022-12-23	0.0
Spain	2022-12-24	0.0
Spain	2022-12-25	0.0
Spain	2022-12-26	0.0
Spain	2022-12-27	0.0
Spain	2022-12-28	0.0
Spain	2022-12-29	0.0
Spain	2022-12-30	0.0
Spain	2022-12-31	0.0
Spain	2023-01-01	0.0
Spain	2023-01-02	0.0
Spain	2023-01-03	4.0
Spain	2023-01-04	0.0
Spain	2023-01-05	0.0
Spain	2023-01-06	0.0
Spain	2023-01-07	0.0
Spain	2023-01-08	0.0
Spain	2023-01-09	0.0
Spain	2023-01-10	5.0
Spain	2023-01-11	0.0
Spain	2023-01-12	0.0
Spain	2023-01-13	0.0
Spain	2023-01-14	0.0
Spain	2023-01-15	0.0
Spain	2023-01-16	0.0
Spain	2023-01-17	9.0
Spain	2023-01-18	0.0
Spain	2023-01-19	0.0
Spain	2023-01-20	0.0
Spain	2023-01-21	0.0
Spain	2023-01-22	0.0
Spain	2023-01-23	0.0
Spain	2023-01-24	4.0
Spain	2023-01-25	0.0
Spain	2023-01-26	0.0
Switzerland	2022-05-21	1.0
Switzerland	2022-05-22	0.0
Switzerland	2022-05-23	0.0
Switzerland	2022-05-24	0.0
Switzerland	2022-05-25	1.0
Switzerland	2022-05-26	0.0
Switzerland	2022-05-27	1.0
Switzerland	2022-05-28	0.0
Switzerland	2022-05-29	0.0
Switzerland	2022-05-30	1.0
Switzerland	2022-05-31	0.0
Switzerland	2022-06-01	0.0
Switzerland	2022-06-02	0.0
Switzerland	2022-06-03	2.0
Switzerland	2022-06-04	2.0
Switzerland	2022-06-05	0.0
Switzerland	2022-06-06	0.0
Switzerland	2022-06-07	0.0
Switzerland	2022-06-08	2.0
Switzerland	2022-06-09	2.0
Switzerland	2022-06-10	0.0
Switzerland	2022-06-11	0.0
Switzerland	2022-06-12	2.0
Switzerland	2022-06-13	5.0
Switzerland	2022-06-14	1.0
Switzerland	2022-06-15	8.0
Switzerland	2022-06-16	2.0
Switzerland	2022-06-17	1.0
Switzerland	2022-06-18	0.0
Switzerland	2022-06-19	0.0
Switzerland	2022-06-20	9.0
Switzerland	2022-06-21	1.0
Switzerland	2022-06-22	5.0
Switzerland	2022-06-23	9.0
Switzerland	2022-06-24	0.0
Switzerland	2022-06-25	0.0
Switzerland	2022-06-26	0.0
Switzerland	2022-06-27	13.0
Switzerland	2022-06-28	4.0
Switzerland	2022-06-29	9.0
Switzerland	2022-06-30	2.0
Switzerland	2022-07-01	8.0
Switzerland	2022-07-02	24.0
Switzerland	2022-07-03	0.0
Switzerland	2022-07-04	0.0
Switzerland	2022-07-05	6.0
Switzerland	2022-07-06	0.0
Switzerland	2022-07-07	10.0
Switzerland	2022-07-08	0.0
Switzerland	2022-07-09	0.0
Switzerland	2022-07-10	9.0
Switzerland	2022-07-11	0.0
Switzerland	2022-07-12	23.0
Switzerland	2022-07-13	2.0
Switzerland	2022-07-14	16.0
Switzerland	2022-07-15	8.0
Switzerland	2022-07-16	0.0
Switzerland	2022-07-17	0.0
Switzerland	2022-07-18	9.0
Switzerland	2022-07-19	10.0
Switzerland	2022-07-20	5.0
Switzerland	2022-07-21	3.0
Switzerland	2022-07-22	0.0
Switzerland	2022-07-23	0.0
Switzerland	2022-07-24	0.0
Switzerland	2022-07-25	13.0
Switzerland	2022-07-26	5.0
Switzerland	2022-07-27	4.0
Switzerland	2022-07-28	13.0
Switzerland	2022-07-29	13.0
Switzerland	2022-07-30	0.0
Switzerland	2022-07-31	0.0
Switzerland	2022-08-01	8.0
Switzerland	2022-08-02	0.0
Switzerland	2022-08-03	26.0
Switzerland	2022-08-04	6.0
Switzerland	2022-08-05	8.0
Switzerland	2022-08-06	0.0
Switzerland	2022-08-07	0.0
Switzerland	2022-08-08	4.0
Switzerland	2022-08-09	19.0
Switzerland	2022-08-10	12.0
Switzerland	2022-08-11	14.0
Switzerland	2022-08-12	7.0
Switzerland	2022-08-13	0.0
Switzerland	2022-08-14	8.0
Switzerland	2022-08-15	0.0
Switzerland	2022-08-16	11.0
Switzerland	2022-08-17	1.0
Switzerland	2022-08-18	4.0
Switzerland	2022-08-19	0.0
Switzerland	2022-08-20	0.0
Switzerland	2022-08-21	0.0
Switzerland	2022-08-22	24.0
Switzerland	2022-08-23	0.0
Switzerland	2022-08-24	8.0
Switzerland	2022-08-25	7.0
Switzerland	2022-08-26	0.0
Switzerland	2022-08-27	0.0
Switzerland	2022-08-28	0.0
Switzerland	2022-08-29	5.0
Switzerland	2022-08-30	19.0
Switzerland	2022-08-31	1.0
Switzerland	2022-09-01	15.0
Switzerland	2022-09-02	0.0
Switzerland	2022-09-03	0.0
Switzerland	2022-09-04	5.0
Switzerland	2022-09-05	0.0
Switzerland	2022-09-06	4.0
Switzerland	2022-09-07	1.0
Switzerland	2022-09-08	3.0
Switzerland	2022-09-09	0.0
Switzerland	2022-09-10	0.0
Switzerland	2022-09-11	0.0
Switzerland	2022-09-12	0.0
Switzerland	2022-09-13	6.0
Switzerland	2022-09-14	0.0
Switzerland	2022-09-15	4.0
Switzerland	2022-09-16	4.0
Switzerland	2022-09-17	0.0
Switzerland	2022-09-18	0.0
Switzerland	2022-09-19	4.0
Switzerland	2022-09-20	0.0
Switzerland	2022-09-21	1.0
Switzerland	2022-09-22	0.0
Switzerland	2022-09-23	0.0
Switzerland	2022-09-24	0.0
Switzerland	2022-09-25	0.0
Switzerland	2022-09-26	10.0
Switzerland	2022-09-27	0.0
Switzerland	2022-09-28	0.0
Switzerland	2022-09-29	0.0
Switzerland	2022-09-30	0.0
Switzerland	2022-10-01	0.0
Switzerland	2022-10-02	0.0
Switzerland	2022-10-03	0.0
Switzerland	2022-10-04	3.0
Switzerland	2022-10-05	0.0
Switzerland	2022-10-06	0.0
Switzerland	2022-10-07	1.0
Switzerland	2022-10-08	0.0
Switzerland	2022-10-09	0.0
Switzerland	2022-10-10	0.0
Switzerland	2022-10-11	4.0
Switzerland	2022-10-12	0.0
Switzerland	2022-10-13	0.0
Switzerland	2022-10-14	0.0
Switzerland	2022-10-15	0.0
Switzerland	2022-10-16	0.0
Switzerland	2022-10-17	0.0
Switzerland	2022-10-18	0.0
Switzerland	2022-10-19	21.0
Switzerland	2022-10-20	0.0
Switzerland	2022-10-21	2.0
Switzerland	2022-10-22	0.0
Switzerland	2022-10-23	0.0
Switzerland	2022-10-24	0.0
Switzerland	2022-10-25	2.0
Switzerland	2022-10-26	0.0
Switzerland	2022-10-27	0.0
Switzerland	2022-10-28	0.0
Switzerland	2022-10-29	0.0
Switzerland	2022-10-30	0.0
Switzerland	2022-10-31	0.0
Switzerland	2022-11-01	0.0
Switzerland	2022-11-02	0.0
Switzerland	2022-11-03	0.0
Switzerland	2022-11-04	0.0
Switzerland	2022-11-05	0.0
Switzerland	2022-11-06	0.0
Switzerland	2022-11-07	0.0
Switzerland	2022-11-08	0.0
Switzerland	2022-11-09	0.0
Switzerland	2022-11-10	0.0
Switzerland	2022-11-11	0.0
Switzerland	2022-11-12	0.0
Switzerland	2022-11-13	0.0
Switzerland	2022-11-14	0.0
Switzerland	2022-11-15	0.0
Switzerland	2022-11-16	0.0
Switzerland	2022-11-17	0.0
Switzerland	2022-11-18	0.0
Switzerland	2022-11-19	0.0
Switzerland	2022-11-20	0.0
Switzerland	2022-11-21	0.0
Switzerland	2022-11-22	0.0
Switzerland	2022-11-23	0.0
Switzerland	2022-11-24	0.0
Switzerland	2022-11-25	0.0
Switzerland	2022-11-26	0.0
Switzerland	2022-11-27	0.0
Switzerland	2022-11-28	0.0
Switzerland	2022-11-29	4.0
Switzerland	2022-11-30	0.0
Switzerland	2022-12-01	0.0
Switzerland	2022-12-02	0.0
Switzerland	2022-12-03	0.0
Switzerland	2022-12-04	0.0
Switzerland	2022-12-05	0.0
Switzerland	2022-12-06	1.0
Switzerland	2022-12-07	0.0
Switzerland	2022-12-08	0.0
Switzerland	2022-12-09	0.0
Switzerland	2022-12-10	0.0
Switzerland	2022-12-11	0.0
Switzerland	2022-12-12	0.0
Switzerland	2022-12-13	0.0
Switzerland	2022-12-14	0.0
Switzerland	2022-12-15	0.0
Switzerland	2022-12-16	0.0
Switzerland	2022-12-17	0.0
Switzerland	2022-12-18	0.0
Switzerland	2022-12-19	0.0
Switzerland	2022-12-20	0.0
Switzerland	2022-12-21	0.0
Switzerland	2022-12-22	0.0
Switzerland	2022-12-23	0.0
Switzerland	2022-12-24	0.0
Switzerland	2022-12-25	0.0
Switzerland	2022-12-26	0.0
Switzerland	2022-12-27	0.0
Switzerland	2022-12-28	0.0
Switzerland	2022-12-29	0.0
Switzerland	2022-12-30	0.0
Switzerland	2022-12-31	0.0
Switzerland	2023-01-01	0.0
Switzerland	2023-01-02	0.0
Switzerland	2023-01-03	0.0
Switzerland	2023-01-04	0.0
Switzerland	2023-01-05	0.0
Switzerland	2023-01-06	0.0
Switzerland	2023-01-07	0.0
Switzerland	2023-01-08	0.0
Switzerland	2023-01-09	0.0
Switzerland	2023-01-10	0.0
Switzerland	2023-01-11	0.0
Switzerland	2023-01-12	0.0
Switzerland	2023-01-13	0.0
Switzerland	2023-01-14	0.0
Switzerland	2023-01-15	0.0
Switzerland	2023-01-16	0.0
Switzerland	2023-01-17	0.0
Switzerland	2023-01-18	0.0
Switzerland	2023-01-19	0.0
Switzerland	2023-01-20	0.0
Switzerland	2023-01-21	0.0
Switzerland	2023-01-22	0.0
Switzerland	2023-01-23	0.0
Switzerland	2023-01-24	0.0
Switzerland	2023-01-25	0.0
Switzerland	2023-01-26	0.0
United Kingdom	2022-05-07	1.0
United Kingdom	2022-05-08	0.0
United Kingdom	2022-05-09	0.0
United Kingdom	2022-05-10	0.0
United Kingdom	2022-05-11	0.0
United Kingdom	2022-05-12	0.0
United Kingdom	2022-05-13	0.0
United Kingdom	2022-05-14	2.0
United Kingdom	2022-05-15	0.0
United Kingdom	2022-05-16	4.0
United Kingdom	2022-05-17	0.0
United Kingdom	2022-05-18	2.0
United Kingdom	2022-05-19	0.0
United Kingdom	2022-05-20	11.0
United Kingdom	2022-05-21	9.0
United Kingdom	2022-05-22	0.0
United Kingdom	2022-05-23	27.0
United Kingdom	2022-05-24	15.0
United Kingdom	2022-05-25	0.0
United Kingdom	2022-05-26	19.0
United Kingdom	2022-05-27	16.0
United Kingdom	2022-05-28	0.0
United Kingdom	2022-05-29	0.0
United Kingdom	2022-05-30	73.0
United Kingdom	2022-05-31	11.0
United Kingdom	2022-06-01	6.0
United Kingdom	2022-06-02	11.0
United Kingdom	2022-06-03	18.0
United Kingdom	2022-06-04	0.0
United Kingdom	2022-06-05	0.0
United Kingdom	2022-06-06	77.0
United Kingdom	2022-06-07	0.0
United Kingdom	2022-06-08	19.0
United Kingdom	2022-06-09	0.0
United Kingdom	2022-06-10	45.0
United Kingdom	2022-06-11	0.0
United Kingdom	2022-06-12	0.0
United Kingdom	2022-06-13	104.0
United Kingdom	2022-06-14	0.0
United Kingdom	2022-06-15	54.0
United Kingdom	2022-06-16	0.0
United Kingdom	2022-06-17	50.0
United Kingdom	2022-06-18	0.0
United Kingdom	2022-06-19	0.0
United Kingdom	2022-06-20	219.0
United Kingdom	2022-06-21	0.0
United Kingdom	2022-06-22	0.0
United Kingdom	2022-06-23	117.0
United Kingdom	2022-06-24	0.0
United Kingdom	2022-06-25	0.0
United Kingdom	2022-06-26	0.0
United Kingdom	2022-06-27	0.0
United Kingdom	2022-06-28	166.0
United Kingdom	2022-06-29	0.0
United Kingdom	2022-06-30	159.0
United Kingdom	2022-07-01	0.0
United Kingdom	2022-07-02	0.0
United Kingdom	2022-07-03	0.0
United Kingdom	2022-07-04	0.0
United Kingdom	2022-07-05	0.0
United Kingdom	2022-07-06	116.0
United Kingdom	2022-07-07	0.0
United Kingdom	2022-07-08	0.0
United Kingdom	2022-07-09	0.0
United Kingdom	2022-07-10	201.0
United Kingdom	2022-07-11	0.0
United Kingdom	2022-07-12	183.0
United Kingdom	2022-07-13	0.0
United Kingdom	2022-07-14	0.0
United Kingdom	2022-07-15	0.0
United Kingdom	2022-07-16	0.0
United Kingdom	2022-07-17	0.0
United Kingdom	2022-07-18	121.0
United Kingdom	2022-07-19	259.0
United Kingdom	2022-07-20	22.0
United Kingdom	2022-07-21	0.0
United Kingdom	2022-07-22	0.0
United Kingdom	2022-07-23	0.0
United Kingdom	2022-07-24	0.0
United Kingdom	2022-07-25	71.0
United Kingdom	2022-07-26	0.0
United Kingdom	2022-07-27	224.0
United Kingdom	2022-07-28	0.0
United Kingdom	2022-07-29	0.0
United Kingdom	2022-07-30	0.0
United Kingdom	2022-07-31	0.0
United Kingdom	2022-08-01	114.0
United Kingdom	2022-08-02	213.0
United Kingdom	2022-08-03	0.0
United Kingdom	2022-08-04	0.0
United Kingdom	2022-08-05	0.0
United Kingdom	2022-08-06	0.0
United Kingdom	2022-08-07	0.0
United Kingdom	2022-08-08	100.0
United Kingdom	2022-08-09	114.0
United Kingdom	2022-08-10	44.0
United Kingdom	2022-08-11	0.0
United Kingdom	2022-08-12	0.0
United Kingdom	2022-08-13	0.0
United Kingdom	2022-08-14	20.0
United Kingdom	2022-08-15	0.0
United Kingdom	2022-08-16	18.0
United Kingdom	2022-08-17	0.0
United Kingdom	2022-08-18	140.0
United Kingdom	2022-08-19	0.0
United Kingdom	2022-08-20	0.0
United Kingdom	2022-08-21	0.0
United Kingdom	2022-08-22	30.0
United Kingdom	2022-08-23	115.0
United Kingdom	2022-08-24	0.0
United Kingdom	2022-08-25	0.0
United Kingdom	2022-08-26	0.0
United Kingdom	2022-08-27	0.0
United Kingdom	2022-08-28	0.0
United Kingdom	2022-08-29	0.0
United Kingdom	2022-08-30	0.0
United Kingdom	2022-08-31	73.0
United Kingdom	2022-09-01	0.0
United Kingdom	2022-09-02	0.0
United Kingdom	2022-09-03	0.0
United Kingdom	2022-09-04	0.0
United Kingdom	2022-09-05	0.0
United Kingdom	2022-09-06	71.0
United Kingdom	2022-09-07	0.0
United Kingdom	2022-09-08	0.0
United Kingdom	2022-09-09	0.0
United Kingdom	2022-09-10	0.0
United Kingdom	2022-09-11	0.0
United Kingdom	2022-09-12	0.0
United Kingdom	2022-09-13	68.0
United Kingdom	2022-09-14	0.0
United Kingdom	2022-09-15	0.0
United Kingdom	2022-09-16	0.0
United Kingdom	2022-09-17	0.0
United Kingdom	2022-09-18	0.0
United Kingdom	2022-09-19	0.0
United Kingdom	2022-09-20	0.0
United Kingdom	2022-09-21	33.0
United Kingdom	2022-09-22	0.0
United Kingdom	2022-09-23	0.0
United Kingdom	2022-09-24	0.0
United Kingdom	2022-09-25	0.0
United Kingdom	2022-09-26	0.0
United Kingdom	2022-09-27	50.0
United Kingdom	2022-09-28	0.0
United Kingdom	2022-09-29	0.0
United Kingdom	2022-09-30	0.0
United Kingdom	2022-10-01	0.0
United Kingdom	2022-10-02	0.0
United Kingdom	2022-10-03	0.0
United Kingdom	2022-10-04	19.0
United Kingdom	2022-10-05	0.0
United Kingdom	2022-10-06	0.0
United Kingdom	2022-10-07	0.0
United Kingdom	2022-10-08	0.0
United Kingdom	2022-10-09	0.0
United Kingdom	2022-10-10	0.0
United Kingdom	2022-10-11	0.0
United Kingdom	2022-10-12	0.0
United Kingdom	2022-10-13	0.0
United Kingdom	2022-10-14	0.0
United Kingdom	2022-10-15	0.0
United Kingdom	2022-10-16	0.0
United Kingdom	2022-10-17	19.0
United Kingdom	2022-10-18	0.0
United Kingdom	2022-10-19	13.0
United Kingdom	2022-10-20	0.0
United Kingdom	2022-10-21	0.0
United Kingdom	2022-10-22	0.0
United Kingdom	2022-10-23	0.0
United Kingdom	2022-10-24	0.0
United Kingdom	2022-10-25	12.0
United Kingdom	2022-10-26	0.0
United Kingdom	2022-10-27	0.0
United Kingdom	2022-10-28	0.0
United Kingdom	2022-10-29	0.0
United Kingdom	2022-10-30	0.0
United Kingdom	2022-10-31	0.0
United Kingdom	2022-11-01	3.0
United Kingdom	2022-11-02	0.0
United Kingdom	2022-11-03	0.0
United Kingdom	2022-11-04	0.0
United Kingdom	2022-11-05	0.0
United Kingdom	2022-11-06	0.0
United Kingdom	2022-11-07	0.0
United Kingdom	2022-11-08	0.0
United Kingdom	2022-11-09	0.0
United Kingdom	2022-11-10	0.0
United Kingdom	2022-11-11	0.0
United Kingdom	2022-11-12	0.0
United Kingdom	2022-11-13	2.0
United Kingdom	2022-11-14	0.0
United Kingdom	2022-11-15	7.0
United Kingdom	2022-11-16	0.0
United Kingdom	2022-11-17	0.0
United Kingdom	2022-11-18	0.0
United Kingdom	2022-11-19	0.0
United Kingdom	2022-11-20	0.0
United Kingdom	2022-11-21	0.0
United Kingdom	2022-11-22	10.0
United Kingdom	2022-11-23	0.0
United Kingdom	2022-11-24	0.0
United Kingdom	2022-11-25	0.0
United Kingdom	2022-11-26	0.0
United Kingdom	2022-11-27	0.0
United Kingdom	2022-11-28	0.0
United Kingdom	2022-11-29	5.0
United Kingdom	2022-11-30	0.0
United Kingdom	2022-12-01	0.0
United Kingdom	2022-12-02	0.0
United Kingdom	2022-12-03	0.0
United Kingdom	2022-12-04	0.0
United Kingdom	2022-12-05	0.0
United Kingdom	2022-12-06	5.0
United Kingdom	2022-12-07	0.0
United Kingdom	2022-12-08	0.0
United Kingdom	2022-12-09	0.0
United Kingdom	2022-12-10	0.0
United Kingdom	2022-12-11	0.0
United Kingdom	2022-12-12	0.0
United Kingdom	2022-12-13	0.0
United Kingdom	2022-12-14	0.0
United Kingdom	2022-12-15	0.0
United Kingdom	2022-12-16	0.0
United Kingdom	2022-12-17	0.0
United Kingdom	2022-12-18	0.0
United Kingdom	2022-12-19	0.0
United Kingdom	2022-12-20	0.0
United Kingdom	2022-12-21	0.0
United Kingdom	2022-12-22	0.0
United Kingdom	2022-12-23	0.0
United Kingdom	2022-12-24	0.0
United Kingdom	2022-12-25	0.0
United Kingdom	2022-12-26	0.0
United Kingdom	2022-12-27	0.0
United Kingdom	2022-12-28	0.0
United Kingdom	2022-12-29	0.0
United Kingdom	2022-12-30	0.0
United Kingdom	2022-12-31	0.0
United Kingdom	2023-01-01	0.0
United Kingdom	2023-01-02	0.0
United Kingdom	2023-01-03	0.0
United Kingdom	2023-01-04	0.0
United Kingdom	2023-01-05	0.0
United Kingdom	2023-01-06	0.0
United Kingdom	2023-01-07	0.0
United Kingdom	2023-01-08	0.0
United Kingdom	2023-01-09	0.0
United Kingdom	2023-01-10	0.0
United Kingdom	2023-01-11	0.0
United Kingdom	2023-01-12	0.0
United Kingdom	2023-01-13	0.0
United Kingdom	2023-01-14	0.0
United Kingdom	2023-01-15	0.0
United Kingdom	2023-01-16	0.0
United Kingdom	2023-01-17	5.0
United Kingdom	2023-01-18	0.0
United Kingdom	2023-01-19	0.0
United Kingdom	2023-01-20	0.0
United Kingdom	2023-01-21	0.0
United Kingdom	2023-01-22	0.0
United Kingdom	2023-01-23	0.0
United Kingdom	2023-01-24	0.0
United Kingdom	2023-01-25	0.0
United Kingdom	2023-01-26	0.0
United States	2022-06-03	19.0
United States	2022-06-04	2.0
United States	2022-06-05	4.0
United States	2022-06-06	0.0
United States	2022-06-07	0.0
United States	2022-06-08	7.0
United States	2022-06-09	5.0
United States	2022-06-10	3.0
United States	2022-06-11	9.0
United States	2022-06-12	0.0
United States	2022-06-13	2.0
United States	2022-06-14	14.0
United States	2022-06-15	0.0
United States	2022-06-16	7.0
United States	2022-06-17	12.0
United States	2022-06-18	16.0
United States	2022-06-19	13.0
United States	2022-06-20	0.0
United States	2022-06-21	0.0
United States	2022-06-22	0.0
United States	2022-06-23	29.0
United States	2022-06-24	31.0
United States	2022-06-25	2.0
United States	2022-06-26	24.0
United States	2022-06-27	0.0
United States	2022-06-28	2.0
United States	2022-06-29	43.0
United States	2022-06-30	62.0
United States	2022-07-01	45.0
United States	2022-07-02	45.0
United States	2022-07-03	0.0
United States	2022-07-04	0.0
United States	2022-07-05	64.0
United States	2022-07-06	0.0
United States	2022-07-07	100.0
United States	2022-07-08	45.0
United States	2022-07-09	94.0
United States	2022-07-10	0.0
United States	2022-07-11	0.0
United States	2022-07-12	67.0
United States	2022-07-13	99.0
United States	2022-07-14	64.0
United States	2022-07-15	120.0
United States	2022-07-16	417.0
United States	2022-07-17	0.0
United States	2022-07-18	0.0
United States	2022-07-19	344.0
United States	2022-07-20	155.0
United States	2022-07-21	137.0
United States	2022-07-22	214.0
United States	2022-07-23	266.0
United States	2022-07-24	0.0
United States	2022-07-25	0.0
United States	2022-07-26	299.0
United States	2022-07-27	597.0
United States	2022-07-28	103.0
United States	2022-07-29	1048.0
United States	2022-07-30	268.0
United States	2022-07-31	0.0
United States	2022-08-01	0.0
United States	2022-08-02	278.0
United States	2022-08-03	650.0
United States	2022-08-04	482.0
United States	2022-08-05	291.0
United States	2022-08-06	485.0
United States	2022-08-07	427.0
United States	2022-08-08	0.0
United States	2022-08-09	0.0
United States	2022-08-10	1392.0
United States	2022-08-11	558.0
United States	2022-08-12	900.0
United States	2022-08-13	365.0
United States	2022-08-14	0.0
United States	2022-08-15	0.0
United States	2022-08-16	404.0
United States	2022-08-17	786.0
United States	2022-08-18	828.0
United States	2022-08-19	708.0
United States	2022-08-20	598.0
United States	2022-08-21	0.0
United States	2022-08-22	0.0
United States	2022-08-23	0.0
United States	2022-08-24	1307.0
United States	2022-08-25	521.0
United States	2022-08-26	636.0
United States	2022-08-27	452.0
United States	2022-08-28	0.0
United States	2022-08-29	0.0
United States	2022-08-30	368.0
United States	2022-08-31	661.0
United States	2022-09-01	309.0
United States	2022-09-02	572.0
United States	2022-09-03	476.0
United States	2022-09-04	0.0
United States	2022-09-05	0.0
United States	2022-09-06	500.0
United States	2022-09-07	0.0
United States	2022-09-08	756.0
United States	2022-09-09	667.0
United States	2022-09-10	230.0
United States	2022-09-11	0.0
United States	2022-09-12	0.0
United States	2022-09-13	0.0
United States	2022-09-14	330.0
United States	2022-09-15	645.0
United States	2022-09-16	137.0
United States	2022-09-17	341.0
United States	2022-09-18	0.0
United States	2022-09-19	0.0
United States	2022-09-20	379.0
United States	2022-09-21	704.0
United States	2022-09-22	0.0
United States	2022-09-23	157.0
United States	2022-09-24	205.0
United States	2022-09-25	0.0
United States	2022-09-26	0.0
United States	2022-09-27	588.0
United States	2022-09-28	179.0
United States	2022-09-29	161.0
United States	2022-09-30	104.0
United States	2022-10-01	0.0
United States	2022-10-02	0.0
United States	2022-10-03	0.0
United States	2022-10-04	238.0
United States	2022-10-05	721.0
United States	2022-10-06	0.0
United States	2022-10-07	0.0
United States	2022-10-08	0.0
United States	2022-10-09	0.0
United States	2022-10-10	0.0
United States	2022-10-11	0.0
United States	2022-10-12	201.0
United States	2022-10-13	240.0
United States	2022-10-14	74.0
United States	2022-10-15	220.0
United States	2022-10-16	0.0
United States	2022-10-17	0.0
United States	2022-10-18	0.0
United States	2022-10-19	239.0
United States	2022-10-20	77.0
United States	2022-10-21	0.0
United States	2022-10-22	245.0
United States	2022-10-23	0.0
United States	2022-10-24	0.0
United States	2022-10-25	0.0
United States	2022-10-26	120.0
United States	2022-10-27	57.0
United States	2022-10-28	183.0
United States	2022-10-29	0.0
United States	2022-10-30	0.0
United States	2022-10-31	0.0
United States	2022-11-01	58.0
United States	2022-11-02	214.0
United States	2022-11-03	0.0
United States	2022-11-04	0.0
United States	2022-11-05	102.0
United States	2022-11-06	0.0
United States	2022-11-07	0.0
United States	2022-11-08	88.0
United States	2022-11-09	21.0
United States	2022-11-10	67.0
United States	2022-11-11	84.0
United States	2022-11-12	0.0
United States	2022-11-13	0.0
United States	2022-11-14	0.0
United States	2022-11-15	66.0
United States	2022-11-16	52.0
United States	2022-11-17	56.0
United States	2022-11-18	0.0
United States	2022-11-19	78.0
United States	2022-11-20	0.0
United States	2022-11-21	0.0
United States	2022-11-22	36.0
United States	2022-11-23	30.0
United States	2022-11-24	0.0
United States	2022-11-25	0.0
United States	2022-11-26	0.0
United States	2022-11-27	0.0
United States	2022-11-28	0.0
United States	2022-11-29	49.0
United States	2022-11-30	77.0
United States	2022-12-01	0.0
United States	2022-12-02	42.0
United States	2022-12-03	263.0
United States	2022-12-04	0.0
United States	2022-12-05	0.0
United States	2022-12-06	0.0
United States	2022-12-07	0.0
United States	2022-12-08	81.0
United States	2022-12-09	0.0
United States	2022-12-10	0.0
United States	2022-12-11	0.0
United States	2022-12-12	0.0
United States	2022-12-13	0.0
United States	2022-12-14	0.0
United States	2022-12-15	0.0
United States	2022-12-16	0.0
United States	2022-12-17	0.0
United States	2022-12-18	0.0
United States	2022-12-19	0.0
United States	2022-12-20	0.0
United States	2022-12-21	15.0
United States	2022-12-22	0.0
United States	2022-12-23	14.0
United States	2022-12-24	12.0
United States	2022-12-25	0.0
United States	2022-12-26	0.0
United States	2022-12-27	0.0
United States	2022-12-28	0.0
United States	2022-12-29	0.0
United States	2022-12-30	49.0
United States	2022-12-31	0.0
United States	2023-01-01	0.0
United States	2023-01-02	0.0
United States	2023-01-03	0.0
United States	2023-01-04	26.0
United States	2023-01-05	86.0
United States	2023-01-06	0.0
United States	2023-01-07	9.0
United States	2023-01-08	0.0
United States	2023-01-09	0.0
United States	2023-01-10	0.0
United States	2023-01-11	37.0
United States	2023-01-12	0.0
United States	2023-01-13	21.0
United States	2023-01-14	5.0
United States	2023-01-15	0.0
United States	2023-01-16	0.0
United States	2023-01-17	0.0
United States	2023-01-18	0.0
United States	2023-01-19	21.0
United States	2023-01-20	20.0
United States	2023-01-21	21.0
United States	2023-01-22	0.0
United States	2023-01-23	0.0
United States	2023-01-24	6.0
United States	2023-01-25	5.0
United States	2023-01-26	27.0
World	2022-05-02	0.0
World	2022-05-03	0.0
World	2022-05-04	0.0
World	2022-05-05	0.0
World	2022-05-06	0.0
World	2022-05-07	1.0
World	2022-05-08	0.0
World	2022-05-09	0.0
World	2022-05-10	0.0
World	2022-05-11	0.0
World	2022-05-12	0.0
World	2022-05-13	0.0
World	2022-05-14	2.0
World	2022-05-15	4.0
World	2022-05-16	5.0
World	2022-05-17	3.0
World	2022-05-18	5.0
World	2022-05-19	18.0
World	2022-05-20	45.0
World	2022-05-21	28.0
World	2022-05-22	21.0
World	2022-05-23	35.0
World	2022-05-24	28.0
World	2022-05-25	47.0
World	2022-05-26	51.0
World	2022-05-27	25.0
World	2022-05-28	0.0
World	2022-05-29	3.0
World	2022-05-30	156.0
World	2022-05-31	58.0
World	2022-06-01	81.0
World	2022-06-02	91.0
World	2022-06-03	165.0
World	2022-06-04	42.0
World	2022-06-05	14.0
World	2022-06-06	93.0
World	2022-06-07	55.0
World	2022-06-08	112.0
World	2022-06-09	71.0
World	2022-06-10	182.0
World	2022-06-11	11.0
World	2022-06-12	14.0
World	2022-06-13	215.0
World	2022-06-14	165.0
World	2022-06-15	202.0
World	2022-06-16	138.0
World	2022-06-17	368.0
World	2022-06-18	22.0
World	2022-06-19	22.0
World	2022-06-20	332.0
World	2022-06-21	222.0
World	2022-06-22	161.0
World	2022-06-23	351.0
World	2022-06-24	424.0
World	2022-06-25	66.0
World	2022-06-26	49.0
World	2022-06-27	186.0
World	2022-06-28	513.0
World	2022-06-29	187.0
World	2022-06-30	437.0
World	2022-07-01	246.0
World	2022-07-02	97.0
World	2022-07-03	103.0
World	2022-07-04	183.0
World	2022-07-05	852.0
World	2022-07-06	477.0
World	2022-07-07	297.0
World	2022-07-08	94.0
World	2022-07-09	174.0
World	2022-07-10	1145.0
World	2022-07-11	227.0
World	2022-07-12	517.0
World	2022-07-13	685.0
World	2022-07-14	327.0
World	2022-07-15	442.0
World	2022-07-16	475.0
World	2022-07-17	76.0
World	2022-07-18	787.0
World	2022-07-19	1147.0
World	2022-07-20	639.0
World	2022-07-21	800.0
World	2022-07-22	683.0
World	2022-07-23	352.0
World	2022-07-24	16.0
World	2022-07-25	389.0
World	2022-07-26	1308.0
World	2022-07-27	1099.0
World	2022-07-28	512.0
World	2022-07-29	1564.0
World	2022-07-30	338.0
World	2022-07-31	3.0
World	2022-08-01	1039.0
World	2022-08-02	1585.0
World	2022-08-03	848.0
World	2022-08-04	951.0
World	2022-08-05	537.0
World	2022-08-06	808.0
World	2022-08-07	449.0
World	2022-08-08	778.0
World	2022-08-09	1260.0
World	2022-08-10	1814.0
World	2022-08-11	1099.0
World	2022-08-12	1317.0
World	2022-08-13	599.0
World	2022-08-14	610.0
World	2022-08-15	297.0
World	2022-08-16	839.0
World	2022-08-17	1311.0
World	2022-08-18	1383.0
World	2022-08-19	1245.0
World	2022-08-20	835.0
World	2022-08-21	21.0
World	2022-08-22	466.0
World	2022-08-23	1121.0
World	2022-08-24	1658.0
World	2022-08-25	869.0
World	2022-08-26	1520.0
World	2022-08-27	826.0
World	2022-08-28	265.0
World	2022-08-29	48.0
World	2022-08-30	877.0
World	2022-08-31	1601.0
World	2022-09-01	685.0
World	2022-09-02	834.0
World	2022-09-03	703.0
World	2022-09-04	278.0
World	2022-09-05	1.0
World	2022-09-06	1181.0
World	2022-09-07	642.0
World	2022-09-08	1400.0
World	2022-09-09	802.0
World	2022-09-10	285.0
World	2022-09-11	552.0
World	2022-09-12	72.0
World	2022-09-13	357.0
World	2022-09-14	858.0
World	2022-09-15	1206.0
World	2022-09-16	607.0
World	2022-09-17	694.0
World	2022-09-18	160.0
World	2022-09-19	165.0
World	2022-09-20	556.0
World	2022-09-21	1703.0
World	2022-09-22	333.0
World	2022-09-23	364.0
World	2022-09-24	442.0
World	2022-09-25	118.0
World	2022-09-26	128.0
World	2022-09-27	870.0
World	2022-09-28	1084.0
World	2022-09-29	384.0
World	2022-09-30	326.0
World	2022-10-01	185.0
World	2022-10-02	67.0
World	2022-10-03	9.0
World	2022-10-04	476.0
World	2022-10-05	1663.0
World	2022-10-06	244.0
World	2022-10-07	196.0
World	2022-10-08	72.0
World	2022-10-09	71.0
World	2022-10-10	30.0
World	2022-10-11	59.0
World	2022-10-12	872.0
World	2022-10-13	737.0
World	2022-10-14	142.0
World	2022-10-15	330.0
World	2022-10-16	34.0
World	2022-10-17	24.0
World	2022-10-18	63.0
World	2022-10-19	1277.0
World	2022-10-20	204.0
World	2022-10-21	94.0
World	2022-10-22	336.0
World	2022-10-23	184.0
World	2022-10-24	12.0
World	2022-10-25	137.0
World	2022-10-26	657.0
World	2022-10-27	102.0
World	2022-10-28	244.0
World	2022-10-29	143.0
World	2022-10-30	21.0
World	2022-10-31	20.0
World	2022-11-01	151.0
World	2022-11-02	484.0
World	2022-11-03	306.0
World	2022-11-04	235.0
World	2022-11-05	153.0
World	2022-11-06	0.0
World	2022-11-07	10.0
World	2022-11-08	285.0
World	2022-11-09	316.0
World	2022-11-10	243.0
World	2022-11-11	181.0
World	2022-11-12	23.0
World	2022-11-13	74.0
World	2022-11-14	0.0
World	2022-11-15	213.0
World	2022-11-16	372.0
World	2022-11-17	209.0
World	2022-11-18	35.0
World	2022-11-19	203.0
World	2022-11-20	59.0
World	2022-11-21	0.0
World	2022-11-22	126.0
World	2022-11-23	213.0
World	2022-11-24	236.0
World	2022-11-25	38.0
World	2022-11-26	6.0
World	2022-11-27	0.0
World	2022-11-28	0.0
World	2022-11-29	213.0
World	2022-11-30	257.0
World	2022-12-01	30.0
World	2022-12-02	130.0
World	2022-12-03	319.0
World	2022-12-04	13.0
World	2022-12-05	0.0
World	2022-12-06	27.0
World	2022-12-07	86.0
World	2022-12-08	308.0
World	2022-12-09	75.0
World	2022-12-10	27.0
World	2022-12-11	0.0
World	2022-12-12	4.0
World	2022-12-13	72.0
World	2022-12-14	96.0
World	2022-12-15	32.0
World	2022-12-16	26.0
World	2022-12-17	35.0
World	2022-12-18	5.0
World	2022-12-19	144.0
World	2022-12-20	137.0
World	2022-12-21	164.0
World	2022-12-22	81.0
World	2022-12-23	77.0
World	2022-12-24	70.0
World	2022-12-25	0.0
World	2022-12-26	0.0
World	2022-12-27	23.0
World	2022-12-28	158.0
World	2022-12-29	133.0
World	2022-12-30	59.0
World	2022-12-31	142.0
World	2023-01-01	3.0
World	2023-01-02	7.0
World	2023-01-03	75.0
World	2023-01-04	38.0
World	2023-01-05	125.0
World	2023-01-06	62.0
World	2023-01-07	23.0
World	2023-01-08	16.0
World	2023-01-09	0.0
World	2023-01-10	61.0
World	2023-01-11	68.0
World	2023-01-12	80.0
World	2023-01-13	66.0
World	2023-01-14	12.0
World	2023-01-15	0.0
World	2023-01-16	0.0
World	2023-01-17	83.0
World	2023-01-18	79.0
World	2023-01-19	33.0
World	2023-01-20	27.0
World	2023-01-21	86.0
World	2023-01-22	2.0
World	2023-01-23	81.0
World	2023-01-24	51.0
World	2023-01-25	29.0
World	2023-01-26	162.0
