strain_country_date	accession	date	region_coarse	country	strain
4061_Spain_2022-05-20	ON838940	2022-05-20	Southern Europe	Spain	4061
8887_Spain_2022-06-06	ON838939	2022-06-06	Southern Europe	Spain	8887
9000289_UnitedKingdom_2022-08-17	OP413714	2022-08-17	Western Europe	United Kingdom	9000289
9000369_UnitedKingdom_2022-08-01	OP536750	2022-08-01	Western Europe	United Kingdom	9000369
9000382_UnitedKingdom_2022-08-01	OP536761	2022-08-01	Western Europe	United Kingdom	9000382
9000385_UnitedKingdom_2022-09-30	OP536764	2022-09-30	Western Europe	United Kingdom	9000385
9000387_UnitedKingdom_2022-08-01	OP536765	2022-08-01	Western Europe	United Kingdom	9000387
9000393_UnitedKingdom_2022-08-01	OP536771	2022-08-01	Western Europe	United Kingdom	9000393
9000396_UnitedKingdom_2022-09-01	OP536774	2022-09-01	Western Europe	United Kingdom	9000396
9000400_UnitedKingdom_2022-09-01	OP536778	2022-09-01	Western Europe	United Kingdom	9000400
9000405_UnitedKingdom_2022-09-12	OP536781	2022-09-12	Western Europe	United Kingdom	9000405
9000406_UnitedKingdom_2022-09-12	OP536782	2022-09-12	Western Europe	United Kingdom	9000406
9000407_UnitedKingdom_2022-09-22	OP536783	2022-09-22	Western Europe	United Kingdom	9000407
9000409_UnitedKingdom_2022-09-01	OP536785	2022-09-01	Western Europe	United Kingdom	9000409
9000420_UnitedKingdom_2022-08-31	OP536794	2022-08-31	Western Europe	United Kingdom	9000420
9000426_UnitedKingdom_2022-08-01	OP536800	2022-08-01	Western Europe	United Kingdom	9000426
9000429_UnitedKingdom_2022-09-01	OP536801	2022-09-01	Western Europe	United Kingdom	9000429
9000430_UnitedKingdom_2022-09-01	OP536802	2022-09-01	Western Europe	United Kingdom	9000430
9000431_UnitedKingdom_2022-09-12	OP536803	2022-09-12	Western Europe	United Kingdom	9000431
9000432_UnitedKingdom_2022-09-01	OP536804	2022-09-01	Western Europe	United Kingdom	9000432
9000437_UnitedKingdom_2022-08-01	OP536806	2022-08-01	Western Europe	United Kingdom	9000437
9000438_UnitedKingdom_2022-09-30	OP536807	2022-09-30	Western Europe	United Kingdom	9000438
9000448_UnitedKingdom_2022-09-01	OP536811	2022-09-01	Western Europe	United Kingdom	9000448
9000451_UnitedKingdom_2022-09-01	OP536813	2022-09-01	Western Europe	United Kingdom	9000451
9000452_UnitedKingdom_2022-09-01	OP536814	2022-09-01	Western Europe	United Kingdom	9000452
MPXV_USA_2021_MD_USA_2021-11-30	ON676708	2021-11-30	North America	USA	MPXV_USA_2021_MD
CMIP-P0_France_2022-06-14	OQ249661	2022-06-14	Western Europe	France	CMIP-P0
CIBU-220035_France_2022-06-08	OQ249660	2022-06-08	Western Europe	France	CIBU-220035
Monkeypoxvirus/Human/USA/CA-LACPHL-MA00385/2022_USA_2022-10-21	OQ330992	2022-10-21	North America	USA	Monkeypox virus/Human/USA/CA-LACPHL-MA00385/2022
Monkeypox/PT0346/2022_Portugal_2022-05-26	OP414375	2022-05-26	Southern Europe	Portugal	Monkeypox/PT0346/2022
Monkeypox/PT0235/2022_Portugal_2022-06-21	OP324543	2022-06-21	Southern Europe	Portugal	Monkeypox/PT0235/2022
Slovenia-MPXV-11-2022_Slovenia_2022-07-01	OP605554	2022-07-01	Central Europe	Slovenia	Slovenia-MPXV-11-2022
MPXV_USA_2022_CA0043_USA_2022-06-01	OP451016	2022-06-01	North America	USA	MPXV_USA_2022_CA0043
Slovenia-MPXV-23-2022_Slovenia_2022-07-01	OP605565	2022-07-01	Central Europe	Slovenia	Slovenia-MPXV-23-2022
Slovenia-MPXV-29-2022_Slovenia_2022-07-01	OP605571	2022-07-01	Central Europe	Slovenia	Slovenia-MPXV-29-2022
Slovenia-MPXV-41-2022_Slovenia_2022-08-01	OP605582	2022-08-01	Central Europe	Slovenia	Slovenia-MPXV-41-2022
INMI-Pt1_Italy_2022-05-18	ON614676	2022-05-18	Southern Europe	Italy	INMI-Pt1
MPX/UZ_REGA_2/Belgium/2022_Belgium_2022-05-22	ON622713	2022-05-22	Western Europe	Belgium	MPX/UZ_REGA_2/Belgium/2022
MPXV/Germany/2022/RKI593_Germany_2022-10-01	OP837355	2022-10-01	Western Europe	Germany	MPXV/Germany/2022/RKI593
hMPXV-IHU00014_France_2022-07-22	OP382491	2022-07-22	Western Europe	France	hMPXV-IHU00014
MPXV/Germany/2022/ON/RKI512_Germany_2022-10-01	OP689665	2022-10-01	Western Europe	Germany	MPXV/Germany/2022/ON/RKI512
Monkeypox/PT0262/2022_Portugal_2022-06-17	OP414302	2022-06-17	Southern Europe	Portugal	Monkeypox/PT0262/2022
hMPXV/Austria/MUW1532243/2022_Austria_2022-07-06	OP133006	2022-07-06	Western Europe	Austria	hMPXV/Austria/MUW1532243/2022
MPXV_USA_2022_HI0003_USA_2022-06-01	OP378703	2022-06-01	North America	USA	MPXV_USA_2022_HI0003
Monkeypox/PT0354/2022_Portugal_2022-05-23	OP414381	2022-05-23	Southern Europe	Portugal	Monkeypox/PT0354/2022
INMI-Pt3_Italy_2022-05-19	ON780016	2022-05-19	Southern Europe	Italy	INMI-Pt3
MPXV/Germany/2022/ON/RKI510_Germany_2022-10-01	OP689663	2022-10-01	Western Europe	Germany	MPXV/Germany/2022/ON/RKI510
Monkeypox/PT0437/2022_Portugal_2022-08-02	OP555521	2022-08-02	Southern Europe	Portugal	Monkeypox/PT0437/2022
Monkeypox/PT0028/2022_Portugal_2022-05-18	ON649709	2022-05-18	Southern Europe	Portugal	Monkeypox/PT0028/2022
Monkeypox/PT0298/2022_Portugal_2022-06-08	OP414332	2022-06-08	Southern Europe	Portugal	Monkeypox/PT0298/2022
MPXV/Germany/2022/RKI557_Germany_2022-06-01	OP764615	2022-06-01	Western Europe	Germany	MPXV/Germany/2022/RKI557
MPXV_UK_2022_6_UnitedKingdom_2022-05-01	OP022171	2022-05-01	Western Europe	United Kingdom	MPXV_UK_2022_6
MPXV_USA_2022_TN0007_USA_2022-07-01	OP752120	2022-07-01	North America	USA	MPXV_USA_2022_TN0007
MPXV/Human/USA/UT-UPHL-82200022/2022_USA_2022-05-21	OP743357	2022-05-21	North America	USA	MPXV/Human/USA/UT-UPHL-82200022/2022
MPXV_UK_2022_9000068_UnitedKingdom_2022-06-07	OP205074	2022-06-07	Western Europe	United Kingdom	MPXV_UK_2022_9000068
MPX_96X1Vd_9000218_UnitedKingdom_2022-03-28	OP415196	2022-03-28	Western Europe	United Kingdom	MPX_96X1Vd_9000218
MPXV/Germany/2022/ON/RKI639_Germany_2022-08-01	OQ159034	2022-08-01	Western Europe	Germany	MPXV/Germany/2022/ON/RKI639
Slovenia-MPXV-17-2022_Slovenia_2022-07-01	OP605559	2022-07-01	Central Europe	Slovenia	Slovenia-MPXV-17-2022
hMPXV-IHU00018_France_2022-07-22	OP382495	2022-07-22	Western Europe	France	hMPXV-IHU00018
MPXV/Human/USA/CA-LACPHL-MA00354/2022_USA_2022-10-16	OP920692	2022-10-16	North America	USA	MPXV/Human/USA/CA-LACPHL-MA00354/2022
MpxV/human/CAN/UN-NML-3141/2022_Canada_2022-05-27	ON880527	2022-05-27	North America	Canada	MpxV/human/CAN/UN-NML-3141/2022
RNA_Slovakia_2022-07-13	OX261748	2022-07-13	Central Europe	Slovakia	RNA
MPX/UZ_REGA_3/Belgium/2022_Belgium_2022-05-27	ON880419	2022-05-27	Western Europe	Belgium	MPX/UZ_REGA_3/Belgium/2022
MpxV/human/USA/WA-UW-083179/2022_USA_2022-08-01	OP257266	2022-08-01	North America	USA	MpxV/human/USA/WA-UW-083179/2022
MPXV_UK_2022_9000159_UnitedKingdom_2022-07-04	OP205117	2022-07-04	Western Europe	United Kingdom	MPXV_UK_2022_9000159
MPXV_UK_2022_9000152_UnitedKingdom_2022-05-16	OP205114	2022-05-16	Western Europe	United Kingdom	MPXV_UK_2022_9000152
hMPXV-IHU00005_France_2022-07-04	OP382482	2022-07-04	Western Europe	France	hMPXV-IHU00005
Monkeypox/PT0040/2022_Portugal_2022-06-02	ON843178	2022-06-02	Southern Europe	Portugal	Monkeypox/PT0040/2022
hMPXV-IHU00003_France_2022-07-04	OP382480	2022-07-04	Western Europe	France	hMPXV-IHU00003
MPXV_UK_2022_9000090_UnitedKingdom_2022-05-25	OP205139	2022-05-25	Western Europe	United Kingdom	MPXV_UK_2022_9000090
MPXV_USA_2022_IL001_USA_2022-05-01	ON959131	2022-05-01	North America	USA	MPXV_USA_2022_IL001
MPXV_IRBA22-14_France_2022-05-20	ON755040	2022-05-20	Western Europe	France	MPXV_IRBA22-14
MPX_96X1Vd_9000217_UnitedKingdom_2022-03-28	OP415195	2022-03-28	Western Europe	United Kingdom	MPX_96X1Vd_9000217
MpxV/human/USA/WA-UW-077836/2022_USA_2022-07-01	OP123043	2022-07-01	North America	USA	MpxV/human/USA/WA-UW-077836/2022
MPX/UZ_REGA_4/Belgium/2022_Belgium_2022-05-27	ON880420	2022-05-27	Western Europe	Belgium	MPX/UZ_REGA_4/Belgium/2022
CVR_MPXV1b_UnitedKingdom_2022-05-15	ON808414	2022-05-15	Western Europe	United Kingdom	CVR_MPXV1b
2022/2SLO_Slovenia_2022-05-24	ON631241	2022-05-24	Central Europe	Slovenia	2022/2 SLO
MPX_qQzToC_9000264_UnitedKingdom_2022-08-01	OP415233	2022-08-01	Western Europe	United Kingdom	MPX_qQzToC_9000264
MPXV/Germany/2022/RKI010_Germany_2022-05-01	ON682267	2022-05-01	Western Europe	Germany	MPXV/Germany/2022/RKI010
MPXV/Germany/2022/RKI172_Germany_2022-07-01	OP018597	2022-07-01	Western Europe	Germany	MPXV/Germany/2022/RKI172
MpxV/human/USA/WA-UW-071246/2022_USA_2022-07-01	OP123044	2022-07-01	North America	USA	MpxV/human/USA/WA-UW-071246/2022
MPX/UZ_REGA_5/Belgium/2022_Belgium_2022-05-27	ON880421	2022-05-27	Western Europe	Belgium	MPX/UZ_REGA_5/Belgium/2022
MpxV/human/CAN/UN-NML-3531/2022_Canada_2022-06-03	ON983162	2022-06-03	North America	Canada	MpxV/human/CAN/UN-NML-3531/2022
MPX/UZ_REGA_6/Belgium/2022_Belgium_2022-05-27	ON880422	2022-05-27	Western Europe	Belgium	MPX/UZ_REGA_6/Belgium/2022
Monkeypox/PT0014/2022_Portugal_2022-05-23	ON649724	2022-05-23	Southern Europe	Portugal	Monkeypox/PT0014/2022
MPXV_UK_2022_9000144_UnitedKingdom_2022-06-16	OP205107	2022-06-16	Western Europe	United Kingdom	MPXV_UK_2022_9000144
MPXV_USA_2022_CA001_USA_2022-05-01	ON676703	2022-05-01	North America	USA	MPXV_USA_2022_CA001
MPXV/Human/USA/CA-CDPH-MPX000006/2022_USA_2022-06-07	OP580154	2022-06-07	North America	USA	MPXV/Human/USA/CA-CDPH-MPX000006/2022
MPXV_USA_2022_MA001_USA_2022-05-01	ON563414	2022-05-01	North America	USA	MPXV_USA_2022_MA001
MPXV_UK_2022_3_UnitedKingdom_2022-05-15	ON619837	2022-05-15	Western Europe	United Kingdom	MPXV_UK_2022_3
MPXV/Germany/2022/ON/RKI505_Germany_2022-08-01	OP689658	2022-08-01	Western Europe	Germany	MPXV/Germany/2022/ON/RKI505
MPXV/Human/USA/UT-UPHL-82200023/2022_USA_2022-05-21	OP743358	2022-05-21	North America	USA	MPXV/Human/USA/UT-UPHL-82200023/2022
Slovenia-MPXV-39-2022_Slovenia_2022-08-01	OP605580	2022-08-01	Central Europe	Slovenia	Slovenia-MPXV-39-2022
MPXV-USA-IL-IDPH-036_USA_2022-06-17	OP536697	2022-06-17	North America	USA	MPXV-USA-IL-IDPH-036
hMPXV-CH-38212023/2022_Switzerland_2022-05-30	OP422245	2022-05-30	Western Europe	Switzerland	hMPXV-CH-38212023/2022
Monkeypox/PT0305/2022_Portugal_2022-06-06	OP414339	2022-06-06	Southern Europe	Portugal	Monkeypox/PT0305/2022
MpxV/human/CAN/UN-NML-2857/2022_Canada_2022-05-19	ON880520	2022-05-19	North America	Canada	MpxV/human/CAN/UN-NML-2857/2022
Slovenia-MPXV-33-2022_Slovenia_2022-07-01	OP605575	2022-07-01	Central Europe	Slovenia	Slovenia-MPXV-33-2022
MpxV/human/CAN/UN-NML-3486/2022_Canada_2022-06-08	ON880518	2022-06-08	North America	Canada	MpxV/human/CAN/UN-NML-3486/2022
INMI-Pt2_Italy_2022-05-19	ON745215	2022-05-19	Southern Europe	Italy	INMI-Pt2
MPXV_USA_2022_UT002_USA_2022-05-01	ON676706	2022-05-01	North America	USA	MPXV_USA_2022_UT002
MPXV/Germany/2022/RKI142_Germany_2022-07-01	ON959157	2022-07-01	Western Europe	Germany	MPXV/Germany/2022/RKI142
hMPXV-IHU00006_France_2022-07-04	OP382483	2022-07-04	Western Europe	France	hMPXV-IHU00006
MPXV_UK_2022_9000185_UnitedKingdom_2022-06-29	OP205130	2022-06-29	Western Europe	United Kingdom	MPXV_UK_2022_9000185
MPXV/Germany/2022/RKI390_Germany_2022-09-01	OP523992	2022-09-01	Western Europe	Germany	MPXV/Germany/2022/RKI390
MPXV_GSTT_Patient1_UnitedKingdom_2022-05-11	ON645312	2022-05-11	Western Europe	United Kingdom	MPXV_GSTT_Patient1
Slovenia-MPXV-21-2022_Slovenia_2022-07-01	OP605563	2022-07-01	Central Europe	Slovenia	Slovenia-MPXV-21-2022
MPX_Qjmiyl_9000330_UnitedKingdom_2022-08-01	OP415268	2022-08-01	Western Europe	United Kingdom	MPX_Qjmiyl_9000330
MPX_KMgssq_9000236_UnitedKingdom_2022-07-01	OP415210	2022-07-01	Western Europe	United Kingdom	MPX_KMgssq_9000236
CVR_MPXV1d_UnitedKingdom_2022-05-15	ON808416	2022-05-15	Western Europe	United Kingdom	CVR_MPXV1d
MPXV/Germany/2022/RKI499_Germany_2022-09-01	OP626138	2022-09-01	Western Europe	Germany	MPXV/Germany/2022/RKI499
Monkeypox/PT0577/2022_Portugal_2022-09-09	OP555648	2022-09-09	Southern Europe	Portugal	Monkeypox/PT0577/2022
MPXV-CH-38156923/2022_Switzerland_2022-05-24	ON622720	2022-05-24	Western Europe	Switzerland	MPXV-CH-38156923/2022
PEV_case_Belgium_2022-07-29	OP727820	2022-07-29	Western Europe	Belgium	PEV_case
Monkeypox/PT0541/2022_Portugal_2022-08-23	OP555612	2022-08-23	Southern Europe	Portugal	Monkeypox/PT0541/2022
hMPXV/Austria/MUW1525179/2022_Austria_2022-06-10	OP019275	2022-06-10	Western Europe	Austria	hMPXV/Austria/MUW1525179/2022
MpxV/human/CAN/UN-NML-3611/2022_Canada_2022-06-09	OP013011	2022-06-09	North America	Canada	MpxV/human/CAN/UN-NML-3611/2022
Monkeypox/PT0019/2022_Portugal_2022-05-21	ON649717	2022-05-21	Southern Europe	Portugal	Monkeypox/PT0019/2022
MPXV_UK_2022_4_UnitedKingdom_2022-05-15	ON619838	2022-05-15	Western Europe	United Kingdom	MPXV_UK_2022_4
hMPXV-IHU00010_France_2022-07-18	OP382487	2022-07-18	Western Europe	France	hMPXV-IHU00010
hMPXV-IHU00001_France_2022-06-13	OP382478	2022-06-13	Western Europe	France	hMPXV-IHU00001
hMPXV-IHU00017_France_2022-07-22	OP382494	2022-07-22	Western Europe	France	hMPXV-IHU00017
Monkeypox/PT0148/2022_Portugal_2022-07-07	OP324465	2022-07-07	Southern Europe	Portugal	Monkeypox/PT0148/2022
Monkeypox/PT0341/2022_Portugal_2022-05-27	OP414370	2022-05-27	Southern Europe	Portugal	Monkeypox/PT0341/2022
MpxV/human/CAN/UN-NML-3549/2022_Canada_2022-06-07	OP013007	2022-06-07	North America	Canada	MpxV/human/CAN/UN-NML-3549/2022
Monkeypox/PT0374/2022_Portugal_2022-07-07	OP555470	2022-07-07	Southern Europe	Portugal	Monkeypox/PT0374/2022
Monkeypox/PT0333/2022_Portugal_2022-05-27	OP414364	2022-05-27	Southern Europe	Portugal	Monkeypox/PT0333/2022
MPX/human/USA/UT-UPHL-82200022/2022_USA_2022-05-20	ON627808	2022-05-20	North America	USA	MPX/human/USA/UT-UPHL-82200022/2022
MpxV/human/CAN/UN-NML-3080/2022_Canada_2022-05-26	ON880524	2022-05-26	North America	Canada	MpxV/human/CAN/UN-NML-3080/2022
MPXV/Germany/2022/RKI071_Germany_2022-06-01	ON853657	2022-06-01	Western Europe	Germany	MPXV/Germany/2022/RKI071
MPXV/Germany/2022/RKI194_Germany_2022-08-01	OP215236	2022-08-01	Western Europe	Germany	MPXV/Germany/2022/RKI194
MPX/UZ_REGA_1/Belgium/2022_Belgium_2022-05-19	ON622712	2022-05-19	Western Europe	Belgium	MPX/UZ_REGA_1/Belgium/2022
Monkeypox/PT0006/2022_Portugal_2022-05-15	ON585033	2022-05-15	Southern Europe	Portugal	Monkeypox/PT0006/2022
Monkeypox/PT0009/2022_Portugal_2022-05-15	ON585035	2022-05-15	Southern Europe	Portugal	Monkeypox/PT0009/2022
MPXV_USA_2022_FL002_USA_2022-05-15	ON676704	2022-05-15	North America	USA	MPXV_USA_2022_FL002
Monkeypoxvirus/Human/USA/CA-LACPHL-MA00232/2022_USA_2022-07-15	OP680510	2022-07-15	North America	USA	Monkeypox virus/Human/USA/CA-LACPHL-MA00232/2022
MPXV/Germany/2022/RKI576_Germany_2022-06-30	OP837338	2022-06-30	Western Europe	Germany	MPXV/Germany/2022/RKI576
Monkeypox/PT0367/2022_Portugal_2022-06-27	OP555464	2022-06-27	Southern Europe	Portugal	Monkeypox/PT0367/2022
RNA_6ncjpc_Slovakia_2022-08-26	OX336004	2022-08-26	Central Europe	Slovakia	RNA_6ncjpc
Slovenia-MPXV-24-2022_Slovenia_2022-07-01	OP605566	2022-07-01	Central Europe	Slovenia	Slovenia-MPXV-24-2022
hMpxV/Human/USA/IL-RIPHL-MPXV_10005/2022_USA_2022-09-07	OP820454	2022-09-07	North America	USA	hMpxV/Human/USA/IL-RIPHL-MPXV_10005/2022
Slovenia-MPXV-31-2022_Slovenia_2022-07-01	OP605573	2022-07-01	Central Europe	Slovenia	Slovenia-MPXV-31-2022
MPXV_UK_2022_9000062_UnitedKingdom_2022-06-05	OP205068	2022-06-05	Western Europe	United Kingdom	MPXV_UK_2022_9000062
MPXV-CH-38134631/2022_Switzerland_2022-05-19	ON595760	2022-05-19	Western Europe	Switzerland	MPXV-CH-38134631/2022
MPX/2022/Canada/AB1_Canada_2022-05-31	ON736420	2022-05-31	North America	Canada	MPX/2022/Canada/AB1
Monkeypox/PT0563/2022_Portugal_2022-09-05	OP555634	2022-09-05	Southern Europe	Portugal	Monkeypox/PT0563/2022
Monkeypox/PT0048/2022_Portugal_2022-05-13	ON843163	2022-05-13	Southern Europe	Portugal	Monkeypox/PT0048/2022
MpxV/Spain/MD-HGUGM-66649483/2022_Spain_2022-05-27	ON745225	2022-05-27	Southern Europe	Spain	MpxV/Spain/MD-HGUGM-66649483/2022
hMPXV-IHU00013_France_2022-07-20	OP382490	2022-07-20	Western Europe	France	hMPXV-IHU00013
Monkeypox/PT0445/2022_Portugal_2022-08-03	OP555526	2022-08-03	Southern Europe	Portugal	Monkeypox/PT0445/2022
Monkeypox/PT0308/2022_Portugal_2022-06-06	OP414342	2022-06-06	Southern Europe	Portugal	Monkeypox/PT0308/2022
MPXV_UK_2022_9000177_UnitedKingdom_2022-06-26	OP205126	2022-06-26	Western Europe	United Kingdom	MPXV_UK_2022_9000177
MPX/Human/USA/CA-LACPHL-MA00256/2022_USA_2022-07-13	OP722515	2022-07-13	North America	USA	MPX/Human/USA/CA-LACPHL-MA00256/2022
MPX/PT0080/2022_Portugal_2022-07-26	OP245333	2022-07-26	Southern Europe	Portugal	MPX/PT0080/2022
Monkeypox/PT0032/2022_Portugal_2022-05-26	ON843168	2022-05-26	Southern Europe	Portugal	Monkeypox/PT0032/2022
MPXV/Germany/2022/RKI03_Germany_2022-05-01	ON682263	2022-05-01	Western Europe	Germany	MPXV/Germany/2022/RKI03
MPXV_UK_2022_9000189_UnitedKingdom_2022-07-06	OP205134	2022-07-06	Western Europe	United Kingdom	MPXV_UK_2022_9000189
MpxV/human/CAN/UN-NML-2858/2022_Canada_2022-05-19	ON880521	2022-05-19	North America	Canada	MpxV/human/CAN/UN-NML-2858/2022
MpxV/human/CAN/UN-NML-3913/2022_Canada_2022-06-28	OP062233	2022-06-28	North America	Canada	MpxV/human/CAN/UN-NML-3913/2022
MpxV/human/CAN/UN-NML-3137/2022_Canada_2022-05-29	ON880509	2022-05-29	North America	Canada	MpxV/human/CAN/UN-NML-3137/2022
MPXV/Germany/2022/RKI07_Germany_2022-05-01	ON682269	2022-05-01	Western Europe	Germany	MPXV/Germany/2022/RKI07
MPXV_USA_2022_UT001_USA_2022-05-01	ON676705	2022-05-01	North America	USA	MPXV_USA_2022_UT001
MpxV/human/USA/WA-UW-089183/2022_USA_2022-08-01	OP257265	2022-08-01	North America	USA	MpxV/human/USA/WA-UW-089183/2022
MPX/PT0128/2022_Portugal_2022-07-12	OP245361	2022-07-12	Southern Europe	Portugal	MPX/PT0128/2022
MPX/Human/USA/CA-LACPHL-MA00136/2022_USA_2022-08-08	OP539921	2022-08-08	North America	USA	MPX/Human/USA/CA-LACPHL-MA00136/2022
Monkeypox/PT0355/2022_Portugal_2022-05-22	OP414382	2022-05-22	Southern Europe	Portugal	Monkeypox/PT0355/2022
Monkeypox/PT0314/2022_Portugal_2022-06-05	OP414347	2022-06-05	Southern Europe	Portugal	Monkeypox/PT0314/2022
Monkeypox/PT0290/2022_Portugal_2022-06-14	OP414325	2022-06-14	Southern Europe	Portugal	Monkeypox/PT0290/2022
MPXV_USA_2022_PA0008_USA_2022-06-01	OP604522	2022-06-01	North America	USA	MPXV_USA_2022_PA0008
B1118307_USA_2022-08-03	OP531887	2022-08-03	North America	USA	B1118307
INS-MPXV-0016-H1_Colombia_2022-07-29	OP295383	2022-07-29	South America	Colombia	INS-MPXV-0016-H1
Monkeypox/PT0303/2022_Portugal_2022-06-07	OP414337	2022-06-07	Southern Europe	Portugal	Monkeypox/PT0303/2022
MPXV_USA_2022_CA002_USA_2022-05-15	ON954773	2022-05-15	North America	USA	MPXV_USA_2022_CA002
MPXV_USA_2022_NY003_USA_2022-05-01	ON959134	2022-05-01	North America	USA	MPXV_USA_2022_NY003
MPX/PT0084/2022_Portugal_2022-07-22	OP245335	2022-07-22	Southern Europe	Portugal	MPX/PT0084/2022
Slovenia-MPXV-27-2022_Slovenia_2022-07-01	OP605569	2022-07-01	Central Europe	Slovenia	Slovenia-MPXV-27-2022
MPXV_UK_2022_1_UnitedKingdom_2022-05-01	ON619835	2022-05-01	Western Europe	United Kingdom	MPXV_UK_2022_1
Monkeypox/PT0139/2022_Portugal_2022-07-11	OP324460	2022-07-11	Southern Europe	Portugal	Monkeypox/PT0139/2022
MPXV_UK_2022_2_UnitedKingdom_2022-05-15	ON619836	2022-05-15	Western Europe	United Kingdom	MPXV_UK_2022_2
MPXV/Germany/2022/RKI123_Germany_2022-07-03	ON929078	2022-07-03	Western Europe	Germany	MPXV/Germany/2022/RKI123
MPXV_USA_2022_NY0022_USA_2022-07-01	OP603008	2022-07-01	North America	USA	MPXV_USA_2022_NY0022
Monkeypox/PT0591/2022_Portugal_2022-09-13	OP555658	2022-09-13	Southern Europe	Portugal	Monkeypox/PT0591/2022
MP01CHUAC_Spain_2022-05-01	OP120937	2022-05-01	Southern Europe	Spain	MP01CHUAC
MPX_96X1Vd_9000216_UnitedKingdom_2022-03-28	OP415194	2022-03-28	Western Europe	United Kingdom	MPX_96X1Vd_9000216
MPXV/Germany/2022/RKI151_Germany_2022-07-01	ON959165	2022-07-01	Western Europe	Germany	MPXV/Germany/2022/RKI151
MPXV-USA-IL-IDPH-069_USA_2022-06-28	OP536730	2022-06-28	North America	USA	MPXV-USA-IL-IDPH-069
MPXV/Germany/2022/RKI06_Germany_2022-05-01	ON682270	2022-05-01	Western Europe	Germany	MPXV/Germany/2022/RKI06
Monkeypoxvirus/Human/USA/CA-LACPHL-MA00387/2022_USA_2022-12-05	OQ330979	2022-12-05	North America	USA	Monkeypox virus/Human/USA/CA-LACPHL-MA00387/2022
ANT_INS_MPX_0039_L_Colombia_2022-07-29	OP693649	2022-07-29	South America	Colombia	ANT_INS_MPX_0039_L
MPXV_FVG-ITA_01_2022_Italy_2022-05-25	ON644344	2022-05-25	Southern Europe	Italy	MPXV_FVG-ITA_01_2022
MpxV/human/CAN/UN-NML-3921/2022_Canada_2022-06-29	OP062234	2022-06-29	North America	Canada	MpxV/human/CAN/UN-NML-3921/2022
PrEV_case_4_Belgium_2022-10-09	OP727823	2022-10-09	Western Europe	Belgium	PrEV_case_4
Monkeypoxvirus/Human/USA/CA-LACPHL-MA00370/2022_USA_2022-10-26	OQ330977	2022-10-26	North America	USA	Monkeypox virus/Human/USA/CA-LACPHL-MA00370/2022
MPXV_USA_2022_VA0003_USA_2022-06-01	OP303797	2022-06-01	North America	USA	MPXV_USA_2022_VA0003
Slovenia-MPXV-43-2022_Slovenia_2022-08-01	OP605584	2022-08-01	Central Europe	Slovenia	Slovenia-MPXV-43-2022
MPXV/Germany/2022/RKI359_Germany_2022-09-01	OP484680	2022-09-01	Western Europe	Germany	MPXV/Germany/2022/RKI359
MPXV/Germany/2022/RKI572_Germany_2022-06-01	OP837334	2022-06-01	Western Europe	Germany	MPXV/Germany/2022/RKI572
MPXV/Germany/2022/RKI526_Germany_2022-06-01	OP689679	2022-06-01	Western Europe	Germany	MPXV/Germany/2022/RKI526
MPXV/Germany/2022/RKI399_Germany_2022-09-01	OP524001	2022-09-01	Western Europe	Germany	MPXV/Germany/2022/RKI399
MPX_BhVKjm_9000233_UnitedKingdom_2022-07-01	OP415207	2022-07-01	Western Europe	United Kingdom	MPX_BhVKjm_9000233
hMPXV/Austria/MUW1531848/2022_Austria_2022-07-05	OP133005	2022-07-05	Western Europe	Austria	hMPXV/Austria/MUW1531848/2022
hMPXV/Austria/MUW1533374/2022_Austria_2022-07-11	OP133004	2022-07-11	Western Europe	Austria	hMPXV/Austria/MUW1533374/2022
MPX_ElGfGw_9000328_UnitedKingdom_2022-08-01	OP415266	2022-08-01	Western Europe	United Kingdom	MPX_ElGfGw_9000328
MPXV_UK_2022_5_UnitedKingdom_2022-05-16	OP022170	2022-05-16	Western Europe	United Kingdom	MPXV_UK_2022_5
MPXV/Germany/2022/RKI426_Germany_2022-09-01	OP594190	2022-09-01	Western Europe	Germany	MPXV/Germany/2022/RKI426
MPXV/Germany/2022/RKI424_Germany_2022-09-01	OP594188	2022-09-01	Western Europe	Germany	MPXV/Germany/2022/RKI424
hMpxV/Human/USA/IL-RIPHL-MPXV_10003/2022_USA_2022-08-06	OP820452	2022-08-06	North America	USA	hMpxV/Human/USA/IL-RIPHL-MPXV_10003/2022
MPXV_USA_2022_LA0001_USA_2022-07-01	OP451005	2022-07-01	North America	USA	MPXV_USA_2022_LA0001
MpxV/human/USA/WA-UW-096711/2022_USA_2022-09-01	OP743992	2022-09-01	North America	USA	MpxV/human/USA/WA-UW-096711/2022
MPXV/Germany/2022/RKI035_Germany_2022-06-01	ON755241	2022-06-01	Western Europe	Germany	MPXV/Germany/2022/RKI035
RNA_7e331z_Slovakia_2022-08-09	OX297403	2022-08-09	Central Europe	Slovakia	RNA_7e331z
RNA_56005y_Slovakia_2022-07-20	OX261749	2022-07-20	Central Europe	Slovakia	RNA_56005y
MPX/Human/USA/CA-LACPHL-MA00102/2022_USA_2022-09-01	OP539887	2022-09-01	North America	USA	MPX/Human/USA/CA-LACPHL-MA00102/2022
MPXV_USA_2022_CO0002_USA_2022-05-01	OP185715	2022-05-01	North America	USA	MPXV_USA_2022_CO0002
Monkeypox/PT0401/2022_Portugal_2022-07-19	OP555497	2022-07-19	Southern Europe	Portugal	Monkeypox/PT0401/2022
Monkeypox/PT0382/2022_Portugal_2022-07-12	OP555478	2022-07-12	Southern Europe	Portugal	Monkeypox/PT0382/2022
hMPXV/Austria/MUW1540386/2022_Austria_2022-08-08	OP422343	2022-08-08	Western Europe	Austria	hMPXV/Austria/MUW1540386/2022
hMPXV/Austria/MUW1533948/2022_Austria_2022-07-13	OP422340	2022-07-13	Western Europe	Austria	hMPXV/Austria/MUW1533948/2022
MPXV/Germany/2022/RKI592_Germany_2022-10-01	OP837354	2022-10-01	Western Europe	Germany	MPXV/Germany/2022/RKI592
MPXV/Germany/2022/RKI571_Germany_2022-10-01	OP764629	2022-10-01	Western Europe	Germany	MPXV/Germany/2022/RKI571
MPXV/Germany/2022/RKI582_Germany_2022-06-01	OP837344	2022-06-01	Western Europe	Germany	MPXV/Germany/2022/RKI582
MPXV/Germany/2022/RKI057_Germany_2022-06-01	ON813254	2022-06-01	Western Europe	Germany	MPXV/Germany/2022/RKI057
RNA_5hbxm6_Slovakia_2022-07-25	OX291435	2022-07-25	Central Europe	Slovakia	RNA_5hbxm6
RNA_4i9ul8_Slovakia_2022-07-25	OX291424	2022-07-25	Central Europe	Slovakia	RNA_4i9ul8
MPXV_USA_2022_CA0030_USA_2022-09-01	OQ054245	2022-09-01	North America	USA	MPXV_USA_2022_CA0030
MPXV/Human/USA/CA-LACPHL-MA00341/2022_USA_2022-10-19	OP920679	2022-10-19	North America	USA	MPXV/Human/USA/CA-LACPHL-MA00341/2022
MP03CHUAC_Spain_2022-06-01	OP120938	2022-06-01	Southern Europe	Spain	MP03CHUAC
Monkeypox/PT0469/2022_Portugal_2022-08-08	OP555548	2022-08-08	Southern Europe	Portugal	Monkeypox/PT0469/2022
hMPXV/Austria/MUW1536480/2022_Austria_2022-07-22	OP133007	2022-07-22	Western Europe	Austria	hMPXV/Austria/MUW1536480/2022
MPXV_UK_2022_9000167_UnitedKingdom_2022-06-30	OP205123	2022-06-30	Western Europe	United Kingdom	MPXV_UK_2022_9000167
MPXV/Germany/2022/RKI037_Germany_2022-06-01	ON755243	2022-06-01	Western Europe	Germany	MPXV/Germany/2022/RKI037
MPXV/Germany/2022/RKI269_Germany_2022-08-01	OP215271	2022-08-01	Western Europe	Germany	MPXV/Germany/2022/RKI269
MPXV/Germany/2022/RKI264_Germany_2022-08-01	OP215283	2022-08-01	Western Europe	Germany	MPXV/Germany/2022/RKI264
MpxV/Spain/MD-HGUGM-6642566/2022_Spain_2022-06-21	ON927243	2022-06-21	Southern Europe	Spain	MpxV/Spain/MD-HGUGM-6642566/2022
Monkeypox/PT0155/2022_Portugal_2022-07-06	OP324472	2022-07-06	Southern Europe	Portugal	Monkeypox/PT0155/2022
MPXV/Germany/2022/RKI255_Germany_2022-08-01	OP215270	2022-08-01	Western Europe	Germany	MPXV/Germany/2022/RKI255
MPXV/Human/USA/MA-USAFSAM-M0002/2022_USA_2022-09-13	OP598104	2022-09-13	North America	USA	MPXV/Human/USA/MA-USAFSAM-M0002/2022
VAC_INS_MPX_1054_L_Colombia_2022-10-25	OP837473	2022-10-25	South America	Colombia	VAC_INS_MPX_1054_L
MPXV_USA_2022_SC0003_USA_2022-07-01	OP603005	2022-07-01	North America	USA	MPXV_USA_2022_SC0003
RNA_6rfmf6_Slovakia_2022-08-01	OX291694	2022-08-01	Central Europe	Slovakia	RNA_6rfmf6
RNA_6ob9hu_Slovakia_2022-08-31	OX336038	2022-08-31	Central Europe	Slovakia	RNA_6ob9hu
MPXV/Germany/2022/ON/RKI647_Germany_2022-08-01	OQ159042	2022-08-01	Western Europe	Germany	MPXV/Germany/2022/ON/RKI647
Monkeypox/PT0347/2022_Portugal_2022-05-26	OP414376	2022-05-26	Southern Europe	Portugal	Monkeypox/PT0347/2022
hMpxV/UK/LMO-040a/2022_UnitedKingdom_2022-07-17	OP390202	2022-07-17	Western Europe	United Kingdom	hMpxV/UK/LMO-040a/2022
hMpxV/UK/LMO-004a/2022_UnitedKingdom_2022-06-20	OP390186	2022-06-20	Western Europe	United Kingdom	hMpxV/UK/LMO-004a/2022
MPXV/Germany/2022/ON/RKI449_Germany_2022-09-01	OP615325	2022-09-01	Western Europe	Germany	MPXV/Germany/2022/ON/RKI449
RNA_2lwdey_Slovakia_2022-07-25	OX291780	2022-07-25	Central Europe	Slovakia	RNA_2lwdey
RNA_2ulvg6_Slovakia_2022-08-01	OX291676	2022-08-01	Central Europe	Slovakia	RNA_2ulvg6
MPXV-USA-IL-IDPH-073_USA_2022-06-30	OP536734	2022-06-30	North America	USA	MPXV-USA-IL-IDPH-073
hMpxV/Human/USA/IL-RIPHL-MPXV_10006/2022_USA_2022-08-08	OP820455	2022-08-08	North America	USA	hMpxV/Human/USA/IL-RIPHL-MPXV_10006/2022
hMpxV/UK/LMO-046a/2022_UnitedKingdom_2022-07-26	OP390205	2022-07-26	Western Europe	United Kingdom	hMpxV/UK/LMO-046a/2022
Monkeypox/PT0149/2022_Portugal_2022-07-06	OP324466	2022-07-06	Southern Europe	Portugal	Monkeypox/PT0149/2022
Monkeypox/PT0269/2022_Portugal_2022-06-15	OP414309	2022-06-15	Southern Europe	Portugal	Monkeypox/PT0269/2022
MPX/PT0123/2022_Portugal_2022-07-13	OP245356	2022-07-13	Southern Europe	Portugal	MPX/PT0123/2022
Monkeypoxvirus/Human/USA/CA-LACPHL-MA00365/2022_USA_2022-10-19	OQ330989	2022-10-19	North America	USA	Monkeypox virus/Human/USA/CA-LACPHL-MA00365/2022
LBMB-UTP_MP-025_VAC_Colombia_2022-11-15	OQ148474	2022-11-15	South America	Colombia	LBMB-UTP_MP-025_VAC
VAC_INS_MPX_0965_HL_Colombia_2022-10-12	OP819957	2022-10-12	South America	Colombia	VAC_INS_MPX_0965_HL
MpxV/human/CAN/UN-NML-3476/2022_Canada_2022-05-27	ON880517	2022-05-27	North America	Canada	MpxV/human/CAN/UN-NML-3476/2022
MpxV/human/CAN/UN-NML-3363/2022_Canada_2022-06-02	ON880544	2022-06-02	North America	Canada	MpxV/human/CAN/UN-NML-3363/2022
MpxV/human/CAN/UN-NML-3164/2022_Canada_2022-05-29	OP013002	2022-05-29	North America	Canada	MpxV/human/CAN/UN-NML-3164/2022
MpxV/human/CAN/UN-NML-2831/2022_Canada_2022-05-14	OP013001	2022-05-14	North America	Canada	MpxV/human/CAN/UN-NML-2831/2022
Monkeypox/PT0575/2022_Portugal_2022-09-06	OP555646	2022-09-06	Southern Europe	Portugal	Monkeypox/PT0575/2022
Monkeypox/PT0566/2022_Portugal_2022-08-31	OP555637	2022-08-31	Southern Europe	Portugal	Monkeypox/PT0566/2022
Monkeypox/PT0571/2022_Portugal_2022-09-05	OP555642	2022-09-05	Southern Europe	Portugal	Monkeypox/PT0571/2022
Monkeypox/PT0565/2022_Portugal_2022-09-05	OP555636	2022-09-05	Southern Europe	Portugal	Monkeypox/PT0565/2022
Monkeypoxvirus/Human/USA/CA-LACPHL-MA00393/2022_USA_2022-12-13	OQ331004	2022-12-13	North America	USA	Monkeypox virus/Human/USA/CA-LACPHL-MA00393/2022
hMpxV/USA/CA-CDPH-000055/2022_USA_2022-10-07	OP863229	2022-10-07	North America	USA	hMpxV/USA/CA-CDPH-000055/2022
hMPXV/Austria/MUW1538395/2022_Austria_2022-08-01	OP422341	2022-08-01	Western Europe	Austria	hMPXV/Austria/MUW1538395/2022
hMPXV/Austria/MUW1539124/2022_Austria_2022-08-02	OP422342	2022-08-02	Western Europe	Austria	hMPXV/Austria/MUW1539124/2022
hMPX/USA/CA-LACPHL-MA00154/2022_USA_2022-08-05	OP580587	2022-08-05	North America	USA	hMPX/USA/CA-LACPHL-MA00154/2022
Monkeypox/PT0447/2022_Portugal_2022-08-04	OP555528	2022-08-04	Southern Europe	Portugal	Monkeypox/PT0447/2022
Monkeypox/PT0595/2022_Portugal_2022-09-16	OP555662	2022-09-16	Southern Europe	Portugal	Monkeypox/PT0595/2022
Monkeypox/PT0574/2022_Portugal_2022-09-06	OP555645	2022-09-06	Southern Europe	Portugal	Monkeypox/PT0574/2022
MPXV_USA_2022_FL0011_USA_2022-06-01	OP225967	2022-06-01	North America	USA	MPXV_USA_2022_FL0011
MpxV/human/CAN/UN-NML-3972/2022_Canada_2022-07-04	OP270022	2022-07-04	North America	Canada	MpxV/human/CAN/UN-NML-3972/2022
hMPXV-IHU00008_France_2022-07-05	OP382485	2022-07-05	Western Europe	France	hMPXV-IHU00008
MPXV22/human/USA-NE-25_USA_2022-06-25	OP171919	2022-06-25	North America	USA	MPXV22/human/USA-NE-25
Monkeypox/PT0129/2022_Portugal_2022-07-12	OP324453	2022-07-12	Southern Europe	Portugal	Monkeypox/PT0129/2022
MPXV/Germany/2022/RKI018_Germany_2022-05-01	ON694335	2022-05-01	Western Europe	Germany	MPXV/Germany/2022/RKI018
BOL-UNIMOL-MPX-293165-L_Colombia_2022-08-09	OP623592	2022-08-09	South America	Colombia	BOL-UNIMOL-MPX-293165-L
CES-UNIMOL-MPX-202203853-L_Colombia_2022-09-15	OP959067	2022-09-15	South America	Colombia	CES-UNIMOL-MPX-202203853-L
CES-UNIMOL-MPX-202203848-L_Colombia_2022-09-14	OP959066	2022-09-14	South America	Colombia	CES-UNIMOL-MPX-202203848-L
Monkeypoxvirus/Human/USA/CA-LACPHL-MA00399/2022_USA_2022-12-30	OQ331008	2022-12-30	North America	USA	Monkeypox virus/Human/USA/CA-LACPHL-MA00399/2022
Monkeypoxvirus/Human/USA/CA-LACPHL-MA00397/2023_USA_2023-01-03	OQ331006	2023-01-03	North America	USA	Monkeypox virus/Human/USA/CA-LACPHL-MA00397/2023
Monkeypoxvirus/Human/USA/CA-LACPHL-MA00396/2023_USA_2023-01-03	OQ331005	2023-01-03	North America	USA	Monkeypox virus/Human/USA/CA-LACPHL-MA00396/2023
Monkeypoxvirus/Human/USA/CA-LACPHL-MA00398/2023_USA_2023-01-03	OQ331007	2023-01-03	North America	USA	Monkeypox virus/Human/USA/CA-LACPHL-MA00398/2023
MPX/Human/USA/CA-LACPHL-MA00254/2022_USA_2022-10-11	OP722513	2022-10-11	North America	USA	MPX/Human/USA/CA-LACPHL-MA00254/2022
MPXV/ITM_pt_09/Belgium/2-Jun-2022_Belgium_2022-06-02	OP144217	2022-06-02	Western Europe	Belgium	MPXV/ITM_pt_09/Belgium/2-Jun-2022
MPXV/ITM_pt_24/Belgium/16-Jun-2022_Belgium_2022-06-16	OP144213	2022-06-16	Western Europe	Belgium	MPXV/ITM_pt_24/Belgium/16-Jun-2022
MPXV/ITM_pt_07/Belgium/30-May-2022_Belgium_2022-05-30	OP144216	2022-05-30	Western Europe	Belgium	MPXV/ITM_pt_07/Belgium/30-May-2022
MPXV/ITM_pt_05/Belgium/30-May-2022_Belgium_2022-05-30	OP144215	2022-05-30	Western Europe	Belgium	MPXV/ITM_pt_05/Belgium/30-May-2022
MPXV/ITM_pt_10/Belgium/1-Jun-2022_Belgium_2022-06-01	OP144211	2022-06-01	Western Europe	Belgium	MPXV/ITM_pt_10/Belgium/1-Jun-2022
Monkeypox/PT0427/2022_Portugal_2022-08-01	OP555514	2022-08-01	Southern Europe	Portugal	Monkeypox/PT0427/2022
Monkeypox/PT0507/2022_Portugal_2022-08-16	OP555580	2022-08-16	Southern Europe	Portugal	Monkeypox/PT0507/2022
Monkeypox/PT0475/2022_Portugal_2022-08-08	OP555554	2022-08-08	Southern Europe	Portugal	Monkeypox/PT0475/2022
Monkeypox/PT0580/2022_Portugal_2022-09-09	OP555651	2022-09-09	Southern Europe	Portugal	Monkeypox/PT0580/2022
Monkeypox/PT0578/2022_Portugal_2022-09-12	OP555649	2022-09-12	Southern Europe	Portugal	Monkeypox/PT0578/2022
Monkeypox/PT0568/2022_Portugal_2022-09-02	OP555639	2022-09-02	Southern Europe	Portugal	Monkeypox/PT0568/2022
Monkeypoxvirus/Human/USA/CA-LACPHL-MA00394/2022_USA_2022-12-23	OQ330973	2022-12-23	North America	USA	Monkeypox virus/Human/USA/CA-LACPHL-MA00394/2022
MPXV/Human/USA/CA-LACPHL-MA00362/2022_USA_2022-10-28	OP920700	2022-10-28	North America	USA	MPXV/Human/USA/CA-LACPHL-MA00362/2022
MPXV/Human/USA/CA-LACPHL-MA00321/2022_USA_2022-10-27	OP890525	2022-10-27	North America	USA	MPXV/Human/USA/CA-LACPHL-MA00321/2022
Monkeypoxvirus/Human/USA/CA-LACPHL-MA00395/2022_USA_2022-12-23	OQ330974	2022-12-23	North America	USA	Monkeypox virus/Human/USA/CA-LACPHL-MA00395/2022
Monkeypoxvirus/Human/USA/CA-LACPHL-MA00374/2022_USA_2022-11-23	OQ331002	2022-11-23	North America	USA	Monkeypox virus/Human/USA/CA-LACPHL-MA00374/2022
MPXV/Human/USA/CA-LACPHL-MA00357/2022_USA_2022-11-08	OP920695	2022-11-08	North America	USA	MPXV/Human/USA/CA-LACPHL-MA00357/2022
Monkeypox/PT0381/2022_Portugal_2022-07-11	OP555477	2022-07-11	Southern Europe	Portugal	Monkeypox/PT0381/2022
Monkeypox/PT0311/2022_Portugal_2022-06-06	OP414345	2022-06-06	Southern Europe	Portugal	Monkeypox/PT0311/2022
Monkeypox/PT0008/2022_Portugal_2022-05-15	ON585038	2022-05-15	Southern Europe	Portugal	Monkeypox/PT0008/2022
MpxV/human/CAN/UN-NML-3336/2022_Canada_2022-06-01	ON880538	2022-06-01	North America	Canada	MpxV/human/CAN/UN-NML-3336/2022
Monkeypox/PT0229/2022_Portugal_2022-06-22	OP324538	2022-06-22	Southern Europe	Portugal	Monkeypox/PT0229/2022
Monkeypox/PT0045/2022_Portugal_2022-06-06	ON843181	2022-06-06	Southern Europe	Portugal	Monkeypox/PT0045/2022
Monkeypox/PT0470/2022_Portugal_2022-08-08	OP555549	2022-08-08	Southern Europe	Portugal	Monkeypox/PT0470/2022
Monkeypox/PT0215/2022_Portugal_2022-06-24	OP324525	2022-06-24	Southern Europe	Portugal	Monkeypox/PT0215/2022
Monkeypox/PT0561/2022_Portugal_2022-08-31	OP555632	2022-08-31	Southern Europe	Portugal	Monkeypox/PT0561/2022
Monkeypox/PT0497/2022_Portugal_2022-08-16	OP555571	2022-08-16	Southern Europe	Portugal	Monkeypox/PT0497/2022
MpxV/human/USA/WA-UW-088258/2022_USA_2022-08-01	OP328311	2022-08-01	North America	USA	MpxV/human/USA/WA-UW-088258/2022
MPXV_IRBA22-11_France_2022-05-19	ON755039	2022-05-19	Western Europe	France	MPXV_IRBA22-11
ID6821_Italy_2022-06-21	OP838893	2022-06-21	Southern Europe	Italy	ID6821
hMPXV-IHU00004_France_2022-07-04	OP382481	2022-07-04	Western Europe	France	hMPXV-IHU00004
MpxV/human/CAN/UN-NML-4017/2022_Canada_2022-07-05	OP270026	2022-07-05	North America	Canada	MpxV/human/CAN/UN-NML-4017/2022
MPXV-1047_France_2022-06-07	OQ172215	2022-06-07	Western Europe	France	MPXV-1047
hMPXV-IHU00009_France_2022-07-07	OP382486	2022-07-07	Western Europe	France	hMPXV-IHU00009
MPXV/Germany/2022/RKI558_Germany_2022-06-09	OP764616	2022-06-09	Western Europe	Germany	MPXV/Germany/2022/RKI558
MPXV_USA_2022_CT0002_USA_2022-07-01	OP451009	2022-07-01	North America	USA	MPXV_USA_2022_CT0002
MPXV_USA_2022_NY004_USA_2022-05-17	ON959135	2022-05-17	North America	USA	MPXV_USA_2022_NY004
MPXV/Germany/2022/RKI470_Germany_2022-07-01	OP626108	2022-07-01	Western Europe	Germany	MPXV/Germany/2022/RKI470
MPXV/Germany/2022/RKI387_Germany_2022-09-30	OP523989	2022-09-30	Western Europe	Germany	MPXV/Germany/2022/RKI387
MPXV/Germany/2022/RKI011_Germany_2022-05-01	ON694342	2022-05-01	Western Europe	Germany	MPXV/Germany/2022/RKI011
Slovenia-MPXV-10-2022_Slovenia_2022-07-01	OP605553	2022-07-01	Central Europe	Slovenia	Slovenia-MPXV-10-2022
hMPXV-IHU00016_France_2022-07-22	OP382493	2022-07-22	Western Europe	France	hMPXV-IHU00016
MPXV/Germany/2022/RKI589_Germany_2022-06-30	OP837351	2022-06-30	Western Europe	Germany	MPXV/Germany/2022/RKI589
MPXV/Germany/2022/ON/RKI314_Germany_2022-08-01	OP355572	2022-08-01	Western Europe	Germany	MPXV/Germany/2022/ON/RKI314
hMPXV/Austria/MUW1531254/2022_Austria_2022-07-04	OP019277	2022-07-04	Western Europe	Austria	hMPXV/Austria/MUW1531254/2022
Monkeypox/PT0395/2022_Portugal_2022-07-13	OP555491	2022-07-13	Southern Europe	Portugal	Monkeypox/PT0395/2022
MPX/PT0065/2022_Portugal_2022-07-27	OP245319	2022-07-27	Southern Europe	Portugal	MPX/PT0065/2022
MpxV/human/CAN/UN-NML-3976/2022_Canada_2022-07-04	OP270024	2022-07-04	North America	Canada	MpxV/human/CAN/UN-NML-3976/2022
MpxV/human/CAN/UN-NML-3450/2022_Canada_2022-06-03	ON880549	2022-06-03	North America	Canada	MpxV/human/CAN/UN-NML-3450/2022
MpxV/human/CAN/UN-NML-4014/2022_Canada_2022-07-05	OP270025	2022-07-05	North America	Canada	MpxV/human/CAN/UN-NML-4014/2022
MpxV/human/CAN/UN-NML-3147/2022_Canada_2022-05-27	ON880528	2022-05-27	North America	Canada	MpxV/human/CAN/UN-NML-3147/2022
MpxV/human/CAN/UN-NML-4024/2022_Canada_2022-07-05	OP270027	2022-07-05	North America	Canada	MpxV/human/CAN/UN-NML-4024/2022
MpxV/human/CAN/UN-NML-3257/2022_Canada_2022-05-30	ON880533	2022-05-30	North America	Canada	MpxV/human/CAN/UN-NML-3257/2022
MpxV/human/CAN/UN-NML-3975/2022_Canada_2022-07-04	OP270023	2022-07-04	North America	Canada	MpxV/human/CAN/UN-NML-3975/2022
MpxV/human/CAN/UN-NML-3971/2022_Canada_2022-07-04	OP270021	2022-07-04	North America	Canada	MpxV/human/CAN/UN-NML-3971/2022
MpxV/human/CAN/UN-NML-4050/2022_Canada_2022-07-11	OP226139	2022-07-11	North America	Canada	MpxV/human/CAN/UN-NML-4050/2022
MpxV/Spain/MD-HGUGM-6532064/2022_Spain_2022-05-27	ON720849	2022-05-27	Southern Europe	Spain	MpxV/Spain/MD-HGUGM-6532064/2022
MPXV/ES0001/HUGTiP/2022_Spain_2022-05-20	ON622718	2022-05-20	Southern Europe	Spain	MPXV/ES0001/HUGTiP/2022
ANT-LDSP-ANT-MPX-23631-L_Colombia_2022-08-30	OP459214	2022-08-30	South America	Colombia	ANT-LDSP-ANT-MPX-23631-L
MpxV/human/USA/WA-UW-091243/2022_USA_2022-09-24	OP681773	2022-09-24	North America	USA	MpxV/human/USA/WA-UW-091243/2022
MpxV/human/USA/WA-UW-092889/2022_USA_2022-09-24	OP681774	2022-09-24	North America	USA	MpxV/human/USA/WA-UW-092889/2022
MPXV/Germany/2022/RKI275_Germany_2022-08-31	OP263630	2022-08-31	Western Europe	Germany	MPXV/Germany/2022/RKI275
MPXV/Germany/2022/RKI203_Germany_2022-08-01	OP215211	2022-08-01	Western Europe	Germany	MPXV/Germany/2022/RKI203
hMPX/USA/CA-LACPHL-MA00176/2022_USA_2022-08-02	OP580609	2022-08-02	North America	USA	hMPX/USA/CA-LACPHL-MA00176/2022
hMpxV/UK/LMO-026a/2022_UnitedKingdom_2022-07-01	OP390194	2022-07-01	Western Europe	United Kingdom	hMpxV/UK/LMO-026a/2022
MPXV/Germany/2022/ON/RKI644_Germany_2022-08-01	OQ159039	2022-08-01	Western Europe	Germany	MPXV/Germany/2022/ON/RKI644
MPXV/Germany/2022/RKI177_Germany_2022-07-01	OP018602	2022-07-01	Western Europe	Germany	MPXV/Germany/2022/RKI177
MPXV/Germany/2022/RKI190_Germany_2022-08-23	OP215232	2022-08-23	Western Europe	Germany	MPXV/Germany/2022/RKI190
MPXV/Germany/2022/RKI217_Germany_2022-08-23	OP215216	2022-08-23	Western Europe	Germany	MPXV/Germany/2022/RKI217
SAN_INS_MPX_0971_L_Colombia_2022-10-11	OP819959	2022-10-11	South America	Colombia	SAN_INS_MPX_0971_L
ANT-LDSP-ANT-MPX-23596-O_Colombia_2022-08-29	OP459211	2022-08-29	South America	Colombia	ANT-LDSP-ANT-MPX-23596-O
CUN_INS_MPX_0649_C_Colombia_2022-08-23	OP693651	2022-08-23	South America	Colombia	CUN_INS_MPX_0649_C
hMpxV/UK/LMO-029a/2022_UnitedKingdom_2022-07-07	OP390195	2022-07-07	Western Europe	United Kingdom	hMpxV/UK/LMO-029a/2022
VAC_INS_MPX_0960_C_Colombia_2022-10-15	OP819954	2022-10-15	South America	Colombia	VAC_INS_MPX_0960_C
LBMB-UTP_MP-021_VAC_Colombia_2022-11-11	OQ148473	2022-11-11	South America	Colombia	LBMB-UTP_MP-021_VAC
ANT-LDSP-ANT-MPX-24594-L_Colombia_2022-09-07	OP642378	2022-09-07	South America	Colombia	ANT-LDSP-ANT-MPX-24594-L
VAC_INS_MPX_1050_E_Colombia_2022-10-26	OP837470	2022-10-26	South America	Colombia	VAC_INS_MPX_1050_E
LBMB-UTP_MP-014_VAC_Colombia_2022-11-11	OQ148468	2022-11-11	South America	Colombia	LBMB-UTP_MP-014_VAC
VAC_INS_MPX_1050_C_Colombia_2022-10-26	OP837481	2022-10-26	South America	Colombia	VAC_INS_MPX_1050_C
ANT-LDSP-ANT-MPX-28292C_Colombia_2022-10-13	OQ261702	2022-10-13	South America	Colombia	ANT-LDSP-ANT-MPX-28292C
VAC_INS_MPX_0962_C_Colombia_2022-10-13	OP819955	2022-10-13	South America	Colombia	VAC_INS_MPX_0962_C
VAC_INS_MPX_0955_C_Colombia_2022-10-11	OP819949	2022-10-11	South America	Colombia	VAC_INS_MPX_0955_C
MPXV/Human/USA/CA-LACPHL-MA00309/2022_USA_2022-11-09	OP890566	2022-11-09	North America	USA	MPXV/Human/USA/CA-LACPHL-MA00309/2022
MPXV/Human/USA/CA-LACPHL-MA00335/2022_USA_2022-11-09	OP890563	2022-11-09	North America	USA	MPXV/Human/USA/CA-LACPHL-MA00335/2022
MPXV/Human/USA/CA-LACPHL-MA00328/2022_USA_2022-11-09	OP890556	2022-11-09	North America	USA	MPXV/Human/USA/CA-LACPHL-MA00328/2022
MPXV/Human/USA/CA-LACPHL-MA00330/2022_USA_2022-11-09	OP890558	2022-11-09	North America	USA	MPXV/Human/USA/CA-LACPHL-MA00330/2022
MPXV/Human/USA/CA-LACPHL-MA00336/2022_USA_2022-11-09	OP890564	2022-11-09	North America	USA	MPXV/Human/USA/CA-LACPHL-MA00336/2022
MPXV/Human/USA/CA-LACPHL-MA00316/2022_USA_2022-11-09	OP890573	2022-11-09	North America	USA	MPXV/Human/USA/CA-LACPHL-MA00316/2022
MPXV/Human/USA/CA-LACPHL-MA00312/2022_USA_2022-11-09	OP890569	2022-11-09	North America	USA	MPXV/Human/USA/CA-LACPHL-MA00312/2022
Monkeypoxvirus/Human/USA/CA-LACPHL-MA00391/2022_USA_2022-12-19	OQ330999	2022-12-19	North America	USA	Monkeypox virus/Human/USA/CA-LACPHL-MA00391/2022
Monkeypoxvirus/Human/USA/CA-LACPHL-MA00401/2022_USA_2022-12-19	OQ331000	2022-12-19	North America	USA	Monkeypox virus/Human/USA/CA-LACPHL-MA00401/2022
Monkeypoxvirus/Human/USA/CA-LACPHL-MA00400/2022_USA_2022-12-19	OQ330998	2022-12-19	North America	USA	Monkeypox virus/Human/USA/CA-LACPHL-MA00400/2022
MPXV/Human/USA/CA-LACPHL-MA00318/2022_USA_2022-11-09	OP890575	2022-11-09	North America	USA	MPXV/Human/USA/CA-LACPHL-MA00318/2022
MPXV/Human/USA/CA-LACPHL-MA00311/2022_USA_2022-11-09	OP890568	2022-11-09	North America	USA	MPXV/Human/USA/CA-LACPHL-MA00311/2022
MPXV/Human/USA/CA-LACPHL-MA00320/2022_USA_2022-11-09	OP890577	2022-11-09	North America	USA	MPXV/Human/USA/CA-LACPHL-MA00320/2022
MPXV/Human/USA/CA-LACPHL-MA00327/2022_USA_2022-11-09	OP890555	2022-11-09	North America	USA	MPXV/Human/USA/CA-LACPHL-MA00327/2022
MPXV/Germany/2022/RKI529_Germany_2022-07-31	OP689682	2022-07-31	Western Europe	Germany	MPXV/Germany/2022/RKI529
MPXV_USA_2022_GA001_USA_2022-05-01	OP150925	2022-05-01	North America	USA	MPXV_USA_2022_GA001
MPXV/Germany/2022/ON/RKI667_Germany_2022-05-01	OQ274886	2022-05-01	Western Europe	Germany	MPXV/Germany/2022/ON/RKI667
hMPXV-CH-38347314/2022_Switzerland_2022-06-08	OP783902	2022-06-08	Western Europe	Switzerland	hMPXV-CH-38347314/2022
SIC-AOUP-UNIPA_VL_9aug_Italy_2022-08-09	OP358276	2022-08-09	Southern Europe	Italy	SIC-AOUP-UNIPA_VL_9aug
INMI-Pt4_Italy_2022-05-21	ON780017	2022-05-21	Southern Europe	Italy	INMI-Pt4
hMpxV/Switzerland/ZH-UZH-IMV-3ba64538/2022_Switzerland_2022-06-02	ON792322	2022-06-02	Western Europe	Switzerland	hMpxV/Switzerland/ZH-UZH-IMV-3ba64538/2022
MPXV/Germany/2022/ON/RKI664_Germany_2022-05-01	OQ274883	2022-05-01	Western Europe	Germany	MPXV/Germany/2022/ON/RKI664
MPXV/Germany/2022/ON/RKI666_Germany_2022-05-01	OQ274885	2022-05-01	Western Europe	Germany	MPXV/Germany/2022/ON/RKI666
MPXV/Germany/2022/ON/RKI663_Germany_2022-05-01	OQ274882	2022-05-01	Western Europe	Germany	MPXV/Germany/2022/ON/RKI663
MPXV/Germany/2022/RKI223_Germany_2022-08-01	OP215219	2022-08-01	Western Europe	Germany	MPXV/Germany/2022/RKI223
MPXV/Germany/2022/RKI521_Germany_2022-06-01	OP689674	2022-06-01	Western Europe	Germany	MPXV/Germany/2022/RKI521
Monkeypox/PT0527/2022_Portugal_2022-08-19	OP555598	2022-08-19	Southern Europe	Portugal	Monkeypox/PT0527/2022
Monkeypox/PT0515/2022_Portugal_2022-08-16	OP555586	2022-08-16	Southern Europe	Portugal	Monkeypox/PT0515/2022
LBMB-UTP_MP-013_VAC_Colombia_2022-11-11	OQ148469	2022-11-11	South America	Colombia	LBMB-UTP_MP-013_VAC
ANT-LDSP-ANT-MPX-25390E_Colombia_2022-09-12	OP642416	2022-09-12	South America	Colombia	ANT-LDSP-ANT-MPX-25390E
BOL-UNIMOL-MPX-293633-L_Colombia_2022-11-15	OP959063	2022-11-15	South America	Colombia	BOL-UNIMOL-MPX-293633-L
BOL-UNIMOL-MPX-293614-L_Colombia_2022-11-11	OP959062	2022-11-11	South America	Colombia	BOL-UNIMOL-MPX-293614-L
MPXV_USA_2022_IN0005_USA_2022-06-01	OP603011	2022-06-01	North America	USA	MPXV_USA_2022_IN0005
MPXV-USA-IL-IDPH-052_USA_2022-06-25	OP536713	2022-06-25	North America	USA	MPXV-USA-IL-IDPH-052
MPXV-USA-IL-IDPH-037_USA_2022-06-17	OP536698	2022-06-17	North America	USA	MPXV-USA-IL-IDPH-037
Monkeypoxvirus/Human/USA/CA-LACPHL-MA00364/2022_USA_2022-10-11	OQ330984	2022-10-11	North America	USA	Monkeypox virus/Human/USA/CA-LACPHL-MA00364/2022
MAG-UNIMOL-MPX-292982-L_Colombia_2022-08-20	OP390178	2022-08-20	South America	Colombia	MAG-UNIMOL-MPX-292982-L
MPXV22/human/USA-NE-83_USA_2022-07-27	OP314957	2022-07-27	North America	USA	MPXV22/human/USA-NE-83
MPXV/Human/USA/CA-LACPHL-MA00297/2022_USA_2022-09-30	OP890531	2022-09-30	North America	USA	MPXV/Human/USA/CA-LACPHL-MA00297/2022
BOL-UNIMOL-MPX-293772-L_Colombia_2022-11-17	OP959064	2022-11-17	South America	Colombia	BOL-UNIMOL-MPX-293772-L
CUN_INS_MPX_0751_C_Colombia_2022-09-10	OP693656	2022-09-10	South America	Colombia	CUN_INS_MPX_0751_C
MPX/Human/USA/CA-LACPHL-MA00206/2022_USA_2022-09-13	OP615279	2022-09-13	North America	USA	MPX/Human/USA/CA-LACPHL-MA00206/2022
hMPX/Human/USA/CA-LACPHL-MA00075/2022_USA_2022-08-16	OP442558	2022-08-16	North America	USA	hMPX/Human/USA/CA-LACPHL-MA00075/2022
CUN_INS_MPX_0748_L_Colombia_2022-09-03	OP693655	2022-09-03	South America	Colombia	CUN_INS_MPX_0748_L
LIM-INS-010_Peru_2022-07-02	OP320549	2022-07-02	South America	Peru	LIM-INS-010
LIM-INS-016_Peru_2022-07-09	OP320554	2022-07-09	South America	Peru	LIM-INS-016
ANT-LDSP-ANT-MPX-26719E_Colombia_2022-09-29	OP881939	2022-09-29	South America	Colombia	ANT-LDSP-ANT-MPX-26719E
ANT-LDSP-ANT-MPX-22752-O_Colombia_2022-08-18	OP431402	2022-08-18	South America	Colombia	ANT-LDSP-ANT-MPX-22752-O
LIM-INS-012_Peru_2022-07-06	OP320552	2022-07-06	South America	Peru	LIM-INS-012
LIM-INS-013_Peru_2022-07-08	OP320553	2022-07-08	South America	Peru	LIM-INS-013
LIM-INS-003_Peru_2022-06-27	OP289783	2022-06-27	South America	Peru	LIM-INS-003
LIM-INS-018_Peru_2022-07-09	OP320551	2022-07-09	South America	Peru	LIM-INS-018
LIM-INS-021_Peru_2022-07-09	OP320555	2022-07-09	South America	Peru	LIM-INS-021
LIM-INS008_Peru_2022-07-01	OP320548	2022-07-01	South America	Peru	LIM-INS008
LIM-INS-015_Peru_2022-07-09	OP320550	2022-07-09	South America	Peru	LIM-INS-015
LIM-INS-001_Peru_2022-06-25	OP289782	2022-06-25	South America	Peru	LIM-INS-001
Monkeypoxvirus/Human/USA/CA-LACPHL-MA00392/2022_USA_2022-12-06	OQ331003	2022-12-06	North America	USA	Monkeypox virus/Human/USA/CA-LACPHL-MA00392/2022
Monkeypoxvirus/Human/USA/CA-LACPHL-MA00388/2022_USA_2022-12-10	OQ330995	2022-12-10	North America	USA	Monkeypox virus/Human/USA/CA-LACPHL-MA00388/2022
MpxV/human/CAN/UN-NML-2836/2022_Canada_2022-05-17	ON803417	2022-05-17	North America	Canada	MpxV/human/CAN/UN-NML-2836/2022
MpxV/human/CAN/UN-NML-2833/2022_Canada_2022-05-13	ON880519	2022-05-13	North America	Canada	MpxV/human/CAN/UN-NML-2833/2022
hMpxV/USA/CA-CDPH-000052/2022_USA_2022-07-21	OP863227	2022-07-21	North America	USA	hMpxV/USA/CA-CDPH-000052/2022
hMPX/Human/USA/CA-LACPHL-MA00086/2022_USA_2022-08-01	OP442553	2022-08-01	North America	USA	hMPX/Human/USA/CA-LACPHL-MA00086/2022
MPXV/Human/USA/CA-LACPHL-MA00305/2022_USA_2022-09-28	OP890539	2022-09-28	North America	USA	MPXV/Human/USA/CA-LACPHL-MA00305/2022
MPXV/Human/USA/CA-LACPHL-MA00304/2022_USA_2022-09-29	OP890538	2022-09-29	North America	USA	MPXV/Human/USA/CA-LACPHL-MA00304/2022
MpxV/human/CAN/UN-NML-4125/2022_Canada_2022-06-29	OP279041	2022-06-29	North America	Canada	MpxV/human/CAN/UN-NML-4125/2022
MpxV/human/CAN/UN-NML-4122/2022_Canada_2022-07-03	OP279040	2022-07-03	North America	Canada	MpxV/human/CAN/UN-NML-4122/2022
MpxV/human/CAN/UN-NML-3582/2022_Canada_2022-06-08	OP013008	2022-06-08	North America	Canada	MpxV/human/CAN/UN-NML-3582/2022
hMpxV/USA/CA-CDPH-000051/2022_USA_2022-07-21	OP863226	2022-07-21	North America	USA	hMpxV/USA/CA-CDPH-000051/2022
MpxV/human/CAN/UN-NML-4119/2022_Canada_2022-07-04	OP279049	2022-07-04	North America	Canada	MpxV/human/CAN/UN-NML-4119/2022
MpxV/human/CAN/UN-NML-4142/2022_Canada_2022-07-02	OP279044	2022-07-02	North America	Canada	MpxV/human/CAN/UN-NML-4142/2022
MpxV/human/CAN/UN-NML-4097/2022_Canada_2022-07-04	OP279034	2022-07-04	North America	Canada	MpxV/human/CAN/UN-NML-4097/2022
MpxV/human/CAN/UN-NML-3071/2022_Canada_2022-05-27	ON880507	2022-05-27	North America	Canada	MpxV/human/CAN/UN-NML-3071/2022
MpxV/human/CAN/UN-NML-3725/2022_Canada_2022-06-16	ON983167	2022-06-16	North America	Canada	MpxV/human/CAN/UN-NML-3725/2022
MpxV/human/CAN/UN-NML-2930/2022_Canada_2022-05-21	ON803414	2022-05-21	North America	Canada	MpxV/human/CAN/UN-NML-2930/2022
MpxV/human/CAN/UN-NML-4103/2022_Canada_2022-07-04	OP279035	2022-07-04	North America	Canada	MpxV/human/CAN/UN-NML-4103/2022
MpxV/human/CAN/UN-NML-4155/2022_Canada_2022-06-29	OP279048	2022-06-29	North America	Canada	MpxV/human/CAN/UN-NML-4155/2022
MpxV/human/CAN/UN-NML-3293/2022_Canada_2022-06-01	ON983159	2022-06-01	North America	Canada	MpxV/human/CAN/UN-NML-3293/2022
MpxV/human/CAN/UN-NML-4113/2022_Canada_2022-07-04	OP279037	2022-07-04	North America	Canada	MpxV/human/CAN/UN-NML-4113/2022
MpxV/human/CAN/UN-NML-4144/2022_Canada_2022-07-04	OP279045	2022-07-04	North America	Canada	MpxV/human/CAN/UN-NML-4144/2022
MPXV/Germany/2022/RKI122_Germany_2022-07-01	ON929077	2022-07-01	Western Europe	Germany	MPXV/Germany/2022/RKI122
hMpxV/Switzerland/ZH-UZH-IMV-3ba6450e/2022_Switzerland_2022-06-02	ON792321	2022-06-02	Western Europe	Switzerland	hMpxV/Switzerland/ZH-UZH-IMV-3ba6450e/2022
hMPXV-IHU00002_France_2022-07-01	OP382479	2022-07-01	Western Europe	France	hMPXV-IHU00002
MPXV/Germany/2022/RKI437_Germany_2022-09-01	OP594201	2022-09-01	Western Europe	Germany	MPXV/Germany/2022/RKI437
Monkeypox/PT0564/2022_Portugal_2022-09-05	OP555635	2022-09-05	Southern Europe	Portugal	Monkeypox/PT0564/2022
MPXV/Germany/2022/RKI021_Germany_2022-05-01	ON694334	2022-05-01	Western Europe	Germany	MPXV/Germany/2022/RKI021
MPXV/Germany/2022/RKI378_Germany_2022-09-01	OP523980	2022-09-01	Western Europe	Germany	MPXV/Germany/2022/RKI378
MPXV/Germany/2022/RKI182_Germany_2022-07-01	OP018605	2022-07-01	Western Europe	Germany	MPXV/Germany/2022/RKI182
MPXV/Germany/2022/RKI023_Germany_2022-05-01	ON694332	2022-05-01	Western Europe	Germany	MPXV/Germany/2022/RKI023
MPXV/Germany/2022/RKI551_Germany_2022-06-01	OP715831	2022-06-01	Western Europe	Germany	MPXV/Germany/2022/RKI551
MpxV/human/USA/WA-UW-082531/2022_USA_2022-08-01	OP628448	2022-08-01	North America	USA	MpxV/human/USA/WA-UW-082531/2022
MPXV/Germany/2022/RKI486_Germany_2022-07-01	OP626124	2022-07-01	Western Europe	Germany	MPXV/Germany/2022/RKI486
hMPXV-IHU00011_France_2022-07-19	OP382488	2022-07-19	Western Europe	France	hMPXV-IHU00011
MPXV/Germany/2022/RKI633_Germany_2022-11-01	OQ159028	2022-11-01	Western Europe	Germany	MPXV/Germany/2022/RKI633
Monkeypox/PT0592/2022_Portugal_2022-09-14	OP555659	2022-09-14	Southern Europe	Portugal	Monkeypox/PT0592/2022
MPXV/Germany/2022/ON/RKI672_Germany_2022-05-15	OQ274891	2022-05-15	Western Europe	Germany	MPXV/Germany/2022/ON/RKI672
hMPXV/Austria/MUW1527495/2022_Austria_2022-06-21	OP019276	2022-06-21	Western Europe	Austria	hMPXV/Austria/MUW1527495/2022
MPXV/Germany/2022/RKI015_Germany_2022-05-15	ON694331	2022-05-15	Western Europe	Germany	MPXV/Germany/2022/RKI015
MPXV/Germany/2022/RKI051_Germany_2022-06-01	ON813251	2022-06-01	Western Europe	Germany	MPXV/Germany/2022/RKI051
MPXV/Germany/2022/RKI01_Germany_2022-05-15	ON637938	2022-05-15	Western Europe	Germany	MPXV/Germany/2022/RKI01
CVR_MPXV1a_UnitedKingdom_2022-05-15	ON808413	2022-05-15	Western Europe	United Kingdom	CVR_MPXV1a
MPXV/Germany/2022/RKI342_Germany_2022-09-01	OP484695	2022-09-01	Western Europe	Germany	MPXV/Germany/2022/RKI342
Monkeypox/PT0570/2022_Portugal_2022-09-02	OP555641	2022-09-02	Southern Europe	Portugal	Monkeypox/PT0570/2022
MPXV-USA-IL-IDPH-003_USA_2022-06-06	OP536664	2022-06-06	North America	USA	MPXV-USA-IL-IDPH-003
MPX/Human/USA/CA-LACPHL-MA00116/2022_USA_2022-09-14	OP539901	2022-09-14	North America	USA	MPX/Human/USA/CA-LACPHL-MA00116/2022
MPX_AooXJI_9000248_UnitedKingdom_2022-08-01	OP415219	2022-08-01	Western Europe	United Kingdom	MPX_AooXJI_9000248
Monkeypox/PT0031/2022_Portugal_2022-05-26	ON843170	2022-05-26	Southern Europe	Portugal	Monkeypox/PT0031/2022
MPXV/Germany/2022/RKI631_Germany_2022-10-01	OQ159026	2022-10-01	Western Europe	Germany	MPXV/Germany/2022/RKI631
MPXV/Germany/2022/RKI158_Germany_2022-07-06	ON959172	2022-07-06	Western Europe	Germany	MPXV/Germany/2022/RKI158
MPX_bSkpM3_9000334_UnitedKingdom_2022-08-22	OP415272	2022-08-22	Western Europe	United Kingdom	MPX_bSkpM3_9000334
MPXV_USA_2022_TX0015_USA_2022-06-21	OP450986	2022-06-21	North America	USA	MPXV_USA_2022_TX0015
MPXV_UK_2022_9000160_UnitedKingdom_2022-07-05	OP205118	2022-07-05	Western Europe	United Kingdom	MPXV_UK_2022_9000160
MPXV/Germany/2022/RKI396_Germany_2022-09-01	OP523999	2022-09-01	Western Europe	Germany	MPXV/Germany/2022/RKI396
B1118431_USA_2022-09-27	OP935994	2022-09-27	North America	USA	B1118431
MPXV_UK_2022_9000065_UnitedKingdom_2022-06-06	OP205071	2022-06-06	Western Europe	United Kingdom	MPXV_UK_2022_9000065
MPXV_UK_2022_9000093_UnitedKingdom_2022-05-30	OP205084	2022-05-30	Western Europe	United Kingdom	MPXV_UK_2022_9000093
MPX_K1dQNt_9000224_UnitedKingdom_2022-07-24	OP415200	2022-07-24	Western Europe	United Kingdom	MPX_K1dQNt_9000224
MPX_K1dQNt_9000223_UnitedKingdom_2022-07-24	OP415199	2022-07-24	Western Europe	United Kingdom	MPX_K1dQNt_9000223
MPXV_UK_2022_9000148_UnitedKingdom_2022-06-14	OP205111	2022-06-14	Western Europe	United Kingdom	MPXV_UK_2022_9000148
MPXV_UK_2022_9000070_UnitedKingdom_2022-06-09	OP205076	2022-06-09	Western Europe	United Kingdom	MPXV_UK_2022_9000070
PatientMPXV_France_2022-06-10	OP204840	2022-06-10	Western Europe	France	PatientMPXV
PrEV_case_2_Belgium_2022-10-02	OP727822	2022-10-02	Western Europe	Belgium	PrEV_case_2
MpxV/Spain/MD-HGUGM-6513479/2022_Spain_2022-05-27	ON720848	2022-05-27	Southern Europe	Spain	MpxV/Spain/MD-HGUGM-6513479/2022
MPXV/Germany/2022/ON/RKI606_Germany_2022-09-01	OP863256	2022-09-01	Western Europe	Germany	MPXV/Germany/2022/ON/RKI606
hMPXV-IHU00012_France_2022-07-19	OP382489	2022-07-19	Western Europe	France	hMPXV-IHU00012
MPXV/Germany/2022/ON/RKI511_Germany_2022-10-01	OP689664	2022-10-01	Western Europe	Germany	MPXV/Germany/2022/ON/RKI511
ANT-LDSP-ANT-MPX-24913-O_Colombia_2022-09-09	OP642386	2022-09-09	South America	Colombia	ANT-LDSP-ANT-MPX-24913-O
ANT-LDSP-ANT-MPX-25340L_Colombia_2022-09-13	OP642412	2022-09-13	South America	Colombia	ANT-LDSP-ANT-MPX-25340L
ANT-LDSP-ANT-MPX-26261O_Colombia_2022-09-26	OP881936	2022-09-26	South America	Colombia	ANT-LDSP-ANT-MPX-26261O
ANT-LDSP-ANT-MPX-23697-L_Colombia_2022-08-30	OP459220	2022-08-30	South America	Colombia	ANT-LDSP-ANT-MPX-23697-L
ANT-LDSP-ANT-MPX-28299E_Colombia_2022-10-13	OQ261704	2022-10-13	South America	Colombia	ANT-LDSP-ANT-MPX-28299E
ANT-LDSP-ANT-MPX-28772C_Colombia_2022-10-21	OQ261711	2022-10-21	South America	Colombia	ANT-LDSP-ANT-MPX-28772C
LBMB-UTP_MP-019_VAC_Colombia_2022-11-11	OQ148472	2022-11-11	South America	Colombia	LBMB-UTP_MP-019_VAC
INS-MPXV-0015-L1_Colombia_2022-07-21	OP295382	2022-07-21	South America	Colombia	INS-MPXV-0015-L1
ANT-LDSP-ANT-MPX-22702-C_Colombia_2022-08-17	OP431398	2022-08-17	South America	Colombia	ANT-LDSP-ANT-MPX-22702-C
ANT-LDSP-ANT-MPX-25342E_Colombia_2022-09-04	OP642414	2022-09-04	South America	Colombia	ANT-LDSP-ANT-MPX-25342E
ANT-LDSP-ANT-MPX-24915-L_Colombia_2022-09-09	OP642388	2022-09-09	South America	Colombia	ANT-LDSP-ANT-MPX-24915-L
ANT-LDSP-ANT-MPX-22816-L_Colombia_2022-08-18	OP477445	2022-08-18	South America	Colombia	ANT-LDSP-ANT-MPX-22816-L
ANT-LDSP-ANT-MPX-24593-O_Colombia_2022-09-07	OP642377	2022-09-07	South America	Colombia	ANT-LDSP-ANT-MPX-24593-O
ANT-LDSP-ANT-MPX-22748-C_Colombia_2022-08-17	OP431399	2022-08-17	South America	Colombia	ANT-LDSP-ANT-MPX-22748-C
ANT-LDSP-ANT-MPX-22769-L_Colombia_2022-08-17	OP431401	2022-08-17	South America	Colombia	ANT-LDSP-ANT-MPX-22769-L
ANT-LDSP-ANT-MPX-23651-L_Colombia_2022-08-30	OP459216	2022-08-30	South America	Colombia	ANT-LDSP-ANT-MPX-23651-L
ANT-LDSP-ANT-MPX-23266_Colombia_2022-08-23	OP477457	2022-08-23	South America	Colombia	ANT-LDSP-ANT-MPX-23266
ANT-LDSP-ANT-MPX-25285O_Colombia_2022-09-13	OP642408	2022-09-13	South America	Colombia	ANT-LDSP-ANT-MPX-25285O
ANT-LDSP-ANT-MPX-23683-L_Colombia_2022-08-30	OP459219	2022-08-30	South America	Colombia	ANT-LDSP-ANT-MPX-23683-L
ANT-LDSP-ANT-MPX-28290C_Colombia_2022-10-13	OQ261701	2022-10-13	South America	Colombia	ANT-LDSP-ANT-MPX-28290C
ANT-LDSP-ANT-MPX-28207C_Colombia_2022-10-13	OQ261698	2022-10-13	South America	Colombia	ANT-LDSP-ANT-MPX-28207C
ANT-LDSP-ANT-MPX-22980_Colombia_2022-08-19	OP477446	2022-08-19	South America	Colombia	ANT-LDSP-ANT-MPX-22980
ANT-LDSP-ANT-MPX-24728-L_Colombia_2022-09-08	OP642381	2022-09-08	South America	Colombia	ANT-LDSP-ANT-MPX-24728-L
SUC-UNIMOL-MPX-293401-L_Colombia_2022-11-10	OP959057	2022-11-10	South America	Colombia	SUC-UNIMOL-MPX-293401-L
QUI_INS_MPX_0967_L_Colombia_2022-10-15	OP819958	2022-10-15	South America	Colombia	QUI_INS_MPX_0967_L
ANT-LDSP-ANT-MPX-28828C_Colombia_2022-10-21	OQ261712	2022-10-21	South America	Colombia	ANT-LDSP-ANT-MPX-28828C
PrEV_case_1_Belgium_2022-08-27	OP727821	2022-08-27	Western Europe	Belgium	PrEV_case_1
MPXV22/human/USA-NE-63_USA_2022-07-25	OP171924	2022-07-25	North America	USA	MPXV22/human/USA-NE-63
MPXV_UK_2022_9000158_UnitedKingdom_2022-07-07	OP205116	2022-07-07	Western Europe	United Kingdom	MPXV_UK_2022_9000158
MPXV_SI2022_S3_Slovenia_2022-06-01	ON754984	2022-06-01	Central Europe	Slovenia	MPXV_SI2022_S3
MPXV_SI2022_S5_Slovenia_2022-06-01	ON754986	2022-06-01	Central Europe	Slovenia	MPXV_SI2022_S5
MPXV_UK_2022_9000061_UnitedKingdom_2022-05-27	OP205067	2022-05-27	Western Europe	United Kingdom	MPXV_UK_2022_9000061
RNA_2r1xqa_Slovakia_2022-07-04	OX248696	2022-07-04	Central Europe	Slovakia	RNA_2r1xqa
MPX_0MZd8B_9000260_UnitedKingdom_2022-08-01	OP415229	2022-08-01	Western Europe	United Kingdom	MPX_0MZd8B_9000260
Monkeypox/PT0562/2022_Portugal_2022-09-01	OP555633	2022-09-01	Southern Europe	Portugal	Monkeypox/PT0562/2022
hMpxV/Switzerland/ZH-UZH-IMV-3ba6449f/2022_Switzerland_2022-06-01	ON792320	2022-06-01	Western Europe	Switzerland	hMpxV/Switzerland/ZH-UZH-IMV-3ba6449f/2022
hMpxV/UK/LMO-043a/2022_UnitedKingdom_2022-07-20	OP390204	2022-07-20	Western Europe	United Kingdom	hMpxV/UK/LMO-043a/2022
MPXV/Human/USA/CA-LACPHL-MA00322/2022_USA_2022-10-31	OP890526	2022-10-31	North America	USA	MPXV/Human/USA/CA-LACPHL-MA00322/2022
B1118356_USA_2022-08-18	OP531890	2022-08-18	North America	USA	B1118356
SI2022_S7_Slovenia_2022-06-01	ON838178	2022-06-01	Central Europe	Slovenia	SI2022_S7
Slovenia-MPXV-09-2022_Slovenia_2022-06-01	OP605552	2022-06-01	Central Europe	Slovenia	Slovenia-MPXV-09-2022
Slovenia-MPXV-08-2022_Slovenia_2022-06-01	OP605551	2022-06-01	Central Europe	Slovenia	Slovenia-MPXV-08-2022
MPXV_SI2022_S4_Slovenia_2022-06-01	ON754985	2022-06-01	Central Europe	Slovenia	MPXV_SI2022_S4
Slovenia-MPXV-26-2022_Slovenia_2022-07-31	OP605568	2022-07-31	Central Europe	Slovenia	Slovenia-MPXV-26-2022
MPXV/Spain/HUNSC_ITER_0001a/2022_Spain_2022-05-31	ON782054	2022-05-31	Southern Europe	Spain	MPXV/Spain/HUNSC_ITER_0001a/2022
MPXV/Spain/HUNSC_ITER_0001b/2022_Spain_2022-05-31	ON782055	2022-05-31	Southern Europe	Spain	MPXV/Spain/HUNSC_ITER_0001b/2022
MPXV_FR_HCL0001_2022_France_2022-05-22	ON622722	2022-05-22	Western Europe	France	MPXV_FR_HCL0001_2022
Slovenia-MPXV-18-2022_Slovenia_2022-07-31	OP605560	2022-07-31	Central Europe	Slovenia	Slovenia-MPXV-18-2022
Slovenia-MPXV-20-2022_Slovenia_2022-07-24	OP605562	2022-07-24	Central Europe	Slovenia	Slovenia-MPXV-20-2022
MPXV_SI2022_S1_VEROE6_Slovenia_2022-05-23	ON754987	2022-05-23	Central Europe	Slovenia	MPXV_SI2022_S1_VEROE6
SLO_Slovenia_2022-05-23	ON609725	2022-05-23	Central Europe	Slovenia	SLO
MPXV/ITM_pt_31/Belgium/27-May-2022_Belgium_2022-05-27	ON950045	2022-05-27	Western Europe	Belgium	MPXV/ITM_pt_31/Belgium/27-May-2022
MPXV/ITM_pt_25/Belgium/16-Jun-2022_Belgium_2022-06-16	OP144214	2022-06-16	Western Europe	Belgium	MPXV/ITM_pt_25/Belgium/16-Jun-2022
MPXV/ITM_pt_16/Belgium/10-Jun-2022_Belgium_2022-06-10	OP144212	2022-06-10	Western Europe	Belgium	MPXV/ITM_pt_16/Belgium/10-Jun-2022
Slovenia-MPXV-28-2022_Slovenia_2022-07-13	OP605570	2022-07-13	Central Europe	Slovenia	Slovenia-MPXV-28-2022
Slovenia-MPXV-36-2022_Slovenia_2022-07-31	OP605578	2022-07-31	Central Europe	Slovenia	Slovenia-MPXV-36-2022
Slovenia-MPXV-40-2022_Slovenia_2022-08-01	OP605581	2022-08-01	Central Europe	Slovenia	Slovenia-MPXV-40-2022
Slovenia-MPXV-44-2022_Slovenia_2022-08-01	OP605585	2022-08-01	Central Europe	Slovenia	Slovenia-MPXV-44-2022
MPX_Fap1fz_9000235_UnitedKingdom_2022-07-31	OP415209	2022-07-31	Western Europe	United Kingdom	MPX_Fap1fz_9000235
MPXV_USA_2022_WA001_USA_2022-05-01	OP150927	2022-05-01	North America	USA	MPXV_USA_2022_WA001
MPXV_UK_2022_9000162_UnitedKingdom_2022-07-07	OP205120	2022-07-07	Western Europe	United Kingdom	MPXV_UK_2022_9000162
MPXV_UK_2022_9000100_UnitedKingdom_2022-06-09	OP205088	2022-06-09	Western Europe	United Kingdom	MPXV_UK_2022_9000100
MPXV_UK_2022_9000186_UnitedKingdom_2022-06-29	OP205131	2022-06-29	Western Europe	United Kingdom	MPXV_UK_2022_9000186
MPXV/Germany/2022/RKI135_Germany_2022-07-01	ON929090	2022-07-01	Western Europe	Germany	MPXV/Germany/2022/RKI135
MPXV/Germany/2022/RKI584_Germany_2022-06-01	OP837346	2022-06-01	Western Europe	Germany	MPXV/Germany/2022/RKI584
MPXV_UK_2022_9000072_UnitedKingdom_2022-06-09	OP205078	2022-06-09	Western Europe	United Kingdom	MPXV_UK_2022_9000072
MPXV/Germany/2022/RKI343_Germany_2022-09-01	OP484665	2022-09-01	Western Europe	Germany	MPXV/Germany/2022/RKI343
Monkeypox/PT0522/2022_Portugal_2022-08-18	OP555593	2022-08-18	Southern Europe	Portugal	Monkeypox/PT0522/2022
MPXV_UK_2022_9000101_UnitedKingdom_2022-06-09	OP205089	2022-06-09	Western Europe	United Kingdom	MPXV_UK_2022_9000101
MPXV/Germany/2022/RKI167_Germany_2022-07-01	OP018593	2022-07-01	Western Europe	Germany	MPXV/Germany/2022/RKI167
MPXV/Germany/2022/RKI281_Germany_2022-08-01	OP263636	2022-08-01	Western Europe	Germany	MPXV/Germany/2022/RKI281
MpxV/human/CAN/UN-NML-4117/2022_Canada_2022-06-28	OP279039	2022-06-28	North America	Canada	MpxV/human/CAN/UN-NML-4117/2022
MPXV/Germany/2022/RKI166_Germany_2022-07-04	OP018592	2022-07-04	Western Europe	Germany	MPXV/Germany/2022/RKI166
MPXV_USA_2022_TX0030_USA_2022-08-24	OP881952	2022-08-24	North America	USA	MPXV_USA_2022_TX0030
Monkeypoxvirus/Human/USA/CA-LACPHL-MA00389/2022_USA_2022-12-12	OQ330996	2022-12-12	North America	USA	Monkeypox virus/Human/USA/CA-LACPHL-MA00389/2022
Monkeypoxvirus/Human/USA/CA-LACPHL-MA00390/2022_USA_2022-12-14	OQ330997	2022-12-14	North America	USA	Monkeypox virus/Human/USA/CA-LACPHL-MA00390/2022
Monkeypoxvirus/Human/USA/CA-LACPHL-MA00382/2022_USA_2022-10-14	OQ330988	2022-10-14	North America	USA	Monkeypox virus/Human/USA/CA-LACPHL-MA00382/2022
MPX/Human/USA/CA-LACPHL-MA00125/2022_USA_2022-09-09	OP539910	2022-09-09	North America	USA	MPX/Human/USA/CA-LACPHL-MA00125/2022
MPXV_UK_2022_9000092_UnitedKingdom_2022-05-25	OP205083	2022-05-25	Western Europe	United Kingdom	MPXV_UK_2022_9000092
NJ-MPXV-047_USA_2022-07-21	OP879761	2022-07-21	North America	USA	NJ-MPXV-047
hMpxV/Human/USA/IL-RIPHL-MPXV_10010/2022_USA_2022-08-11	OP820459	2022-08-11	North America	USA	hMpxV/Human/USA/IL-RIPHL-MPXV_10010/2022
MpxV/human/USA/WA-UW-102951/2022_USA_2022-10-01	OP743995	2022-10-01	North America	USA	MpxV/human/USA/WA-UW-102951/2022
hMPX/Human/USA/CA-LACPHL-MA00041/2022_USA_2022-07-21	OP440534	2022-07-21	North America	USA	hMPX/Human/USA/CA-LACPHL-MA00041/2022
MPXV/Germany/2022/RKI632_Germany_2022-11-30	OQ159027	2022-11-30	Western Europe	Germany	MPXV/Germany/2022/RKI632
MPXV/Human/USA/CA-LACPHL-MA00295/2022_USA_2022-11-01	OP890528	2022-11-01	North America	USA	MPXV/Human/USA/CA-LACPHL-MA00295/2022
B1221120_USA_2022-11-09	OP935997	2022-11-09	North America	USA	B1221120
hMpxV/Human/USA/IL-RIPHL-MPXV_10011/2022_USA_2022-09-10	OP820460	2022-09-10	North America	USA	hMpxV/Human/USA/IL-RIPHL-MPXV_10011/2022
Slovenia-MPXV-42-2022_Slovenia_2022-08-18	OP605583	2022-08-18	Central Europe	Slovenia	Slovenia-MPXV-42-2022
MPX_L6rBi6_9000265_UnitedKingdom_2022-08-31	OP415234	2022-08-31	Western Europe	United Kingdom	MPX_L6rBi6_9000265
MPXV_UK_2022_9000187_UnitedKingdom_2022-06-28	OP205132	2022-06-28	Western Europe	United Kingdom	MPXV_UK_2022_9000187
MPXV/Germany/2022/RKI160_Germany_2022-07-17	ON959151	2022-07-17	Western Europe	Germany	MPXV/Germany/2022/RKI160
Monkeypoxvirus/Human/USA/CA-LACPHL-MA00386/2022_USA_2022-10-25	OQ330994	2022-10-25	North America	USA	Monkeypox virus/Human/USA/CA-LACPHL-MA00386/2022
MPXV/Human/USA/CA-LACPHL-MA00342/2022_USA_2022-10-26	OP920680	2022-10-26	North America	USA	MPXV/Human/USA/CA-LACPHL-MA00342/2022
