	accession	date	region_coarse	country	strain
0	ON838940	2022-05-20	Southern Europe	Spain	4061
1	ON838939	2022-06-06	Southern Europe	Spain	8887
2	OP413714	2022-08-17	Western Europe	United Kingdom	9000289
3	OP536750	2022-08-01	Western Europe	United Kingdom	9000369
4	OP536761	2022-08-01	Western Europe	United Kingdom	9000382
5	OP536764	2022-09-30	Western Europe	United Kingdom	9000385
6	OP536765	2022-08-01	Western Europe	United Kingdom	9000387
7	OP536771	2022-08-01	Western Europe	United Kingdom	9000393
8	OP536774	2022-09-01	Western Europe	United Kingdom	9000396
9	OP536778	2022-09-01	Western Europe	United Kingdom	9000400
10	OP536781	2022-09-12	Western Europe	United Kingdom	9000405
11	OP536782	2022-09-12	Western Europe	United Kingdom	9000406
12	OP536783	2022-09-22	Western Europe	United Kingdom	9000407
13	OP536785	2022-09-01	Western Europe	United Kingdom	9000409
14	OP536794	2022-08-31	Western Europe	United Kingdom	9000420
15	OP536800	2022-08-01	Western Europe	United Kingdom	9000426
16	OP536801	2022-09-01	Western Europe	United Kingdom	9000429
17	OP536802	2022-09-01	Western Europe	United Kingdom	9000430
18	OP536803	2022-09-12	Western Europe	United Kingdom	9000431
19	OP536804	2022-09-01	Western Europe	United Kingdom	9000432
20	OP536806	2022-08-01	Western Europe	United Kingdom	9000437
21	OP536807	2022-09-30	Western Europe	United Kingdom	9000438
22	OP536811	2022-09-01	Western Europe	United Kingdom	9000448
23	OP536813	2022-09-01	Western Europe	United Kingdom	9000451
24	OP536814	2022-09-01	Western Europe	United Kingdom	9000452
25	ON676708	2021-11-30	North America	USA	MPXV_USA_2021_MD
26	OQ249661	2022-06-14	Western Europe	France	CMIP-P0
27	OQ249660	2022-06-08	Western Europe	France	CIBU-220035
28	OQ330992	2022-10-21	North America	USA	Monkeypox virus/Human/USA/CA-LACPHL-MA00385/2022
29	OP414375	2022-05-26	Southern Europe	Portugal	Monkeypox/PT0346/2022
30	OP324543	2022-06-21	Southern Europe	Portugal	Monkeypox/PT0235/2022
31	OP605554	2022-07-01	Central Europe	Slovenia	Slovenia-MPXV-11-2022
32	OP451016	2022-06-01	North America	USA	MPXV_USA_2022_CA0043
33	OP605565	2022-07-01	Central Europe	Slovenia	Slovenia-MPXV-23-2022
34	OP605571	2022-07-01	Central Europe	Slovenia	Slovenia-MPXV-29-2022
35	OP605582	2022-08-01	Central Europe	Slovenia	Slovenia-MPXV-41-2022
36	ON614676	2022-05-18	Southern Europe	Italy	INMI-Pt1
37	ON622713	2022-05-22	Western Europe	Belgium	MPX/UZ_REGA_2/Belgium/2022
38	OP837355	2022-10-01	Western Europe	Germany	MPXV/Germany/2022/RKI593
39	OP382491	2022-07-22	Western Europe	France	hMPXV-IHU00014
40	OP689665	2022-10-01	Western Europe	Germany	MPXV/Germany/2022/ON/RKI512
41	OP414302	2022-06-17	Southern Europe	Portugal	Monkeypox/PT0262/2022
42	OP133006	2022-07-06	Western Europe	Austria	hMPXV/Austria/MUW1532243/2022
43	OP378703	2022-06-01	North America	USA	MPXV_USA_2022_HI0003
44	OP414381	2022-05-23	Southern Europe	Portugal	Monkeypox/PT0354/2022
45	ON780016	2022-05-19	Southern Europe	Italy	INMI-Pt3
46	OP689663	2022-10-01	Western Europe	Germany	MPXV/Germany/2022/ON/RKI510
47	OP555521	2022-08-02	Southern Europe	Portugal	Monkeypox/PT0437/2022
48	ON649709	2022-05-18	Southern Europe	Portugal	Monkeypox/PT0028/2022
49	OP414332	2022-06-08	Southern Europe	Portugal	Monkeypox/PT0298/2022
50	OP764615	2022-06-01	Western Europe	Germany	MPXV/Germany/2022/RKI557
51	OP022171	2022-05-01	Western Europe	United Kingdom	MPXV_UK_2022_6
52	OP752120	2022-07-01	North America	USA	MPXV_USA_2022_TN0007
53	OP743357	2022-05-21	North America	USA	MPXV/Human/USA/UT-UPHL-82200022/2022
54	OP205074	2022-06-07	Western Europe	United Kingdom	MPXV_UK_2022_9000068
55	OP415196	2022-03-28	Western Europe	United Kingdom	MPX_96X1Vd_9000218
56	OQ159034	2022-08-01	Western Europe	Germany	MPXV/Germany/2022/ON/RKI639
57	OP605559	2022-07-01	Central Europe	Slovenia	Slovenia-MPXV-17-2022
58	OP382495	2022-07-22	Western Europe	France	hMPXV-IHU00018
59	OP920692	2022-10-16	North America	USA	MPXV/Human/USA/CA-LACPHL-MA00354/2022
60	ON880527	2022-05-27	North America	Canada	MpxV/human/CAN/UN-NML-3141/2022
61	OX261748	2022-07-13	Central Europe	Slovakia	RNA
62	ON880419	2022-05-27	Western Europe	Belgium	MPX/UZ_REGA_3/Belgium/2022
63	OP257266	2022-08-01	North America	USA	MpxV/human/USA/WA-UW-083179/2022
64	OP205117	2022-07-04	Western Europe	United Kingdom	MPXV_UK_2022_9000159
65	OP205114	2022-05-16	Western Europe	United Kingdom	MPXV_UK_2022_9000152
66	OP382482	2022-07-04	Western Europe	France	hMPXV-IHU00005
67	ON843178	2022-06-02	Southern Europe	Portugal	Monkeypox/PT0040/2022
68	OP382480	2022-07-04	Western Europe	France	hMPXV-IHU00003
69	OP205139	2022-05-25	Western Europe	United Kingdom	MPXV_UK_2022_9000090
70	ON959131	2022-05-01	North America	USA	MPXV_USA_2022_IL001
71	ON755040	2022-05-20	Western Europe	France	MPXV_IRBA22-14
72	OP415195	2022-03-28	Western Europe	United Kingdom	MPX_96X1Vd_9000217
73	OP123043	2022-07-01	North America	USA	MpxV/human/USA/WA-UW-077836/2022
74	ON880420	2022-05-27	Western Europe	Belgium	MPX/UZ_REGA_4/Belgium/2022
75	ON808414	2022-05-15	Western Europe	United Kingdom	CVR_MPXV1b
76	ON631241	2022-05-24	Central Europe	Slovenia	2022/2 SLO
77	OP415233	2022-08-01	Western Europe	United Kingdom	MPX_qQzToC_9000264
78	ON682267	2022-05-01	Western Europe	Germany	MPXV/Germany/2022/RKI010
79	OP018597	2022-07-01	Western Europe	Germany	MPXV/Germany/2022/RKI172
80	OP123044	2022-07-01	North America	USA	MpxV/human/USA/WA-UW-071246/2022
81	ON880421	2022-05-27	Western Europe	Belgium	MPX/UZ_REGA_5/Belgium/2022
82	ON983162	2022-06-03	North America	Canada	MpxV/human/CAN/UN-NML-3531/2022
83	ON880422	2022-05-27	Western Europe	Belgium	MPX/UZ_REGA_6/Belgium/2022
84	ON649724	2022-05-23	Southern Europe	Portugal	Monkeypox/PT0014/2022
85	OP205107	2022-06-16	Western Europe	United Kingdom	MPXV_UK_2022_9000144
86	ON676703	2022-05-01	North America	USA	MPXV_USA_2022_CA001
87	OP580154	2022-06-07	North America	USA	MPXV/Human/USA/CA-CDPH-MPX000006/2022
88	ON563414	2022-05-01	North America	USA	MPXV_USA_2022_MA001
89	ON619837	2022-05-15	Western Europe	United Kingdom	MPXV_UK_2022_3
90	OP689658	2022-08-01	Western Europe	Germany	MPXV/Germany/2022/ON/RKI505
91	OP743358	2022-05-21	North America	USA	MPXV/Human/USA/UT-UPHL-82200023/2022
92	OP605580	2022-08-01	Central Europe	Slovenia	Slovenia-MPXV-39-2022
93	OP536697	2022-06-17	North America	USA	MPXV-USA-IL-IDPH-036
94	OP422245	2022-05-30	Western Europe	Switzerland	hMPXV-CH-38212023/2022
95	OP414339	2022-06-06	Southern Europe	Portugal	Monkeypox/PT0305/2022
96	ON880520	2022-05-19	North America	Canada	MpxV/human/CAN/UN-NML-2857/2022
97	OP605575	2022-07-01	Central Europe	Slovenia	Slovenia-MPXV-33-2022
98	ON880518	2022-06-08	North America	Canada	MpxV/human/CAN/UN-NML-3486/2022
99	ON745215	2022-05-19	Southern Europe	Italy	INMI-Pt2
100	ON676706	2022-05-01	North America	USA	MPXV_USA_2022_UT002
101	ON959157	2022-07-01	Western Europe	Germany	MPXV/Germany/2022/RKI142
102	OP382483	2022-07-04	Western Europe	France	hMPXV-IHU00006
103	OP205130	2022-06-29	Western Europe	United Kingdom	MPXV_UK_2022_9000185
104	OP523992	2022-09-01	Western Europe	Germany	MPXV/Germany/2022/RKI390
105	ON645312	2022-05-11	Western Europe	United Kingdom	MPXV_GSTT_Patient1
106	OP605563	2022-07-01	Central Europe	Slovenia	Slovenia-MPXV-21-2022
107	OP415268	2022-08-01	Western Europe	United Kingdom	MPX_Qjmiyl_9000330
108	OP415210	2022-07-01	Western Europe	United Kingdom	MPX_KMgssq_9000236
109	ON808416	2022-05-15	Western Europe	United Kingdom	CVR_MPXV1d
110	OP626138	2022-09-01	Western Europe	Germany	MPXV/Germany/2022/RKI499
111	OP555648	2022-09-09	Southern Europe	Portugal	Monkeypox/PT0577/2022
112	ON622720	2022-05-24	Western Europe	Switzerland	MPXV-CH-38156923/2022
113	OP727820	2022-07-29	Western Europe	Belgium	PEV_case
114	OP555612	2022-08-23	Southern Europe	Portugal	Monkeypox/PT0541/2022
115	OP019275	2022-06-10	Western Europe	Austria	hMPXV/Austria/MUW1525179/2022
116	OP013011	2022-06-09	North America	Canada	MpxV/human/CAN/UN-NML-3611/2022
117	ON649717	2022-05-21	Southern Europe	Portugal	Monkeypox/PT0019/2022
118	ON619838	2022-05-15	Western Europe	United Kingdom	MPXV_UK_2022_4
119	OP382487	2022-07-18	Western Europe	France	hMPXV-IHU00010
120	OP382478	2022-06-13	Western Europe	France	hMPXV-IHU00001
121	OP382494	2022-07-22	Western Europe	France	hMPXV-IHU00017
122	OP324465	2022-07-07	Southern Europe	Portugal	Monkeypox/PT0148/2022
123	OP414370	2022-05-27	Southern Europe	Portugal	Monkeypox/PT0341/2022
124	OP013007	2022-06-07	North America	Canada	MpxV/human/CAN/UN-NML-3549/2022
125	OP555470	2022-07-07	Southern Europe	Portugal	Monkeypox/PT0374/2022
126	OP414364	2022-05-27	Southern Europe	Portugal	Monkeypox/PT0333/2022
127	ON627808	2022-05-20	North America	USA	MPX/human/USA/UT-UPHL-82200022/2022
128	ON880524	2022-05-26	North America	Canada	MpxV/human/CAN/UN-NML-3080/2022
129	ON853657	2022-06-01	Western Europe	Germany	MPXV/Germany/2022/RKI071
130	OP215236	2022-08-01	Western Europe	Germany	MPXV/Germany/2022/RKI194
131	ON622712	2022-05-19	Western Europe	Belgium	MPX/UZ_REGA_1/Belgium/2022
132	ON585033	2022-05-15	Southern Europe	Portugal	Monkeypox/PT0006/2022
133	ON585035	2022-05-15	Southern Europe	Portugal	Monkeypox/PT0009/2022
134	ON676704	2022-05-15	North America	USA	MPXV_USA_2022_FL002
135	OP680510	2022-07-15	North America	USA	Monkeypox virus/Human/USA/CA-LACPHL-MA00232/2022
136	OP837338	2022-06-30	Western Europe	Germany	MPXV/Germany/2022/RKI576
137	OP555464	2022-06-27	Southern Europe	Portugal	Monkeypox/PT0367/2022
138	OX336004	2022-08-26	Central Europe	Slovakia	RNA_6ncjpc
139	OP605566	2022-07-01	Central Europe	Slovenia	Slovenia-MPXV-24-2022
140	OP820454	2022-09-07	North America	USA	hMpxV/Human/USA/IL-RIPHL-MPXV_10005/2022
141	OP605573	2022-07-01	Central Europe	Slovenia	Slovenia-MPXV-31-2022
142	OP205068	2022-06-05	Western Europe	United Kingdom	MPXV_UK_2022_9000062
143	ON595760	2022-05-19	Western Europe	Switzerland	MPXV-CH-38134631/2022
144	ON736420	2022-05-31	North America	Canada	MPX/2022/Canada/AB1
145	OP555634	2022-09-05	Southern Europe	Portugal	Monkeypox/PT0563/2022
146	ON843163	2022-05-13	Southern Europe	Portugal	Monkeypox/PT0048/2022
147	ON745225	2022-05-27	Southern Europe	Spain	MpxV/Spain/MD-HGUGM-66649483/2022
148	OP382490	2022-07-20	Western Europe	France	hMPXV-IHU00013
149	OP555526	2022-08-03	Southern Europe	Portugal	Monkeypox/PT0445/2022
150	OP414342	2022-06-06	Southern Europe	Portugal	Monkeypox/PT0308/2022
151	OP205126	2022-06-26	Western Europe	United Kingdom	MPXV_UK_2022_9000177
152	OP722515	2022-07-13	North America	USA	MPX/Human/USA/CA-LACPHL-MA00256/2022
153	OP245333	2022-07-26	Southern Europe	Portugal	MPX/PT0080/2022
154	ON843168	2022-05-26	Southern Europe	Portugal	Monkeypox/PT0032/2022
155	ON682263	2022-05-01	Western Europe	Germany	MPXV/Germany/2022/RKI03
156	OP205134	2022-07-06	Western Europe	United Kingdom	MPXV_UK_2022_9000189
157	ON880521	2022-05-19	North America	Canada	MpxV/human/CAN/UN-NML-2858/2022
158	OP062233	2022-06-28	North America	Canada	MpxV/human/CAN/UN-NML-3913/2022
159	ON880509	2022-05-29	North America	Canada	MpxV/human/CAN/UN-NML-3137/2022
160	ON682269	2022-05-01	Western Europe	Germany	MPXV/Germany/2022/RKI07
161	ON676705	2022-05-01	North America	USA	MPXV_USA_2022_UT001
162	OP257265	2022-08-01	North America	USA	MpxV/human/USA/WA-UW-089183/2022
163	OP245361	2022-07-12	Southern Europe	Portugal	MPX/PT0128/2022
164	OP539921	2022-08-08	North America	USA	MPX/Human/USA/CA-LACPHL-MA00136/2022
165	OP414382	2022-05-22	Southern Europe	Portugal	Monkeypox/PT0355/2022
166	OP414347	2022-06-05	Southern Europe	Portugal	Monkeypox/PT0314/2022
167	OP414325	2022-06-14	Southern Europe	Portugal	Monkeypox/PT0290/2022
168	OP604522	2022-06-01	North America	USA	MPXV_USA_2022_PA0008
169	OP531887	2022-08-03	North America	USA	B1118307
170	OP295383	2022-07-29	South America	Colombia	INS-MPXV-0016-H1
171	OP414337	2022-06-07	Southern Europe	Portugal	Monkeypox/PT0303/2022
172	ON954773	2022-05-15	North America	USA	MPXV_USA_2022_CA002
173	ON959134	2022-05-01	North America	USA	MPXV_USA_2022_NY003
174	OP245335	2022-07-22	Southern Europe	Portugal	MPX/PT0084/2022
175	OP605569	2022-07-01	Central Europe	Slovenia	Slovenia-MPXV-27-2022
176	ON619835	2022-05-01	Western Europe	United Kingdom	MPXV_UK_2022_1
177	OP324460	2022-07-11	Southern Europe	Portugal	Monkeypox/PT0139/2022
178	ON619836	2022-05-15	Western Europe	United Kingdom	MPXV_UK_2022_2
179	ON929078	2022-07-03	Western Europe	Germany	MPXV/Germany/2022/RKI123
180	OP603008	2022-07-01	North America	USA	MPXV_USA_2022_NY0022
181	OP555658	2022-09-13	Southern Europe	Portugal	Monkeypox/PT0591/2022
182	OP120937	2022-05-01	Southern Europe	Spain	MP01CHUAC
183	OP415194	2022-03-28	Western Europe	United Kingdom	MPX_96X1Vd_9000216
184	ON959165	2022-07-01	Western Europe	Germany	MPXV/Germany/2022/RKI151
185	OP536730	2022-06-28	North America	USA	MPXV-USA-IL-IDPH-069
186	ON682270	2022-05-01	Western Europe	Germany	MPXV/Germany/2022/RKI06
187	OQ330979	2022-12-05	North America	USA	Monkeypox virus/Human/USA/CA-LACPHL-MA00387/2022
188	OP693649	2022-07-29	South America	Colombia	ANT_INS_MPX_0039_L
189	ON644344	2022-05-25	Southern Europe	Italy	MPXV_FVG-ITA_01_2022
190	OP062234	2022-06-29	North America	Canada	MpxV/human/CAN/UN-NML-3921/2022
191	OP727823	2022-10-09	Western Europe	Belgium	PrEV_case_4
192	OQ330977	2022-10-26	North America	USA	Monkeypox virus/Human/USA/CA-LACPHL-MA00370/2022
193	OP303797	2022-06-01	North America	USA	MPXV_USA_2022_VA0003
194	OP605584	2022-08-01	Central Europe	Slovenia	Slovenia-MPXV-43-2022
195	OP484680	2022-09-01	Western Europe	Germany	MPXV/Germany/2022/RKI359
196	OP837334	2022-06-01	Western Europe	Germany	MPXV/Germany/2022/RKI572
197	OP689679	2022-06-01	Western Europe	Germany	MPXV/Germany/2022/RKI526
198	OP524001	2022-09-01	Western Europe	Germany	MPXV/Germany/2022/RKI399
199	OP415207	2022-07-01	Western Europe	United Kingdom	MPX_BhVKjm_9000233
200	OP133005	2022-07-05	Western Europe	Austria	hMPXV/Austria/MUW1531848/2022
201	OP133004	2022-07-11	Western Europe	Austria	hMPXV/Austria/MUW1533374/2022
202	OP415266	2022-08-01	Western Europe	United Kingdom	MPX_ElGfGw_9000328
203	OP022170	2022-05-16	Western Europe	United Kingdom	MPXV_UK_2022_5
204	OP594190	2022-09-01	Western Europe	Germany	MPXV/Germany/2022/RKI426
205	OP594188	2022-09-01	Western Europe	Germany	MPXV/Germany/2022/RKI424
206	OP820452	2022-08-06	North America	USA	hMpxV/Human/USA/IL-RIPHL-MPXV_10003/2022
207	OP451005	2022-07-01	North America	USA	MPXV_USA_2022_LA0001
208	OP743992	2022-09-01	North America	USA	MpxV/human/USA/WA-UW-096711/2022
209	ON755241	2022-06-01	Western Europe	Germany	MPXV/Germany/2022/RKI035
210	OX297403	2022-08-09	Central Europe	Slovakia	RNA_7e331z
211	OX261749	2022-07-20	Central Europe	Slovakia	RNA_56005y
212	OP539887	2022-09-01	North America	USA	MPX/Human/USA/CA-LACPHL-MA00102/2022
213	OP185715	2022-05-01	North America	USA	MPXV_USA_2022_CO0002
214	OP555497	2022-07-19	Southern Europe	Portugal	Monkeypox/PT0401/2022
215	OP555478	2022-07-12	Southern Europe	Portugal	Monkeypox/PT0382/2022
216	OP422343	2022-08-08	Western Europe	Austria	hMPXV/Austria/MUW1540386/2022
217	OP422340	2022-07-13	Western Europe	Austria	hMPXV/Austria/MUW1533948/2022
218	OP837354	2022-10-01	Western Europe	Germany	MPXV/Germany/2022/RKI592
219	OP764629	2022-10-01	Western Europe	Germany	MPXV/Germany/2022/RKI571
220	OP837344	2022-06-01	Western Europe	Germany	MPXV/Germany/2022/RKI582
221	ON813254	2022-06-01	Western Europe	Germany	MPXV/Germany/2022/RKI057
222	OX291435	2022-07-25	Central Europe	Slovakia	RNA_5hbxm6
223	OX291424	2022-07-25	Central Europe	Slovakia	RNA_4i9ul8
224	OQ054245	2022-09-01	North America	USA	MPXV_USA_2022_CA0030
225	OP920679	2022-10-19	North America	USA	MPXV/Human/USA/CA-LACPHL-MA00341/2022
226	OP120938	2022-06-01	Southern Europe	Spain	MP03CHUAC
227	OP555548	2022-08-08	Southern Europe	Portugal	Monkeypox/PT0469/2022
228	OP133007	2022-07-22	Western Europe	Austria	hMPXV/Austria/MUW1536480/2022
229	OP205123	2022-06-30	Western Europe	United Kingdom	MPXV_UK_2022_9000167
230	ON755243	2022-06-01	Western Europe	Germany	MPXV/Germany/2022/RKI037
231	OP215271	2022-08-01	Western Europe	Germany	MPXV/Germany/2022/RKI269
232	OP215283	2022-08-01	Western Europe	Germany	MPXV/Germany/2022/RKI264
233	ON927243	2022-06-21	Southern Europe	Spain	MpxV/Spain/MD-HGUGM-6642566/2022
234	OP324472	2022-07-06	Southern Europe	Portugal	Monkeypox/PT0155/2022
235	OP215270	2022-08-01	Western Europe	Germany	MPXV/Germany/2022/RKI255
236	OP598104	2022-09-13	North America	USA	MPXV/Human/USA/MA-USAFSAM-M0002/2022
237	OP837473	2022-10-25	South America	Colombia	VAC_INS_MPX_1054_L
238	OP603005	2022-07-01	North America	USA	MPXV_USA_2022_SC0003
239	OX291694	2022-08-01	Central Europe	Slovakia	RNA_6rfmf6
240	OX336038	2022-08-31	Central Europe	Slovakia	RNA_6ob9hu
241	OQ159042	2022-08-01	Western Europe	Germany	MPXV/Germany/2022/ON/RKI647
242	OP414376	2022-05-26	Southern Europe	Portugal	Monkeypox/PT0347/2022
243	OP390202	2022-07-17	Western Europe	United Kingdom	hMpxV/UK/LMO-040a/2022
244	OP390186	2022-06-20	Western Europe	United Kingdom	hMpxV/UK/LMO-004a/2022
245	OP615325	2022-09-01	Western Europe	Germany	MPXV/Germany/2022/ON/RKI449
246	OX291780	2022-07-25	Central Europe	Slovakia	RNA_2lwdey
247	OX291676	2022-08-01	Central Europe	Slovakia	RNA_2ulvg6
248	OP536734	2022-06-30	North America	USA	MPXV-USA-IL-IDPH-073
249	OP820455	2022-08-08	North America	USA	hMpxV/Human/USA/IL-RIPHL-MPXV_10006/2022
250	OP390205	2022-07-26	Western Europe	United Kingdom	hMpxV/UK/LMO-046a/2022
251	OP324466	2022-07-06	Southern Europe	Portugal	Monkeypox/PT0149/2022
252	OP414309	2022-06-15	Southern Europe	Portugal	Monkeypox/PT0269/2022
253	OP245356	2022-07-13	Southern Europe	Portugal	MPX/PT0123/2022
254	OQ330989	2022-10-19	North America	USA	Monkeypox virus/Human/USA/CA-LACPHL-MA00365/2022
255	OQ148474	2022-11-15	South America	Colombia	LBMB-UTP_MP-025_VAC
256	OP819957	2022-10-12	South America	Colombia	VAC_INS_MPX_0965_HL
257	ON880517	2022-05-27	North America	Canada	MpxV/human/CAN/UN-NML-3476/2022
258	ON880544	2022-06-02	North America	Canada	MpxV/human/CAN/UN-NML-3363/2022
259	OP013002	2022-05-29	North America	Canada	MpxV/human/CAN/UN-NML-3164/2022
260	OP013001	2022-05-14	North America	Canada	MpxV/human/CAN/UN-NML-2831/2022
261	OP555646	2022-09-06	Southern Europe	Portugal	Monkeypox/PT0575/2022
262	OP555637	2022-08-31	Southern Europe	Portugal	Monkeypox/PT0566/2022
263	OP555642	2022-09-05	Southern Europe	Portugal	Monkeypox/PT0571/2022
264	OP555636	2022-09-05	Southern Europe	Portugal	Monkeypox/PT0565/2022
265	OQ331004	2022-12-13	North America	USA	Monkeypox virus/Human/USA/CA-LACPHL-MA00393/2022
266	OP863229	2022-10-07	North America	USA	hMpxV/USA/CA-CDPH-000055/2022
267	OP422341	2022-08-01	Western Europe	Austria	hMPXV/Austria/MUW1538395/2022
268	OP422342	2022-08-02	Western Europe	Austria	hMPXV/Austria/MUW1539124/2022
269	OP580587	2022-08-05	North America	USA	hMPX/USA/CA-LACPHL-MA00154/2022
270	OP555528	2022-08-04	Southern Europe	Portugal	Monkeypox/PT0447/2022
271	OP555662	2022-09-16	Southern Europe	Portugal	Monkeypox/PT0595/2022
272	OP555645	2022-09-06	Southern Europe	Portugal	Monkeypox/PT0574/2022
273	OP225967	2022-06-01	North America	USA	MPXV_USA_2022_FL0011
274	OP270022	2022-07-04	North America	Canada	MpxV/human/CAN/UN-NML-3972/2022
275	OP382485	2022-07-05	Western Europe	France	hMPXV-IHU00008
276	OP171919	2022-06-25	North America	USA	MPXV22/human/USA-NE-25
277	OP324453	2022-07-12	Southern Europe	Portugal	Monkeypox/PT0129/2022
278	ON694335	2022-05-01	Western Europe	Germany	MPXV/Germany/2022/RKI018
279	OP623592	2022-08-09	South America	Colombia	BOL-UNIMOL-MPX-293165-L
280	OP959067	2022-09-15	South America	Colombia	CES-UNIMOL-MPX-202203853-L
281	OP959066	2022-09-14	South America	Colombia	CES-UNIMOL-MPX-202203848-L
282	OQ331008	2022-12-30	North America	USA	Monkeypox virus/Human/USA/CA-LACPHL-MA00399/2022
283	OQ331006	2023-01-03	North America	USA	Monkeypox virus/Human/USA/CA-LACPHL-MA00397/2023
284	OQ331005	2023-01-03	North America	USA	Monkeypox virus/Human/USA/CA-LACPHL-MA00396/2023
285	OQ331007	2023-01-03	North America	USA	Monkeypox virus/Human/USA/CA-LACPHL-MA00398/2023
286	OP722513	2022-10-11	North America	USA	MPX/Human/USA/CA-LACPHL-MA00254/2022
287	OP144217	2022-06-02	Western Europe	Belgium	MPXV/ITM_pt_09/Belgium/2-Jun-2022
288	OP144213	2022-06-16	Western Europe	Belgium	MPXV/ITM_pt_24/Belgium/16-Jun-2022
289	OP144216	2022-05-30	Western Europe	Belgium	MPXV/ITM_pt_07/Belgium/30-May-2022
290	OP144215	2022-05-30	Western Europe	Belgium	MPXV/ITM_pt_05/Belgium/30-May-2022
291	OP144211	2022-06-01	Western Europe	Belgium	MPXV/ITM_pt_10/Belgium/1-Jun-2022
292	OP555514	2022-08-01	Southern Europe	Portugal	Monkeypox/PT0427/2022
293	OP555580	2022-08-16	Southern Europe	Portugal	Monkeypox/PT0507/2022
294	OP555554	2022-08-08	Southern Europe	Portugal	Monkeypox/PT0475/2022
295	OP555651	2022-09-09	Southern Europe	Portugal	Monkeypox/PT0580/2022
296	OP555649	2022-09-12	Southern Europe	Portugal	Monkeypox/PT0578/2022
297	OP555639	2022-09-02	Southern Europe	Portugal	Monkeypox/PT0568/2022
298	OQ330973	2022-12-23	North America	USA	Monkeypox virus/Human/USA/CA-LACPHL-MA00394/2022
299	OP920700	2022-10-28	North America	USA	MPXV/Human/USA/CA-LACPHL-MA00362/2022
300	OP890525	2022-10-27	North America	USA	MPXV/Human/USA/CA-LACPHL-MA00321/2022
301	OQ330974	2022-12-23	North America	USA	Monkeypox virus/Human/USA/CA-LACPHL-MA00395/2022
302	OQ331002	2022-11-23	North America	USA	Monkeypox virus/Human/USA/CA-LACPHL-MA00374/2022
303	OP920695	2022-11-08	North America	USA	MPXV/Human/USA/CA-LACPHL-MA00357/2022
304	OP555477	2022-07-11	Southern Europe	Portugal	Monkeypox/PT0381/2022
305	OP414345	2022-06-06	Southern Europe	Portugal	Monkeypox/PT0311/2022
306	ON585038	2022-05-15	Southern Europe	Portugal	Monkeypox/PT0008/2022
307	ON880538	2022-06-01	North America	Canada	MpxV/human/CAN/UN-NML-3336/2022
308	OP324538	2022-06-22	Southern Europe	Portugal	Monkeypox/PT0229/2022
309	ON843181	2022-06-06	Southern Europe	Portugal	Monkeypox/PT0045/2022
310	OP555549	2022-08-08	Southern Europe	Portugal	Monkeypox/PT0470/2022
311	OP324525	2022-06-24	Southern Europe	Portugal	Monkeypox/PT0215/2022
312	OP555632	2022-08-31	Southern Europe	Portugal	Monkeypox/PT0561/2022
313	OP555571	2022-08-16	Southern Europe	Portugal	Monkeypox/PT0497/2022
314	OP328311	2022-08-01	North America	USA	MpxV/human/USA/WA-UW-088258/2022
315	ON755039	2022-05-19	Western Europe	France	MPXV_IRBA22-11
316	OP838893	2022-06-21	Southern Europe	Italy	ID6821
317	OP382481	2022-07-04	Western Europe	France	hMPXV-IHU00004
318	OP270026	2022-07-05	North America	Canada	MpxV/human/CAN/UN-NML-4017/2022
319	OQ172215	2022-06-07	Western Europe	France	MPXV-1047
320	OP382486	2022-07-07	Western Europe	France	hMPXV-IHU00009
321	OP764616	2022-06-09	Western Europe	Germany	MPXV/Germany/2022/RKI558
322	OP451009	2022-07-01	North America	USA	MPXV_USA_2022_CT0002
323	ON959135	2022-05-17	North America	USA	MPXV_USA_2022_NY004
324	OP626108	2022-07-01	Western Europe	Germany	MPXV/Germany/2022/RKI470
325	OP523989	2022-09-30	Western Europe	Germany	MPXV/Germany/2022/RKI387
326	ON694342	2022-05-01	Western Europe	Germany	MPXV/Germany/2022/RKI011
327	OP605553	2022-07-01	Central Europe	Slovenia	Slovenia-MPXV-10-2022
328	OP382493	2022-07-22	Western Europe	France	hMPXV-IHU00016
329	OP837351	2022-06-30	Western Europe	Germany	MPXV/Germany/2022/RKI589
330	OP355572	2022-08-01	Western Europe	Germany	MPXV/Germany/2022/ON/RKI314
331	OP019277	2022-07-04	Western Europe	Austria	hMPXV/Austria/MUW1531254/2022
332	OP555491	2022-07-13	Southern Europe	Portugal	Monkeypox/PT0395/2022
333	OP245319	2022-07-27	Southern Europe	Portugal	MPX/PT0065/2022
334	OP270024	2022-07-04	North America	Canada	MpxV/human/CAN/UN-NML-3976/2022
335	ON880549	2022-06-03	North America	Canada	MpxV/human/CAN/UN-NML-3450/2022
336	OP270025	2022-07-05	North America	Canada	MpxV/human/CAN/UN-NML-4014/2022
337	ON880528	2022-05-27	North America	Canada	MpxV/human/CAN/UN-NML-3147/2022
338	OP270027	2022-07-05	North America	Canada	MpxV/human/CAN/UN-NML-4024/2022
339	ON880533	2022-05-30	North America	Canada	MpxV/human/CAN/UN-NML-3257/2022
340	OP270023	2022-07-04	North America	Canada	MpxV/human/CAN/UN-NML-3975/2022
341	OP270021	2022-07-04	North America	Canada	MpxV/human/CAN/UN-NML-3971/2022
342	OP226139	2022-07-11	North America	Canada	MpxV/human/CAN/UN-NML-4050/2022
343	ON720849	2022-05-27	Southern Europe	Spain	MpxV/Spain/MD-HGUGM-6532064/2022
344	ON622718	2022-05-20	Southern Europe	Spain	MPXV/ES0001/HUGTiP/2022
345	OP459214	2022-08-30	South America	Colombia	ANT-LDSP-ANT-MPX-23631-L
346	OP681773	2022-09-24	North America	USA	MpxV/human/USA/WA-UW-091243/2022
347	OP681774	2022-09-24	North America	USA	MpxV/human/USA/WA-UW-092889/2022
348	OP263630	2022-08-31	Western Europe	Germany	MPXV/Germany/2022/RKI275
349	OP215211	2022-08-01	Western Europe	Germany	MPXV/Germany/2022/RKI203
350	OP580609	2022-08-02	North America	USA	hMPX/USA/CA-LACPHL-MA00176/2022
351	OP390194	2022-07-01	Western Europe	United Kingdom	hMpxV/UK/LMO-026a/2022
352	OQ159039	2022-08-01	Western Europe	Germany	MPXV/Germany/2022/ON/RKI644
353	OP018602	2022-07-01	Western Europe	Germany	MPXV/Germany/2022/RKI177
354	OP215232	2022-08-23	Western Europe	Germany	MPXV/Germany/2022/RKI190
355	OP215216	2022-08-23	Western Europe	Germany	MPXV/Germany/2022/RKI217
356	OP819959	2022-10-11	South America	Colombia	SAN_INS_MPX_0971_L
357	OP459211	2022-08-29	South America	Colombia	ANT-LDSP-ANT-MPX-23596-O
358	OP693651	2022-08-23	South America	Colombia	CUN_INS_MPX_0649_C
359	OP390195	2022-07-07	Western Europe	United Kingdom	hMpxV/UK/LMO-029a/2022
360	OP819954	2022-10-15	South America	Colombia	VAC_INS_MPX_0960_C
361	OQ148473	2022-11-11	South America	Colombia	LBMB-UTP_MP-021_VAC
362	OP642378	2022-09-07	South America	Colombia	ANT-LDSP-ANT-MPX-24594-L
363	OP837470	2022-10-26	South America	Colombia	VAC_INS_MPX_1050_E
364	OQ148468	2022-11-11	South America	Colombia	LBMB-UTP_MP-014_VAC
365	OP837481	2022-10-26	South America	Colombia	VAC_INS_MPX_1050_C
366	OQ261702	2022-10-13	South America	Colombia	ANT-LDSP-ANT-MPX-28292C
367	OP819955	2022-10-13	South America	Colombia	VAC_INS_MPX_0962_C
368	OP819949	2022-10-11	South America	Colombia	VAC_INS_MPX_0955_C
369	OP890566	2022-11-09	North America	USA	MPXV/Human/USA/CA-LACPHL-MA00309/2022
370	OP890563	2022-11-09	North America	USA	MPXV/Human/USA/CA-LACPHL-MA00335/2022
371	OP890556	2022-11-09	North America	USA	MPXV/Human/USA/CA-LACPHL-MA00328/2022
372	OP890558	2022-11-09	North America	USA	MPXV/Human/USA/CA-LACPHL-MA00330/2022
373	OP890564	2022-11-09	North America	USA	MPXV/Human/USA/CA-LACPHL-MA00336/2022
374	OP890573	2022-11-09	North America	USA	MPXV/Human/USA/CA-LACPHL-MA00316/2022
375	OP890569	2022-11-09	North America	USA	MPXV/Human/USA/CA-LACPHL-MA00312/2022
376	OQ330999	2022-12-19	North America	USA	Monkeypox virus/Human/USA/CA-LACPHL-MA00391/2022
377	OQ331000	2022-12-19	North America	USA	Monkeypox virus/Human/USA/CA-LACPHL-MA00401/2022
378	OQ330998	2022-12-19	North America	USA	Monkeypox virus/Human/USA/CA-LACPHL-MA00400/2022
379	OP890575	2022-11-09	North America	USA	MPXV/Human/USA/CA-LACPHL-MA00318/2022
380	OP890568	2022-11-09	North America	USA	MPXV/Human/USA/CA-LACPHL-MA00311/2022
381	OP890577	2022-11-09	North America	USA	MPXV/Human/USA/CA-LACPHL-MA00320/2022
382	OP890555	2022-11-09	North America	USA	MPXV/Human/USA/CA-LACPHL-MA00327/2022
383	OP689682	2022-07-31	Western Europe	Germany	MPXV/Germany/2022/RKI529
384	OP150925	2022-05-01	North America	USA	MPXV_USA_2022_GA001
385	OQ274886	2022-05-01	Western Europe	Germany	MPXV/Germany/2022/ON/RKI667
386	OP783902	2022-06-08	Western Europe	Switzerland	hMPXV-CH-38347314/2022
387	OP358276	2022-08-09	Southern Europe	Italy	SIC-AOUP-UNIPA_VL_9aug
388	ON780017	2022-05-21	Southern Europe	Italy	INMI-Pt4
389	ON792322	2022-06-02	Western Europe	Switzerland	hMpxV/Switzerland/ZH-UZH-IMV-3ba64538/2022
390	OQ274883	2022-05-01	Western Europe	Germany	MPXV/Germany/2022/ON/RKI664
391	OQ274885	2022-05-01	Western Europe	Germany	MPXV/Germany/2022/ON/RKI666
392	OQ274882	2022-05-01	Western Europe	Germany	MPXV/Germany/2022/ON/RKI663
393	OP215219	2022-08-01	Western Europe	Germany	MPXV/Germany/2022/RKI223
394	OP689674	2022-06-01	Western Europe	Germany	MPXV/Germany/2022/RKI521
395	OP555598	2022-08-19	Southern Europe	Portugal	Monkeypox/PT0527/2022
396	OP555586	2022-08-16	Southern Europe	Portugal	Monkeypox/PT0515/2022
397	OQ148469	2022-11-11	South America	Colombia	LBMB-UTP_MP-013_VAC
398	OP642416	2022-09-12	South America	Colombia	ANT-LDSP-ANT-MPX-25390E
399	OP959063	2022-11-15	South America	Colombia	BOL-UNIMOL-MPX-293633-L
400	OP959062	2022-11-11	South America	Colombia	BOL-UNIMOL-MPX-293614-L
401	OP603011	2022-06-01	North America	USA	MPXV_USA_2022_IN0005
402	OP536713	2022-06-25	North America	USA	MPXV-USA-IL-IDPH-052
403	OP536698	2022-06-17	North America	USA	MPXV-USA-IL-IDPH-037
404	OQ330984	2022-10-11	North America	USA	Monkeypox virus/Human/USA/CA-LACPHL-MA00364/2022
405	OP390178	2022-08-20	South America	Colombia	MAG-UNIMOL-MPX-292982-L
406	OP314957	2022-07-27	North America	USA	MPXV22/human/USA-NE-83
407	OP890531	2022-09-30	North America	USA	MPXV/Human/USA/CA-LACPHL-MA00297/2022
408	OP959064	2022-11-17	South America	Colombia	BOL-UNIMOL-MPX-293772-L
409	OP693656	2022-09-10	South America	Colombia	CUN_INS_MPX_0751_C
410	OP615279	2022-09-13	North America	USA	MPX/Human/USA/CA-LACPHL-MA00206/2022
411	OP442558	2022-08-16	North America	USA	hMPX/Human/USA/CA-LACPHL-MA00075/2022
412	OP693655	2022-09-03	South America	Colombia	CUN_INS_MPX_0748_L
413	OP320549	2022-07-02	South America	Peru	LIM-INS-010
414	OP320554	2022-07-09	South America	Peru	LIM-INS-016
415	OP881939	2022-09-29	South America	Colombia	ANT-LDSP-ANT-MPX-26719E
416	OP431402	2022-08-18	South America	Colombia	ANT-LDSP-ANT-MPX-22752-O
417	OP320552	2022-07-06	South America	Peru	LIM-INS-012
418	OP320553	2022-07-08	South America	Peru	LIM-INS-013
419	OP289783	2022-06-27	South America	Peru	LIM-INS-003
420	OP320551	2022-07-09	South America	Peru	LIM-INS-018
421	OP320555	2022-07-09	South America	Peru	LIM-INS-021
422	OP320548	2022-07-01	South America	Peru	LIM-INS008
423	OP320550	2022-07-09	South America	Peru	LIM-INS-015
424	OP289782	2022-06-25	South America	Peru	LIM-INS-001
425	OQ331003	2022-12-06	North America	USA	Monkeypox virus/Human/USA/CA-LACPHL-MA00392/2022
426	OQ330995	2022-12-10	North America	USA	Monkeypox virus/Human/USA/CA-LACPHL-MA00388/2022
427	ON803417	2022-05-17	North America	Canada	MpxV/human/CAN/UN-NML-2836/2022
428	ON880519	2022-05-13	North America	Canada	MpxV/human/CAN/UN-NML-2833/2022
429	OP863227	2022-07-21	North America	USA	hMpxV/USA/CA-CDPH-000052/2022
430	OP442553	2022-08-01	North America	USA	hMPX/Human/USA/CA-LACPHL-MA00086/2022
431	OP890539	2022-09-28	North America	USA	MPXV/Human/USA/CA-LACPHL-MA00305/2022
432	OP890538	2022-09-29	North America	USA	MPXV/Human/USA/CA-LACPHL-MA00304/2022
433	OP279041	2022-06-29	North America	Canada	MpxV/human/CAN/UN-NML-4125/2022
434	OP279040	2022-07-03	North America	Canada	MpxV/human/CAN/UN-NML-4122/2022
435	OP013008	2022-06-08	North America	Canada	MpxV/human/CAN/UN-NML-3582/2022
436	OP863226	2022-07-21	North America	USA	hMpxV/USA/CA-CDPH-000051/2022
437	OP279049	2022-07-04	North America	Canada	MpxV/human/CAN/UN-NML-4119/2022
438	OP279044	2022-07-02	North America	Canada	MpxV/human/CAN/UN-NML-4142/2022
439	OP279034	2022-07-04	North America	Canada	MpxV/human/CAN/UN-NML-4097/2022
440	ON880507	2022-05-27	North America	Canada	MpxV/human/CAN/UN-NML-3071/2022
441	ON983167	2022-06-16	North America	Canada	MpxV/human/CAN/UN-NML-3725/2022
442	ON803414	2022-05-21	North America	Canada	MpxV/human/CAN/UN-NML-2930/2022
443	OP279035	2022-07-04	North America	Canada	MpxV/human/CAN/UN-NML-4103/2022
444	OP279048	2022-06-29	North America	Canada	MpxV/human/CAN/UN-NML-4155/2022
445	ON983159	2022-06-01	North America	Canada	MpxV/human/CAN/UN-NML-3293/2022
446	OP279037	2022-07-04	North America	Canada	MpxV/human/CAN/UN-NML-4113/2022
447	OP279045	2022-07-04	North America	Canada	MpxV/human/CAN/UN-NML-4144/2022
448	ON929077	2022-07-01	Western Europe	Germany	MPXV/Germany/2022/RKI122
449	ON792321	2022-06-02	Western Europe	Switzerland	hMpxV/Switzerland/ZH-UZH-IMV-3ba6450e/2022
450	OP382479	2022-07-01	Western Europe	France	hMPXV-IHU00002
451	OP594201	2022-09-01	Western Europe	Germany	MPXV/Germany/2022/RKI437
452	OP555635	2022-09-05	Southern Europe	Portugal	Monkeypox/PT0564/2022
453	ON694334	2022-05-01	Western Europe	Germany	MPXV/Germany/2022/RKI021
454	OP523980	2022-09-01	Western Europe	Germany	MPXV/Germany/2022/RKI378
455	OP018605	2022-07-01	Western Europe	Germany	MPXV/Germany/2022/RKI182
456	ON694332	2022-05-01	Western Europe	Germany	MPXV/Germany/2022/RKI023
457	OP715831	2022-06-01	Western Europe	Germany	MPXV/Germany/2022/RKI551
458	OP628448	2022-08-01	North America	USA	MpxV/human/USA/WA-UW-082531/2022
459	OP626124	2022-07-01	Western Europe	Germany	MPXV/Germany/2022/RKI486
460	OP382488	2022-07-19	Western Europe	France	hMPXV-IHU00011
461	OQ159028	2022-11-01	Western Europe	Germany	MPXV/Germany/2022/RKI633
462	OP555659	2022-09-14	Southern Europe	Portugal	Monkeypox/PT0592/2022
463	OQ274891	2022-05-15	Western Europe	Germany	MPXV/Germany/2022/ON/RKI672
464	OP019276	2022-06-21	Western Europe	Austria	hMPXV/Austria/MUW1527495/2022
465	ON694331	2022-05-15	Western Europe	Germany	MPXV/Germany/2022/RKI015
466	ON813251	2022-06-01	Western Europe	Germany	MPXV/Germany/2022/RKI051
467	ON637938	2022-05-15	Western Europe	Germany	MPXV/Germany/2022/RKI01
468	ON808413	2022-05-15	Western Europe	United Kingdom	CVR_MPXV1a
469	OP484695	2022-09-01	Western Europe	Germany	MPXV/Germany/2022/RKI342
470	OP555641	2022-09-02	Southern Europe	Portugal	Monkeypox/PT0570/2022
471	OP536664	2022-06-06	North America	USA	MPXV-USA-IL-IDPH-003
472	OP539901	2022-09-14	North America	USA	MPX/Human/USA/CA-LACPHL-MA00116/2022
473	OP415219	2022-08-01	Western Europe	United Kingdom	MPX_AooXJI_9000248
474	ON843170	2022-05-26	Southern Europe	Portugal	Monkeypox/PT0031/2022
475	OQ159026	2022-10-01	Western Europe	Germany	MPXV/Germany/2022/RKI631
476	ON959172	2022-07-06	Western Europe	Germany	MPXV/Germany/2022/RKI158
477	OP415272	2022-08-22	Western Europe	United Kingdom	MPX_bSkpM3_9000334
478	OP450986	2022-06-21	North America	USA	MPXV_USA_2022_TX0015
479	OP205118	2022-07-05	Western Europe	United Kingdom	MPXV_UK_2022_9000160
480	OP523999	2022-09-01	Western Europe	Germany	MPXV/Germany/2022/RKI396
481	OP935994	2022-09-27	North America	USA	B1118431
482	OP205071	2022-06-06	Western Europe	United Kingdom	MPXV_UK_2022_9000065
483	OP205084	2022-05-30	Western Europe	United Kingdom	MPXV_UK_2022_9000093
484	OP415200	2022-07-24	Western Europe	United Kingdom	MPX_K1dQNt_9000224
485	OP415199	2022-07-24	Western Europe	United Kingdom	MPX_K1dQNt_9000223
486	OP205111	2022-06-14	Western Europe	United Kingdom	MPXV_UK_2022_9000148
487	OP205076	2022-06-09	Western Europe	United Kingdom	MPXV_UK_2022_9000070
488	OP204840	2022-06-10	Western Europe	France	PatientMPXV
489	OP727822	2022-10-02	Western Europe	Belgium	PrEV_case_2
490	ON720848	2022-05-27	Southern Europe	Spain	MpxV/Spain/MD-HGUGM-6513479/2022
491	OP863256	2022-09-01	Western Europe	Germany	MPXV/Germany/2022/ON/RKI606
492	OP382489	2022-07-19	Western Europe	France	hMPXV-IHU00012
493	OP689664	2022-10-01	Western Europe	Germany	MPXV/Germany/2022/ON/RKI511
494	OP642386	2022-09-09	South America	Colombia	ANT-LDSP-ANT-MPX-24913-O
495	OP642412	2022-09-13	South America	Colombia	ANT-LDSP-ANT-MPX-25340L
496	OP881936	2022-09-26	South America	Colombia	ANT-LDSP-ANT-MPX-26261O
497	OP459220	2022-08-30	South America	Colombia	ANT-LDSP-ANT-MPX-23697-L
498	OQ261704	2022-10-13	South America	Colombia	ANT-LDSP-ANT-MPX-28299E
499	OQ261711	2022-10-21	South America	Colombia	ANT-LDSP-ANT-MPX-28772C
500	OQ148472	2022-11-11	South America	Colombia	LBMB-UTP_MP-019_VAC
501	OP295382	2022-07-21	South America	Colombia	INS-MPXV-0015-L1
502	OP431398	2022-08-17	South America	Colombia	ANT-LDSP-ANT-MPX-22702-C
503	OP642414	2022-09-04	South America	Colombia	ANT-LDSP-ANT-MPX-25342E
504	OP642388	2022-09-09	South America	Colombia	ANT-LDSP-ANT-MPX-24915-L
505	OP477445	2022-08-18	South America	Colombia	ANT-LDSP-ANT-MPX-22816-L
506	OP642377	2022-09-07	South America	Colombia	ANT-LDSP-ANT-MPX-24593-O
507	OP431399	2022-08-17	South America	Colombia	ANT-LDSP-ANT-MPX-22748-C
508	OP431401	2022-08-17	South America	Colombia	ANT-LDSP-ANT-MPX-22769-L
509	OP459216	2022-08-30	South America	Colombia	ANT-LDSP-ANT-MPX-23651-L
510	OP477457	2022-08-23	South America	Colombia	ANT-LDSP-ANT-MPX-23266
511	OP642408	2022-09-13	South America	Colombia	ANT-LDSP-ANT-MPX-25285O
512	OP459219	2022-08-30	South America	Colombia	ANT-LDSP-ANT-MPX-23683-L
513	OQ261701	2022-10-13	South America	Colombia	ANT-LDSP-ANT-MPX-28290C
514	OQ261698	2022-10-13	South America	Colombia	ANT-LDSP-ANT-MPX-28207C
515	OP477446	2022-08-19	South America	Colombia	ANT-LDSP-ANT-MPX-22980
516	OP642381	2022-09-08	South America	Colombia	ANT-LDSP-ANT-MPX-24728-L
517	OP959057	2022-11-10	South America	Colombia	SUC-UNIMOL-MPX-293401-L
518	OP819958	2022-10-15	South America	Colombia	QUI_INS_MPX_0967_L
519	OQ261712	2022-10-21	South America	Colombia	ANT-LDSP-ANT-MPX-28828C
520	OP727821	2022-08-27	Western Europe	Belgium	PrEV_case_1
521	OP171924	2022-07-25	North America	USA	MPXV22/human/USA-NE-63
522	OP205116	2022-07-07	Western Europe	United Kingdom	MPXV_UK_2022_9000158
523	ON754984	2022-06-01	Central Europe	Slovenia	MPXV_SI2022_S3
524	ON754986	2022-06-01	Central Europe	Slovenia	MPXV_SI2022_S5
525	OP205067	2022-05-27	Western Europe	United Kingdom	MPXV_UK_2022_9000061
526	OX248696	2022-07-04	Central Europe	Slovakia	RNA_2r1xqa
527	OP415229	2022-08-01	Western Europe	United Kingdom	MPX_0MZd8B_9000260
528	OP555633	2022-09-01	Southern Europe	Portugal	Monkeypox/PT0562/2022
529	ON792320	2022-06-01	Western Europe	Switzerland	hMpxV/Switzerland/ZH-UZH-IMV-3ba6449f/2022
530	OP390204	2022-07-20	Western Europe	United Kingdom	hMpxV/UK/LMO-043a/2022
531	OP890526	2022-10-31	North America	USA	MPXV/Human/USA/CA-LACPHL-MA00322/2022
532	OP531890	2022-08-18	North America	USA	B1118356
533	ON838178	2022-06-01	Central Europe	Slovenia	SI2022_S7
534	OP605552	2022-06-01	Central Europe	Slovenia	Slovenia-MPXV-09-2022
535	OP605551	2022-06-01	Central Europe	Slovenia	Slovenia-MPXV-08-2022
536	ON754985	2022-06-01	Central Europe	Slovenia	MPXV_SI2022_S4
537	OP605568	2022-07-31	Central Europe	Slovenia	Slovenia-MPXV-26-2022
538	ON782054	2022-05-31	Southern Europe	Spain	MPXV/Spain/HUNSC_ITER_0001a/2022
539	ON782055	2022-05-31	Southern Europe	Spain	MPXV/Spain/HUNSC_ITER_0001b/2022
540	ON622722	2022-05-22	Western Europe	France	MPXV_FR_HCL0001_2022
541	OP605560	2022-07-31	Central Europe	Slovenia	Slovenia-MPXV-18-2022
542	OP605562	2022-07-24	Central Europe	Slovenia	Slovenia-MPXV-20-2022
543	ON754987	2022-05-23	Central Europe	Slovenia	MPXV_SI2022_S1_VEROE6
544	ON609725	2022-05-23	Central Europe	Slovenia	SLO
545	ON950045	2022-05-27	Western Europe	Belgium	MPXV/ITM_pt_31/Belgium/27-May-2022
546	OP144214	2022-06-16	Western Europe	Belgium	MPXV/ITM_pt_25/Belgium/16-Jun-2022
547	OP144212	2022-06-10	Western Europe	Belgium	MPXV/ITM_pt_16/Belgium/10-Jun-2022
548	OP605570	2022-07-13	Central Europe	Slovenia	Slovenia-MPXV-28-2022
549	OP605578	2022-07-31	Central Europe	Slovenia	Slovenia-MPXV-36-2022
550	OP605581	2022-08-01	Central Europe	Slovenia	Slovenia-MPXV-40-2022
551	OP605585	2022-08-01	Central Europe	Slovenia	Slovenia-MPXV-44-2022
552	OP415209	2022-07-31	Western Europe	United Kingdom	MPX_Fap1fz_9000235
553	OP150927	2022-05-01	North America	USA	MPXV_USA_2022_WA001
554	OP205120	2022-07-07	Western Europe	United Kingdom	MPXV_UK_2022_9000162
555	OP205088	2022-06-09	Western Europe	United Kingdom	MPXV_UK_2022_9000100
556	OP205131	2022-06-29	Western Europe	United Kingdom	MPXV_UK_2022_9000186
557	ON929090	2022-07-01	Western Europe	Germany	MPXV/Germany/2022/RKI135
558	OP837346	2022-06-01	Western Europe	Germany	MPXV/Germany/2022/RKI584
559	OP205078	2022-06-09	Western Europe	United Kingdom	MPXV_UK_2022_9000072
560	OP484665	2022-09-01	Western Europe	Germany	MPXV/Germany/2022/RKI343
561	OP555593	2022-08-18	Southern Europe	Portugal	Monkeypox/PT0522/2022
562	OP205089	2022-06-09	Western Europe	United Kingdom	MPXV_UK_2022_9000101
563	OP018593	2022-07-01	Western Europe	Germany	MPXV/Germany/2022/RKI167
564	OP263636	2022-08-01	Western Europe	Germany	MPXV/Germany/2022/RKI281
565	OP279039	2022-06-28	North America	Canada	MpxV/human/CAN/UN-NML-4117/2022
566	OP018592	2022-07-04	Western Europe	Germany	MPXV/Germany/2022/RKI166
567	OP881952	2022-08-24	North America	USA	MPXV_USA_2022_TX0030
568	OQ330996	2022-12-12	North America	USA	Monkeypox virus/Human/USA/CA-LACPHL-MA00389/2022
569	OQ330997	2022-12-14	North America	USA	Monkeypox virus/Human/USA/CA-LACPHL-MA00390/2022
570	OQ330988	2022-10-14	North America	USA	Monkeypox virus/Human/USA/CA-LACPHL-MA00382/2022
571	OP539910	2022-09-09	North America	USA	MPX/Human/USA/CA-LACPHL-MA00125/2022
572	OP205083	2022-05-25	Western Europe	United Kingdom	MPXV_UK_2022_9000092
573	OP879761	2022-07-21	North America	USA	NJ-MPXV-047
574	OP820459	2022-08-11	North America	USA	hMpxV/Human/USA/IL-RIPHL-MPXV_10010/2022
575	OP743995	2022-10-01	North America	USA	MpxV/human/USA/WA-UW-102951/2022
576	OP440534	2022-07-21	North America	USA	hMPX/Human/USA/CA-LACPHL-MA00041/2022
577	OQ159027	2022-11-30	Western Europe	Germany	MPXV/Germany/2022/RKI632
578	OP890528	2022-11-01	North America	USA	MPXV/Human/USA/CA-LACPHL-MA00295/2022
579	OP935997	2022-11-09	North America	USA	B1221120
580	OP820460	2022-09-10	North America	USA	hMpxV/Human/USA/IL-RIPHL-MPXV_10011/2022
581	OP605583	2022-08-18	Central Europe	Slovenia	Slovenia-MPXV-42-2022
582	OP415234	2022-08-31	Western Europe	United Kingdom	MPX_L6rBi6_9000265
583	OP205132	2022-06-28	Western Europe	United Kingdom	MPXV_UK_2022_9000187
584	ON959151	2022-07-17	Western Europe	Germany	MPXV/Germany/2022/RKI160
585	OQ330994	2022-10-25	North America	USA	Monkeypox virus/Human/USA/CA-LACPHL-MA00386/2022
586	OP920680	2022-10-26	North America	USA	MPXV/Human/USA/CA-LACPHL-MA00342/2022
