strain	accession	genbank_accession_rev	strain_original	date	region	country	division	location	host	date_submitted	sra_accession	abbr_authors	reverse	clade	outbreak	lineage	coverage	missing_data	divergence	nonACGTN	QC_missing_data	QC_mixed_sites	QC_rare_mutations	QC_frame_shifts	QC_stop_codons	frame_shifts	is_reverse_complement	authors	institution
MPXV_USA_2021_MD_USA_2021-11-XX	ON676708	ON676708.1	MPXV_USA_2021_MD	2021-11-XX	North America	USA	Maryland		Homo sapiens	6/3/22		Gigante et al		IIb	hMPXV-1	A.1.1	0.999964505	7	597	0	good	good	good	good	good		FALSE	"Gigante,C.M., Myers,R., Seabolt,M.H., Wilkins,K., McCollum,A., Hutson,C., Davidson,W., Rao,A., Blythe,D., Li,Y."	"Division of High-Consequence Pathogens & Pathology, Centers for Disease Control & Prevention (US CDC), USA"
MPXV_USA_2022_IL001_USA_2022-05-XX	ON959131	ON959131.1	MPXV_USA_2022_IL001	2022-05-XX	North America	USA	Illinois		Homo sapiens	7/11/22		Gigante et al		IIb	hMPXV-1	B.1	1	0	606	0	good	good	good	good	good		FALSE	"Gigante,C.M., Ghinai,I., Seabolt,M.H., Zhao,H., Wilkins,K., Respress,J., Howard,D., Batra,D., McCollum,A., Hutson,C., Davidson,W., Rao,A., Kerins,J., Li,Y."	"Centers for Disease Control and Prevention, Division of High-Consequence Pathogens and Pathology"
MPXV/Human/USA/UT-UPHL-82200023/2022_USA_2022-05-21	OP743358	OP743358.1	MPXV/Human/USA/UT-UPHL-82200023/2022	5/21/22	North America	USA			Homo sapiens	10/31/22		Iverson et al		IIb	hMPXV-1	B.1	0.932710982	262	551	0	good	good	good	good	good		FALSE	"Iverson,T., Oakeson,K.F., Young,E.L., Wagner,J., Hergert,J."	Utah Public Health Laboratory
MPXV_USA_2022_CA001_USA_2022-05-XX	ON676703	ON676703.1	MPXV_USA_2022_CA001	2022-05-XX	North America	USA	California		Homo sapiens	6/3/22		Gigante et al		IIb	hMPXV-1	B.1	0.999959434	8	606	0	good	good	good	good	good		FALSE	"Gigante,C.M., Ventura,J., Seabolt,M.H., Wilkins,K., McCollum,A., Hutson,C., Davidson,W., Rao,A., Nash,J., Li,Y."	"Division of High-Consequence Pathogens & Pathology, Centers for Disease Control & Prevention (US CDC), USA"
MPXV_USA_2022_FL002_USA_2022-05-XX	ON676704	ON676704.1	MPXV_USA_2022_FL002	2022-05-XX	North America	USA	Florida		Homo sapiens	6/3/22		Gigante et al		IIb	hMPXV-1	B.1	0.999974646	5	607	0	good	good	good	good	good		FALSE	"Gigante,C.M., Lee,P., Seabolt,M.H., Wilkins,K., McCollum,A., Hutson,C., Davidson,W., Rao,A., Mendoza,R., Li,Y."	"Division of High-Consequence Pathogens & Pathology, Centers for Disease Control & Prevention (US CDC), USA"
MPXV_USA_2022_MA001_USA_2022-05-XX	ON563414	ON563414.3	MPXV_USA_2022_MA001	2022-05-XX	North America	USA	Massachusetts		Homo sapiens	5/20/22		Gigante et al		IIb	hMPXV-1	B.1	1	0	605	0	good	good	good	good	good		FALSE	"Gigante,C.M., Smole,S., Seabolt,M.H., Wilkins,K., McCollum,A., Hutson,C., Davidson,W., Rao,A., Brown,C., Li,Y."	"Division of High-Consequence Pathogens & Pathology, Centers for Disease Control & Prevention (US CDC), USA"
MPXV/Germany/2022/RKI06_Germany_2022-05-XX	ON682270	ON682270.2	MPXV/Germany/2022/RKI06	2022-05-XX	Europe	Germany			Homo sapiens	6/6/22		Brinkmann et al		IIb	hMPXV-1	B.1	0.999046697	188	605	0	good	good	good	good	good		FALSE	"Brinkmann,A., Kohl,C., Uddin,S., Pape,K., Schrick,L., Michel,J., Schaade,L., Nitsche,A."	"Centre for Biological Threats, Highly Pathogenic Viruses, Robert Koch Institute, Germany"
MPXV/Germany/2022/RKI018_Germany_2022-05-XX	ON694335	ON694335.1	MPXV/Germany/2022/RKI018	2022-05-XX	Europe	Germany			Homo sapiens	6/7/22		Brinkmann et al		IIb	hMPXV-1	B.1	0.999807311	38	602	0	good	good	good	good	good	OPG023:526-661	FALSE	"Brinkmann,A., Kohl,C., Uddin,S., Pape,K., Schrick,L., Michel,J., Stocker,H., Schaade,L., Nitsche,A."	"Centre for Biological Threats, Highly Pathogenic Viruses, Robert Koch Institute, Germany"
MPXV/Germany/2022/RKI02_Germany_2022-05-XX	ON637939	ON637939.1	MPXV/Germany/2022/RKI02	2022-05-XX	Europe	Germany			Homo sapiens	5/31/22		Brinkmann et al		IIb	hMPXV-1	B.1.5	0.999503065	97	607	1	good	good	good	good	good		FALSE	"Brinkmann,A., Kohl,C., Uddin,S., Pape,K., Schrick,L., Michel,J., Stocker,H., Schaade,L., Nitsche,A."	"Centre for Biological Threats, Highly Pathogenic Viruses, Robert Koch Institute, Germany"
MPXV/Germany/2022/RKI03_Germany_2022-05-XX	ON682263	ON682263.4	MPXV/Germany/2022/RKI03	2022-05-XX	Europe	Germany			Homo sapiens	6/6/22		Brinkmann et al		IIb	hMPXV-1	B.1	0.998783017	240	605	0	good	good	good	good	good		FALSE	"Brinkmann,A., Kohl,C., Uddin,S., Pape,K., Schrick,L., Michel,J., Jessen,H., Schaade,L., Michel,A."	"Centre for Biological Threats, Highly Pathogenic Viruses, Robert Koch Institute, Germany"
MPXV/Germany/2022/RKI07_Germany_2022-05-XX	ON682269	ON682269.3	MPXV/Germany/2022/RKI07	2022-05-XX	Europe	Germany			Homo sapiens	6/6/22		Brinkmann et al		IIb	hMPXV-1	B.1	0.998575116	281	603	0	good	good	good	good	good		FALSE	"Brinkmann,A., Kohl,C., Uddin,S., Pape,K., Schrick,L., Michel,J., Schaade,L., Nitsche,A."	"Centre for Biological Threats, Highly Pathogenic Viruses, Robert Koch Institute, Germany"
Monkeypox/PT0023/2022_Portugal_2022-05-19	ON649708	ON649708.1	Monkeypox/PT0023/2022	5/19/22	Europe	Portugal			Homo sapiens	6/1/22		Isidro et al		IIb	hMPXV-1	B.1	0.998062969	382	604	0	good	good	good	good	good		FALSE	"Isidro,J., Borges,V., Pinto,M., Sobral,D., Santos,J.D., Nunes,A., Mixao,V., Ferreira,R., Santos,D., Duarte,S., Vieira,L., Borrego,M.J., Nuncio,S., Carvalho,I.L., Pelerito,A., Cordeiro,R., Gomes,J.P."	"Institute National de Saude Doutor Ricardo Jorge (INSA), Portugal"
Monkeypox/PT0015/2022_Portugal_2022-05-20	ON649714	ON649714.1	Monkeypox/PT0015/2022	5/20/22	Europe	Portugal			Homo sapiens	6/1/22		Isidro et al		IIb	hMPXV-1	B.1.9	0.861902854	27234	526	0	bad	good	good	good	good		FALSE	"Isidro,J., Borges,V., Pinto,M., Sobral,D., Santos,J.D., Nunes,A., Mixao,V., Ferreira,R., Santos,D., Duarte,S., Vieira,L., Borrego,M.J., Nuncio,S., Carvalho,I.L., Pelerito,A., Cordeiro,R., Gomes,J.P."	"Institute National de Saude Doutor Ricardo Jorge (INSA), Portugal"
Monkeypox/PT0030/2022_Portugal_2022-05-26	ON843171	ON843171.1	Monkeypox/PT0030/2022	5/26/22	Europe	Portugal			Homo sapiens	6/24/22		Isidro et al		IIb	hMPXV-1	B.1	0.945144491	10818	579	0	mediocre	good	good	good	good		FALSE	"Isidro,J., Borges,V., Pinto,M., Sobral,D., Santos,J., Nunes,A., Mixao,V., Ferreira,R., Santos,D., Duarte,S., Vieira,L., Borrego,M.J., Nuncio,S., Lopes de Carvalho,I., Pelerito,A., Cordeiro,R., Gomes,J.P."	
Monkeypox/PT0036/2022_Portugal_2022-05-26	ON843167	ON843167.1	Monkeypox/PT0036/2022	5/26/22	Europe	Portugal			Homo sapiens	6/24/22		Isidro et al		IIb	hMPXV-1	B.1	0.999041626	189	605	0	good	good	good	good	good		FALSE	"Isidro,J., Borges,V., Pinto,M., Sobral,D., Santos,J., Nunes,A., Mixao,V., Ferreira,R., Santos,D., Duarte,S., Vieira,L., Borrego,M.J., Nuncio,S., Lopes de Carvalho,I., Pelerito,A., Cordeiro,R., Gomes,J.P."	
Monkeypox/PT0028/2022_Portugal_2022-05-18	ON649709	ON649709.1	Monkeypox/PT0028/2022	5/18/22	Europe	Portugal			Homo sapiens	6/1/22		Isidro et al		IIb	hMPXV-1	B.1	0.999477711	103	605	0	good	good	good	good	good		FALSE	"Isidro,J., Borges,V., Pinto,M., Sobral,D., Santos,J.D., Nunes,A., Mixao,V., Ferreira,R., Santos,D., Duarte,S., Vieira,L., Borrego,M.J., Nuncio,S., Carvalho,I.L., Pelerito,A., Cordeiro,R., Gomes,J.P."	"Institute National de Saude Doutor Ricardo Jorge (INSA), Portugal"
MPXV-CH-38156923/2022_Switzerland_2022-05-24	ON622720	ON622720.2	MPXV-CH-38156923/2022	5/24/22	Europe	Switzerland			Homo sapiens	5/27/22		Laubscher et al		IIb	hMPXV-1	B.1	0.999082192	181	605	0	good	good	good	good	good		FALSE	"Laubscher,F., Schibler,M., Kaiser,L., Renzoni,A."	"Laboratory of Viorology, University Hospital of Geneva, Switzerland"
MPXV-CH-38134631/2022_Switzerland_2022-05-19	ON595760	ON595760.2	MPXV-CH-38134631/2022	5/19/22	Europe	Switzerland			Homo sapiens	5/24/22		Laubscher et al		IIb	hMPXV-1	B.1	0.997779006	301	602	1	good	good	good	good	good		FALSE	"Laubscher,F., Chudzinski,V., Schibler,M., Kaiser,L., Renzoni,A."	"Laboratory of Viorology, University Hospital of Geneva, Switzerland"
hMPXV-CH-38212023/2022_Switzerland_2022-05-30	OP422245	OP422245.1	hMPXV-CH-38212023/2022	5/30/22	Europe	Switzerland			Homo sapiens	9/13/22		Laubscher et al		IIb	hMPXV-1	B.1	0.958379181	8207	581	1	mediocre	good	good	good	good		FALSE	"Laubscher,F., Chudzinsk,V., Cordey,S., Schibler,M., Kaiser,L., Renzoni,A."	"University Hospitals of Geneva, Laboratory of Virology"
2022/2SLO_Slovenia_2022-05-24	ON631241	ON631241.1	2022/2 SLO	5/24/22	Europe	Slovenia			Homo sapiens	5/30/22		Zakotnik et al		IIb	hMPXV-1	B.1	0.999447287	0	606	0	good	good	good	good	good		FALSE	"Zakotnik,S., Vlaj,D., Suljic,A., Zorec,T.M., Korva,M., Poljak,M., Avsic Zupanc,T."	"Laboratory for Diagnostics of Zoonoses & WHO Centre, Institute of Microbiology & Immunology, Faculty of Medicine, University of Ljubljana, Slovenia"
SLO_Slovenia_2022-05-23	ON609725	ON609725.2	SLO	5/23/22	Europe	Slovenia			Homo sapiens	5/26/22		Zakotnik et al		IIb	hMPXV-1	B.1.3	0.999452358	0	610	0	good	good	good	good	good		FALSE	"Zakotnik,S., Vlaj,D., Suljic,A., Zorec,T.M., Skubic,C., Rozman,D., Korva,M., Poljak,M., Avsic Zupanc,T."	"Laboratory for Diagnostics of Zoonoses & WHO Centre, Institute of Microbiology & Immunology, Faculty of Medicine, University of Ljubljana, Slovenia"
MPXV_SI2022_S1_VEROE6_Slovenia_2022-05-23	ON754987	ON754987.1	MPXV_SI2022_S1_VEROE6	5/23/22	Europe	Slovenia			Homo sapiens	6/14/22		Zakotnik et al		IIb	hMPXV-1	B.1.3	1	0	610	0	good	good	good	good	good		FALSE	"Zakotnik,S., Vlaj,D., Suljic,A., Zorec,T.M., Korva,M., Poljak,M., Avsic Zupanc,T."	
INMI-Pt4_Italy_2022-05-21	ON780017	ON780017.1	INMI-Pt4	5/21/22	Europe	Italy			Homo sapiens	6/16/22		Gramigna et al		IIb	hMPXV-1	B.1.5	0.999792099	41	606	0	good	good	good	good	good		FALSE	"Gramigna,G., Giombini,E., Gruber,C.E.M., Rueca,M., Carletti,F., Cicalini,S., Lapa,D., Puro,V., Marani,A., Fabeni,L., Butera,O., Colavita,F., Meschi,S., Matusali,G., Rivano Capparuccia,M., Specchiarello,E., Vairo,F., Vaia,F., Nicastri,E., Antinori,A., Girardi,E., Maggi,F."	
INMI-Pt1_Italy_2022-05-18	ON614676	ON614676.1	INMI-Pt1	5/18/22	Europe	Italy			Homo sapiens	5/26/22		Gruber et al		IIb	hMPXV-1	B.1	0.965315985	40	577	0	good	good	good	good	good		FALSE	"Gruber,C.E.M., Rueca,M., Gramigna,G., Carletti,F., Butera,O., Fabeni,L., Specchiarello,E., Meschi,S., Colavita,F., Minosse,C., Francalancia,M., Lapa,D., Garbuglia,A.R., Giombini,E."	"Laboratory of Virology, INMI Lazzaro Spallanzani IRCCS, Italy"
INMI-Pt2_Italy_2022-05-19	ON745215	ON745215.1	INMI-Pt2	5/19/22	Europe	Italy			Homo sapiens	6/13/22		Giombini et al		IIb	hMPXV-1	B.1	0.999421933	113	606	1	good	good	good	good	good		FALSE	"Giombini,E., Gruber,C.E.M., Rueca,M., Gramigna,G., VIta,S., Carletti,F., D'Abramo,A., Lapa,D., Puro,V., Fabeni,L., Butera,O., Colavita,F., Meschi,S., Matusali,G., Specchiarello,E., Vairo,F., Vaia,F., Garbuglia,A.R., Nicastri,E., Antinori,A., GIrardi,E., Maggi,F."	
INMI-Pt3_Italy_2022-05-19	ON780016	ON780016.1	INMI-Pt3	5/19/22	Europe	Italy			Homo sapiens	6/16/22		Rueca et al		IIb	hMPXV-1	B.1	0.999411792	116	605	0	good	good	good	good	good		FALSE	"Rueca,M., Giombini,E., Gruber,C.E.M., Gramigna,G., Mazzotta,V., Carletti,F., Lapa,D., Pittalis,S., Puro,V., Fabeni,L., Butera,O., Colavita,F., Meschi,S., Matusali,G., Specchiarello,E., Vairo,F., Vaia,F., Nicastri,E., Antinori,A., Girardi,E., Maggi,F."	
MPXV_FVG-ITA_01_2022_Italy_2022-05-25	ON644344	ON644344.1	MPXV_FVG-ITA_01_2022	5/25/22	Europe	Italy	Friuli Venezia Giulia	Gorizia	Homo sapiens	6/1/22		Licastro et al		IIb	hMPXV-1	B.1	0.997692803	0	605	57	good	bad	good	good	good		FALSE	"Licastro,D., DeGasperi,M., Negri,C., Piscianz,E., Koncan,R., Dal Monego,S., Segat,L., D'Agaro,P."	"Genomics & Epigenomics, AREA Science Park, Italy"
MPXV_2022_NL001_Netherlands_2022-05-XX	ON615424	ON615424.1	MPXV_2022_NL001	2022-05-XX	Europe	Netherlands			Homo sapiens	5/26/22		Oude Munnink et al		IIb	hMPXV-1	B.1	0.990183004	1358	595	0	good	good	good	good	good		FALSE	"Oude Munnink,B.B., Boter,M., Wellers,B., Molenkamp,R., Sikkema,R.S., Koopmans,M."	"Public Health Virology, Erasmus Medical Centre, The Netherlands"
MPXV_GSTT_Patient1_UnitedKingdom_2022-05-11	ON645312	ON645312.1	MPXV_GSTT_Patient1	5/11/22	Europe	United Kingdom			Homo sapiens	6/1/22		Alcolea-Medina et al		IIb	hMPXV-1	B.1.3	0.983266484	100	537	0	good	good	mediocre	bad	good	"OPG021:231-243,OPG022:122-127,OPG044:149-150,OPG050:73-76,OPG054:145-440,OPG061:50-232,OPG063:66-480,OPG064:262-738,OPG075:76-109,OPG078:57-74,OPG082:363-383,OPG084:11-677,OPG085:566-592,OPG092:352-372,OPG097:267-345,OPG104:61-134,OPG105:282-1287,OPG109:117-683,OPG114:11-147,OPG117:502-786,OPG122:107-249,OPG123:571-632,OPG124:206-288,OPG125:500-552,OPG133:145-711,OPG136:878-892,OPG138:7-191,OPG145:15-493,OPG149:186-188,OPG151:3-1165,OPG154:58-111,OPG155:9-147,OPG164:228-229,OPG170:219-222,OPG173:35-75,OPG180:244-553,OPG188:437-504,OPG191:167-169,OPG193:264-268,OPG197:43-101,OPG198:230-283,OPG209:179-191"	FALSE	"Alcolea-Medina,A., Charalampous,T., Snell,L.B., Batra,R., Edgeworth,J.D."	"Centre for Clinical Infection & Diagnostics Research, Kings College London, St Thomas Hospital, UK"
9000220_NCPV_1703_UnitedKingdom_2022-05-14	OP394229	OP394229.1	9000220_NCPV_1703	5/14/22	Europe	United Kingdom			Homo sapiens	9/9/22		Burton et al		IIb	hMPXV-1	B.1	1	0	606	0	good	good	good	good	good		FALSE	"Burton,J., Easterbrook,L., Drinkwater,E., Groves,N., Osman,K.L., Lewandowski,K.S., Carter,D., Pullan,S.T., Myers,R., Vipond,R., Chand,M."	"UKHSA, Research and Evaluation"
MPXV_UK_2022_9000152_UnitedKingdom_2022-05-16	OP205114	OP205114.1	MPXV_UK_2022_9000152	5/16/22	Europe	United Kingdom			Homo sapiens	8/11/22		Groves et al		IIb	hMPXV-1	B.1	1	0	605	0	good	good	good	good	good		FALSE	"Groves,N., Osman,K.L., Lewandowski,K.S., Carter,D.P., Pullan,S.T., Myers,R., Vipond,R., Chand,M."	"UKHSA, Research and Evaluation"
CVR_MPXV1b_UnitedKingdom_2022-05-15	ON808414	ON808414.1	CVR_MPXV1b	5/15/22	Europe	United Kingdom			Homo sapiens	6/21/22		Filipe et al		IIb	hMPXV-1	B.1	1	0	604	0	good	good	good	good	good		FALSE	"Filipe,A., Tong,L., Vattipally,S.B., Maclean,A., Gunson,R., Holden,M.T.G., Barr,D., Ho,A., Palmarini,M., Rambaut,A., Robertson,D.L., Thomson,E.C."	
MPXV_UK_2022_9000092_UnitedKingdom_2022-05-25	OP205083	OP205083.1	MPXV_UK_2022_9000092	5/25/22	Europe	United Kingdom			Homo sapiens	8/11/22		Groves et al		IIb	hMPXV-1	B.1.2	0.999822523	35	607	0	good	good	good	good	good		FALSE	"Groves,N., Osman,K.L., Lewandowski,K.S., Carter,D.P., Pullan,S.T., Myers,R., Vipond,R., Chand,M."	"UKHSA, Research and Evaluation"
MPX/UZ_REGA_2/Belgium/2022_Belgium_2022-05-22	ON622713	ON622713.1	MPX/UZ_REGA_2/Belgium/2022	5/22/22	Europe	Belgium			Homo sapiens	5/27/22		Wawina-Bokalanga et al		IIb	hMPXV-1	B.1	1	0	608	0	good	good	good	good	good		FALSE	"Wawina-Bokalanga,T., Vanmechelen,B., Logist,A.-S., Sinnesael,R., Ysebaert,L., Verlinden,J., Bloemen,M., Maes,P."	"Microbiology, Immunology & Transplantation, KU Leuven, Rega Institute, Belgium"
MPXV/ITM_pt_07/Belgium/30-May-2022_Belgium_2022-05-30	OP144216	OP144216.2	MPXV/ITM_pt_07/Belgium/30-May-2022	5/30/22	Europe	Belgium			Homo sapiens	8/4/22		De Baetselier et al		IIb	hMPXV-1	B.1	0.966401128	246	579	0	good	good	good	good	good		FALSE	"De Baetselier,I., Van Dijck,C., Kenyon,C., Coppens,J., Smet,H., de Block,T., Coppens,S., Vanroye,F., Bugert,J., Girl,P., Liesenborghs,L., Selhorst,P., Arien,K., den Bossche,D.V., Florence,E., Rezende,A.M., Vercauteren,K., Esbroeck,M.V., Bracke,S., Brosius,I., Soentjens,P."	"Institute of Tropica Medicine, Department of Clinical Sciences"
MPX/UZ_REGA_3/Belgium/2022_Belgium_2022-05-27	ON880419	ON880419.1	MPX/UZ_REGA_3/Belgium/2022	5/27/22	Europe	Belgium			Homo sapiens	6/30/22		Wawina-Bokalanga et al		IIb	hMPXV-1	B.1	1	0	606	0	good	good	good	good	good		FALSE	"Wawina-Bokalanga,T., Vanmechelen,B., Logist,A.-S., Sinnesael,R., Ysebaert,L., Bloemen,M., Maes,P."	
MPX/UZ_REGA_4/Belgium/2022_Belgium_2022-05-27	ON880420	ON880420.1	MPX/UZ_REGA_4/Belgium/2022	5/27/22	Europe	Belgium			Homo sapiens	6/30/22		Vanmechelen et al		IIb	hMPXV-1	B.1	1	0	606	0	good	good	good	good	good		FALSE	"Vanmechelen,B., Wawina-Bokalanga,T., Logist,A.-S., Sinnesael,R., Ysebaert,L., Verlinden,J., Van Holm,B., Bloemen,M., Maes,P."	
MPXV/ITM_pt_05/Belgium/30-May-2022_Belgium_2022-05-30	OP144215	OP144215.2	MPXV/ITM_pt_05/Belgium/30-May-2022	5/30/22	Europe	Belgium			Homo sapiens	8/4/22		De Baetselier et al		IIb	hMPXV-1	B.1	0.965914335	339	577	0	good	good	good	good	good		FALSE	"De Baetselier,I., Van Dijck,C., Kenyon,C., Coppens,J., Smet,H., de Block,T., Coppens,S., Vanroye,F., Bugert,J., Girl,P., Liesenborghs,L., Selhorst,P., Arien,K., den Bossche,D.V., Florence,E., Rezende,A.M., Vercauteren,K., Esbroeck,M.V., Bracke,S., Brosius,I., Soentjens,P."	"Institute of Tropica Medicine, Department of Clinical Sciences"
MpxV/Spain/MD-HGUGM-6532064/2022_Spain_2022-05-27	ON720849	ON720849.1	MpxV/Spain/MD-HGUGM-6532064/2022	5/27/22	Europe	Spain			Homo sapiens	6/9/22		Buenestado-Serrano et al		IIb	hMPXV-1	B.1.8	0.998083252	377	605	1	good	good	good	bad	good	"NBT03_gp052:9-130,NBT03_gp174:175-177,OPG023:386-661,OPG025:50-631,OPG027:96-151,OPG044:149-150,OPG050:73-76,OPG054:145-440,OPG056:354-636,OPG057:113-373,OPG061:50-232,OPG063:64-480,OPG074:365-666,OPG075:76-109,OPG078:57-74,OPG084:11-677,OPG087:98-221,OPG088:43-91,OPG097:267-345,OPG102:32-124,OPG102:234-334,OPG104:61-134,OPG109:117-453,OPG114:11-147,OPG115:45-234,OPG117:678-786,OPG123:571-632,OPG124:206-288,OPG126:29-151,OPG127:40-225,OPG129:12-645,OPG133:317-711,OPG134:88-293,OPG136:878-892,OPG138:7-191,OPG145:15-493,OPG148:422-427,OPG149:18-188,OPG151:3-1032,OPG154:58-111,OPG155:9-147,OPG163:88-177,OPG165:238-269,OPG172:191-197,OPG178:159-205,OPG180:244-560,OPG189:88-108,OPG190:172-318,OPG193:264-268,OPG195:45-222,OPG198:230-283,OPG208:228-358,OPG209:179-191,OPG210:431-1881"	FALSE	"Buenestado-Serrano,S., Palomino-Cabrera,R., Penas-Utrilla,D., Rodriguez-Grande,J., Sola Campoy,P., Perez-Lago,L., Rodriguez-Grande,C., Herranz Martin,M., Suarez,J., Catalan,P., Munoz,P., Garcia de Viedma,D."	"Microbial Genomics, Hospital General Universitario Gregorio Marañón, Madrid, Spain"
MpxV/Spain/MD-HGUGM-66649483/2022_Spain_2022-05-27	ON745225	ON745225.1	MpxV/Spain/MD-HGUGM-66649483/2022	5/27/22	Europe	Spain			Homo sapiens	6/13/22		Buenestado-Serrano et al		IIb	hMPXV-1	B.1	0.991029821	1769	597	0	good	good	good	good	good		FALSE	"Buenestado-Serrano,S., Palomino-Cabrera,R., Penas-Utrilla,D., Rodriguez-Grande,J., Sola Campoy,P., Perez-Lago,L., Rodriguez-Grande,C., Herranz Martin,M., Suarez,J., Catalan,P., Munoz,P., Garcia de Viedma,D."	
4061_Spain_2022-05-20	ON838940	ON838940.1	4061	5/20/22	Europe	Spain	Madrid		Homo sapiens	6/24/22	"SRR19793483, SRR19793482"	de la Hoz-Sanchez et al		IIb	hMPXV-1	B.1	0.999300235	138	604	0	good	good	good	good	good		FALSE	"de la Hoz-Sanchez,B., Lopez-Ortiz,M., Gutierrez-Arroyo,A., Roces-Alvarez,P., Lazaro-Peona,F., Dahdouh,E., Bloise,I., Garcia-Rodriguez,J., Mingorance,J."	
MpxV/Spain/MD-HGUGM-6513479/2022_Spain_2022-05-27	ON720848	ON720848.1	MpxV/Spain/MD-HGUGM-6513479/2022	5/27/22	Europe	Spain			Homo sapiens	6/9/22		Buenestado-Serrano et al		IIb	hMPXV-1	B.1.10	0.960818218	7669	578	58	mediocre	bad	good	bad	good	"NBT03_gp052:9-130,NBT03_gp174:175-177,NBT03_gp175:156-438,OPG019:49-143,OPG021:94-243,OPG022:122-127,OPG023:261-383,OPG023:574-661,OPG036:136-178,OPG037:156-443,OPG040:269-376,OPG042:34-416,OPG043:54-277,OPG044:149-150,OPG054:18-440,OPG055:266-355,OPG056:354-379,OPG057:113-373,OPG061:50-232,OPG063:2-82,OPG063:98-163,OPG063:188-226,OPG063:235-393,OPG064:389-738,OPG066:224-260,OPG068:158-543,OPG070:145-274,OPG071:559-903,OPG074:20-523,OPG075:76-109,OPG078:57-74,OPG080:93-765,OPG082:313-383,OPG083:366-424,OPG084:3-270,OPG084:415-677,OPG085:19-457,OPG085:566-592,OPG087:15-67,OPG087:98-176,OPG088:34-125,OPG090:25-64,OPG096:82-93,OPG097:243-345,OPG098:120-252,OPG099:47-129,OPG100:19-153,OPG101:56-178,OPG102:32-334,OPG104:25-134,OPG105:208-779,OPG105:1190-1287,OPG109:117-206,OPG109:454-796,OPG111:128-315,OPG112:41-147,OPG113:837-846,OPG114:144-147,OPG115:45-234,OPG116:72-219,OPG117:435-462,OPG117:478-549,OPG118:79-638,OPG119:160-162,OPG120:79-305,OPG122:4-249,OPG123:267-569,OPG124:206-288,OPG125:356-552,OPG127:79-225,OPG133:193-394,OPG133:424-435,OPG133:494-584,OPG133:595-711,OPG134:18-248,OPG136:476-892,OPG137:75-319,OPG138:7-191,OPG139:35-71,OPG140:69-91,OPG142:49-95,OPG145:26-152,OPG145:257-267,OPG145:436-493,OPG148:158-193,OPG148:233-420,OPG149:18-188,OPG151:1034-1165,OPG153:298-510,OPG154:58-111,OPG160:89-301,OPG164:91-229,OPG165:238-269,OPG170:219-222,OPG172:191-197,OPG175:95-126,OPG176:178-241,OPG178:13-205,OPG180:223-274,OPG181:151-335,OPG189:55-207,OPG190:113-318,OPG192:4-183,OPG193:104-262,OPG198:230-283,OPG200:7-150,OPG208:95-358,OPG209:129-191,OPG210:727-1881"	FALSE	"Buenestado-Serrano,S., Palomino-Cabrera,R., Penas-Utrilla,D., Rodriguez-Grande,J., Sola Campoy,P., Perez-Lago,L., Rodriguez-Grande,C., Herranz Martin,M., Suarez,J., Catalan,P., Munoz,P., Garcia de Viedma,D."	"Microbial Genomics, Hospital General Universitario Gregorio Marañón, Madrid, Spain"
MPXV/Spain/HUNSC_ITER_0001a/2022_Spain_2022-05-31	ON782054	ON782054.1	MPXV/Spain/HUNSC_ITER_0001a/2022	5/31/22	Europe	Spain			Homo sapiens	6/16/22		Alcoba-Florez et al		IIb	hMPXV-1	B.1.3	0.96728344	64	579	0	good	good	good	good	good		FALSE	"Alcoba-Florez,J., Munoz-Barrera,A., Ciuffreda,L., Rodriguez-Perez,H., Rubio-Rodriguez,L.A., Gil-Campesino,H., Garcia-Martinez de Artola,D., Inigo-Campos,A., Diez-Gil,O., Gonzalez-Montelongo,R., Valenzuela-Fernandez,A., Lorenzo-Salazar,J.M., Flores,C."	
MPXV_FR_HCL0001_2022_France_2022-05-22	ON622722	ON622722.2	MPXV_FR_HCL0001_2022	5/22/22	Europe	France			Homo sapiens	5/27/22		?		IIb	hMPXV-1	B.1.3	1	0	610	0	good	good	good	good	good		FALSE		"Virology, GENomique EPIdemiologique das maladies Infectieuses, France"
MPXV_IRBA22-11_France_2022-05-19	ON755039	ON755039.1	MPXV_IRBA22-11	5/19/22	Europe	France			Homo sapiens	6/14/22		Jarjaval et al		IIb	hMPXV-1	B.1	0.992302583	0	600	0	good	good	good	good	good		FALSE	"Jarjaval,F., Nolent,F., Criqui,A., Chapus,C., Lamer,O., Ferraris,O., Gorge,O."	
MPXV_IRBA22-14_France_2022-05-20	ON755040	ON755040.1	MPXV_IRBA22-14	5/20/22	Europe	France			Homo sapiens	6/14/22		Jarjaval et al		IIb	hMPXV-1	B.1	0.995481951	49	603	0	good	good	good	good	good		FALSE	"Jarjaval,F., Nolent,F., Criqui,A., Chapus,C., Lamer,O., Ferraris,O., Gorge,O."	
MpxV/human/CAN/UN-NML-2886/2022_Canada_2022-05-20	ON803434	ON803434.1	MpxV/human/CAN/UN-NML-2886/2022	5/20/22	North America	Canada			Homo sapiens	6/21/22		Knox et al		IIb	hMPXV-1	B.1	0.993184895	1333	600	0	good	good	good	good	good		FALSE	"Knox,N., Duggan,A., Yadav,C., Hole,D., Haidl,E., Chapel,M., Jolly,G., Domselaar,G.V., Antonation,K., Leung,A., Fernando,L., Audet,J., Hagan,M., Graham,M., Griffiths,E., Safronetz,D., Charest,H., Levade,I., Fafard,J."	"National Microbiology Laboratory, Public Health Agency of Canada"
MpxV/human/CAN/UN-NML-3153/2022_Canada_2022-05-28	ON880529	ON880529.1	MpxV/human/CAN/UN-NML-3153/2022	5/28/22	North America	Canada			Homo sapiens	6/30/22		Duggan et al		IIb	hMPXV-1	B.1	0.990461896	1881	602	0	good	good	good	good	good		FALSE	"Duggan,A., Hole,D., Knox,N., Yadav,C., Haidl,E., Chapel,M., Domselaar,G.V., Fernando,L., Graham,M., Antonation,K., Audet,J., Hagan,M., Safronetz,D., Leung,A., Peters,G., Go,A., Laminman,V., Kaplen,B., Jolly,G., Charest,H., Levade,I., Fafard,J."	"National Microbiology Laboratory, Public Health Agency of Canada"
MpxV/human/CAN/UN-NML-2899/2022_Canada_2022-05-20	ON803439	ON803439.1	MpxV/human/CAN/UN-NML-2899/2022	5/20/22	North America	Canada			Homo sapiens	6/21/22		Knox et al		IIb	hMPXV-1	B.1	0.999315447	135	611	0	good	good	good	good	good		FALSE	"Knox,N., Duggan,A., Yadav,C., Hole,D., Haidl,E., Chapel,M., Jolly,G., Domselaar,G.V., Antonation,K., Leung,A., Fernando,L., Audet,J., Hagan,M., Graham,M., Griffiths,E., Safronetz,D., Charest,H., Levade,I., Fafard,J."	"National Microbiology Laboratory, Public Health Agency of Canada"
MpxV/human/CAN/UN-NML-3165/2022_Canada_2022-05-29	ON880531	ON880531.1	MpxV/human/CAN/UN-NML-3165/2022	5/29/22	North America	Canada			Homo sapiens	6/30/22		Duggan et al		IIb	hMPXV-1	B.1	0.99680542	630	605	0	good	good	good	good	good		FALSE	"Duggan,A., Hole,D., Knox,N., Yadav,C., Haidl,E., Chapel,M., Domselaar,G.V., Fernando,L., Graham,M., Antonation,K., Audet,J., Hagan,M., Safronetz,D., Leung,A., Peters,G., Go,A., Laminman,V., Kaplen,B., Jolly,G., Charest,H., Levade,I., Fafard,J."	"National Microbiology Laboratory, Public Health Agency of Canada"
MpxV/human/CAN/UN-NML-2837/2022_Canada_2022-05-18	ON803418	ON803418.1	MpxV/human/CAN/UN-NML-2837/2022	5/18/22	North America	Canada			Homo sapiens	6/21/22		Knox et al		IIb	hMPXV-1	B.1	0.997424053	506	604	0	good	good	good	good	good		FALSE	"Knox,N., Duggan,A., Yadav,C., Hole,D., Haidl,E., Chapel,M., Jolly,G., Domselaar,G.V., Antonation,K., Leung,A., Fernando,L., Audet,J., Hagan,M., Graham,M., Griffiths,E., Safronetz,D., Charest,H., Levade,I., Fafard,J."	"National Microbiology Laboratory, Public Health Agency of Canada"
MPXV_SI2022_S5_Slovenia_2022-06-XX	ON754986	ON754986.1	MPXV_SI2022_S5	2022-06-XX	Europe	Slovenia			Homo sapiens	6/14/22		Zakotnik et al		IIb	hMPXV-1	B.1.3	0.999716037	18	609	0	good	good	good	good	good		FALSE	"Zakotnik,S., Vlaj,D., Suljic,A., Zorec,T.M., Korva,M., Poljak,M., Avsic Zupanc,T."	
Slovenia-MPXV-08-2022_Slovenia_2022-06-XX	OP605551	OP605551.1	Slovenia-MPXV-08-2022	2022-06-XX	Europe	Slovenia			Homo sapiens	10/11/22		Zakotnik et al		IIb	hMPXV-1	B.1.3	0.999989858	2	609	0	good	good	good	good	good		FALSE	"Zakotnik,S., Vlaj,D., Suljic,A., Zorec,T.M., Korva,M., Poljak,M., Avsic Zupanc,T."	"Institute of Microbiology and Immunology, Faculty of Medicine, University of Ljubljana, Laboratory for Diagnostics of Zoonoses and WHO Centre"
Slovenia-MPXV-09-2022_Slovenia_2022-06-XX	OP605552	OP605552.1	Slovenia-MPXV-09-2022	2022-06-XX	Europe	Slovenia			Homo sapiens	10/11/22		Zakotnik et al		IIb	hMPXV-1	B.1.3	0.999863089	27	609	0	good	good	good	good	good		FALSE	"Zakotnik,S., Vlaj,D., Suljic,A., Zorec,T.M., Korva,M., Poljak,M., Avsic Zupanc,T."	"Institute of Microbiology and Immunology, Faculty of Medicine, University of Ljubljana, Laboratory for Diagnostics of Zoonoses and WHO Centre"
SI2022_S7_Slovenia_2022-06-XX	ON838178	ON838178.1	SI2022_S7	2022-06-XX	Europe	Slovenia			Homo sapiens	6/24/22		Zakotnik et al		IIb	hMPXV-1	B.1.3	0.99993408	13	609	0	good	good	good	good	good		FALSE	"Zakotnik,S., Vlaj,D., Suljic,A., Zorec,T.M., Korva,M., Poljak,M., Avsic Zupanc,T."	
MPXV_SI2022_S3_Slovenia_2022-06-XX	ON754984	ON754984.1	MPXV_SI2022_S3	2022-06-XX	Europe	Slovenia			Homo sapiens	6/14/22		Zakotnik et al		IIb	hMPXV-1	B.1.3	0.999016272	130	609	0	good	good	good	good	good		FALSE	"Zakotnik,S., Vlaj,D., Suljic,A., Zorec,T.M., Korva,M., Poljak,M., Avsic Zupanc,T."	
MPXV/Germany/2022/RKI063_Germany_2022-06-XX	ON813263	ON813263.2	MPXV/Germany/2022/RKI063	2022-06-XX	Europe	Germany			Homo sapiens	6/22/22		Brinkmann et al		IIb	hMPXV-1	B.1.2	0.999513207	95	608	0	good	good	good	good	good		FALSE	"Brinkmann,A., Kohl,C., Uddin,S., Pape,K., Schrick,L., Michel,J., Schaade,L., Nitsche,A."	
MPXV/Germany/2022/RKI096_Germany_2022-06-XX	ON853675	ON853675.1	MPXV/Germany/2022/RKI096	2022-06-XX	Europe	Germany			Homo sapiens	6/27/22		Brinkmann et al		IIb	hMPXV-1	B.1	0.999122758	173	605	0	good	good	good	good	good		FALSE	"Brinkmann,A., Kohl,C., Uddin,S., Pape,K., Schrick,L., Michel,J., Schaade,L., Nitsche,A."	
MPXV/Germany/2022/RKI085_Germany_2022-06-XX	ON853667	ON853667.1	MPXV/Germany/2022/RKI085	2022-06-XX	Europe	Germany			Homo sapiens	6/27/22		Brinkmann et al		IIb	hMPXV-1	B.1.5	0.998610611	274	608	0	good	good	good	good	good		FALSE	"Brinkmann,A., Kohl,C., Uddin,S., Pape,K., Schrick,L., Michel,J., Schaade,L., Nitsche,A."	
MPXV/Germany/2022/RKI569_Germany_2022-06-XX	OP764627	OP764627.1	MPXV/Germany/2022/RKI569	2022-06-XX	Europe	Germany			Homo sapiens	11/3/22		Brinkmann et al		IIb	hMPXV-1	B.1.2	0.998894574	218	608	0	good	good	good	good	good		FALSE	"Brinkmann,A., Kohl,C., Pape,K., Schrick,L., Michel,J., Schaade,L., Nitsche,A."	"Robert Koch Institute, Centre for Biological Threats, Highly Pathogenic Viruses"
MPXV/Germany/2022/RKI527_Germany_2022-06-XX	OP689680	OP689680.1	MPXV/Germany/2022/RKI527	2022-06-XX	Europe	Germany			Homo sapiens	10/20/22		Brinkmann et al		IIb	hMPXV-1	B.1.2	0.997358133	521	607	0	good	good	good	good	good		FALSE	"Brinkmann,A., Kohl,C., Pape,K., Schrick,L., Michel,J., Schaade,L., Nitsche,A."	"Robert Koch Institute, Centre for Biological Threats, Highly Pathogenic Viruses"
MPX-42/Finland/2022_Finland_2022-05-31	ON782022	ON782022.1	MPX-42/Finland/2022	5/31/22	Europe	Finland			Homo sapiens	6/16/22		Kant et al		IIb	hMPXV-1	B.1	1	0	605	0	good	good	good	good	good		FALSE	"Kant,R., Smura,T., Vauhkonen,H., Vapalahti,O., Sironen,T."	
MPX-37/Finland/2022_Finland_2022-05-24	ON782021	ON782021.1	MPX-37/Finland/2022	5/24/22	Europe	Finland			Homo sapiens	6/16/22		Kant et al		IIb	hMPXV-1	B.1.3	1	0	608	0	good	good	good	good	good		FALSE	"Kant,R., Smura,T., Vauhkonen,H., Vapalahti,O."	
hMPXV-CH-38347314/2022_Switzerland_2022-06-08	OP783902	OP783902.1	hMPXV-CH-38347314/2022	6/8/22	Europe	Switzerland			Homo sapiens	11/7/22		Laubscher et al		IIb	hMPXV-1	B.1.5	0.997155302	533	603	0	good	good	good	good	good		FALSE	"Laubscher,F., Marques-Melancia,S., Cordey,S., Schibler,M., Kaiser,L., Renzoni,A."	"University Hospitals of Geneva, Laboratory of Virology"
hMpxV/Switzerland/ZH-UZH-IMV-3ba6449f/2022_Switzerland_2022-06-01	ON792320	ON792320.1	hMpxV/Switzerland/ZH-UZH-IMV-3ba6449f/2022	6/1/22	Europe	Switzerland	Zürich		Homo sapiens	6/17/22		Kufner et al		IIb	hMPXV-1	B.1.3	0.999462499	102	607	4	good	good	good	good	good		FALSE	"Kufner,V., Ziltener,G., Zaheri,M., Schmutz,S., Audige,A., Bernasconi,O., Steiner,K., Huder,J., Shah,C., Capaul,R., Bloemberg,G., Boeni,J., Huber,M., Trkola,A."	
hMpxV/Switzerland/ZH-UZH-IMV-3ba64538/2022_Switzerland_2022-06-02	ON792322	ON792322.1	hMpxV/Switzerland/ZH-UZH-IMV-3ba64538/2022	6/2/22	Europe	Switzerland	Zürich		Homo sapiens	6/17/22		Kufner et al		IIb	hMPXV-1	B.1.5	0.999949292	0	606	10	good	good	good	good	good		FALSE	"Kufner,V., Ziltener,G., Zaheri,M., Schmutz,S., Audige,A., Bernasconi,O., Steiner,K., Huder,J., Shah,C., Capaul,R., Bloemberg,G., Boeni,J., Huber,M., Trkola,A."	
hMpxV/Switzerland/ZH-UZH-IMV-3ba6450e/2022_Switzerland_2022-06-02	ON792321	ON792321.1	hMpxV/Switzerland/ZH-UZH-IMV-3ba6450e/2022	6/2/22	Europe	Switzerland	Zürich		Homo sapiens	6/17/22		Kufner et al		IIb	hMPXV-1	B.1.1	0.984615307	3026	602	0	good	good	good	good	good	OPG205:73-788	FALSE	"Kufner,V., Ziltener,G., Zaheri,M., Schmutz,S., Audige,A., Bernasconi,O., Steiner,K., Huder,J., Shah,C., Capaul,R., Bloemberg,G., Boeni,J., Huber,M., Trkola,A."	
8887_Spain_2022-06-06	ON838939	ON838939.1	8887	6/6/22	Europe	Spain	Madrid		Homo sapiens	6/24/22	"SRR19793481, SRR19793480"	de la Hoz-Sanchez et al		IIb	hMPXV-1	B.1	1	0	607	0	good	good	good	good	good		FALSE	"de la Hoz-Sanchez,B., Lopez-Ortiz,M., Gutierrez-Arroyo,A., Roces-Alvarez,P., Lazaro-Peona,F., Dahdouh,E., Bloise,I., Garcia-Rodriguez,J., Mingorance,J."	
MpxV/Spain/MD-HGUGM-6642566/2022_Spain_2022-06-21	ON927243	ON927243.1	MpxV/Spain/MD-HGUGM-6642566/2022	6/21/22	Europe	Spain			Homo sapiens	7/6/22		Palomino-Cabrera et al		IIb	hMPXV-1	B.1	0.984995614	2957	592	2	good	good	good	good	good		FALSE	"Palomino-Cabrera,R., Penas-Utrilla,D., Buenestado-Serrano,S., Perez-Lago,L., Herranz Martin,M., Veintimilla,C., Catalan,P., Munoz,P., Garcia de Viedma,D."	
Monkeypox/PT0257/2022_Portugal_2022-06-18	OP414298	OP414298.1	Monkeypox/PT0257/2022	6/18/22	Europe	Portugal			Homo sapiens	9/12/22		Isidro et al		IIb	hMPXV-1	B.1	0.946574446	9798	576	0	mediocre	good	good	good	good		FALSE	"Isidro,J., Borges,V., Pinto,M., Sobral,D., Santos,J., Nunes,A., Mixao,V., Ferreira,R., Santos,D., Duarte,S., Vieira,L., Borrego,M.J., Nuncio,S., Lopes de Carvalho,I., Pelerito,A., Cordeiro,R., Gomes,J.P."	"National Institute of Health Doutor Ricardo Jorge, Portugal (INSA), Department of Infectious Diseases"
Monkeypox/PT0330/2022_Portugal_2022-06-01	OP414361	OP414361.1	Monkeypox/PT0330/2022	6/1/22	Europe	Portugal			Homo sapiens	9/12/22		Isidro et al		IIb	hMPXV-1	B.1	0.99015765	1113	601	0	good	good	good	good	good		FALSE	"Isidro,J., Borges,V., Pinto,M., Sobral,D., Santos,J., Nunes,A., Mixao,V., Ferreira,R., Santos,D., Duarte,S., Vieira,L., Borrego,M.J., Nuncio,S., Lopes de Carvalho,I., Pelerito,A., Cordeiro,R., Gomes,J.P."	"National Institute of Health Doutor Ricardo Jorge, Portugal (INSA), Department of Infectious Diseases"
Monkeypox/PT0309/2022_Portugal_2022-06-06	OP414343	OP414343.1	Monkeypox/PT0309/2022	6/6/22	Europe	Portugal			Homo sapiens	9/12/22		Isidro et al		IIb	hMPXV-1	B.1	0.977217064	3797	595	0	good	good	good	good	good		FALSE	"Isidro,J., Borges,V., Pinto,M., Sobral,D., Santos,J., Nunes,A., Mixao,V., Ferreira,R., Santos,D., Duarte,S., Vieira,L., Borrego,M.J., Nuncio,S., Lopes de Carvalho,I., Pelerito,A., Cordeiro,R., Gomes,J.P."	"National Institute of Health Doutor Ricardo Jorge, Portugal (INSA), Department of Infectious Diseases"
Monkeypox/PT0315/2022_Portugal_2022-06-03	OP414348	OP414348.1	Monkeypox/PT0315/2022	6/3/22	Europe	Portugal			Homo sapiens	9/12/22		Isidro et al		IIb	hMPXV-1	B.1	0.989402106	1180	602	0	good	good	good	good	good		FALSE	"Isidro,J., Borges,V., Pinto,M., Sobral,D., Santos,J., Nunes,A., Mixao,V., Ferreira,R., Santos,D., Duarte,S., Vieira,L., Borrego,M.J., Nuncio,S., Lopes de Carvalho,I., Pelerito,A., Cordeiro,R., Gomes,J.P."	"National Institute of Health Doutor Ricardo Jorge, Portugal (INSA), Department of Infectious Diseases"
Monkeypox/PT0211/2022_Portugal_2022-06-26	OP324521	OP324521.2	Monkeypox/PT0211/2022	6/26/22	Europe	Portugal			Homo sapiens	8/29/22		Isidro et al		IIb	hMPXV-1	B.1	0.982389242	2017	589	0	good	good	good	good	good	OPG023:526-661	FALSE	"Isidro,J., Borges,V., Pinto,M., Sobral,D., Santos,J., Nunes,A., Mixao,V., Ferreira,R., Santos,D., Duarte,S., Vieira,L., Borrego,M.J., Nuncio,S., Lopes de Carvalho,I., Pelerito,A., Cordeiro,R., Gomes,J.P."	"National Institute of Health Doutor Ricardo Jorge, Portugal (INSA), Department of Infectious Diseases"
MpxV/human/CAN/UN-NML-3472/2022_Canada_2022-06-02	ON880516	ON880516.1	MpxV/human/CAN/UN-NML-3472/2022	6/2/22	North America	Canada			Homo sapiens	6/30/22		Duggan et al		IIb	hMPXV-1	B.1	0.999893514	21	605	0	good	good	good	good	good		FALSE	"Duggan,A., Hole,D., Knox,N., Yadav,C., Haidl,E., Chapel,M., Domselaar,G.V., Jolly,G., Audet,J., Fernando,L., Antonation,K., Safronetz,D., Hagan,M., Griffiths,E., Leung,A., Graham,M., Peters,G., Go,A., Laminman,V., Kaplen,B., Eshaghi,A., Gubbay,J.B., Hasso,M., Marchand-Austin,A., Olsha,R., Patel,S.N."	"National Microbiology Laboratory, Public Health Agency of Canada"
MpxV/human/CAN/UN-NML-3344/2022_Canada_2022-06-01	ON880541	ON880541.1	MpxV/human/CAN/UN-NML-3344/2022	6/1/22	North America	Canada			Homo sapiens	6/30/22		Duggan et al		IIb	hMPXV-1	B.1	0.968104904	6290	587	0	good	good	good	good	good		FALSE	"Duggan,A., Hole,D., Knox,N., Yadav,C., Haidl,E., Chapel,M., Domselaar,G.V., Fernando,L., Graham,M., Antonation,K., Audet,J., Hagan,M., Safronetz,D., Leung,A., Peters,G., Go,A., Laminman,V., Kaplen,B., Jolly,G., Charest,H., Levade,I., Fafard,J."	"National Microbiology Laboratory, Public Health Agency of Canada"
MpxV/human/CAN/UN-NML-3486/2022_Canada_2022-06-08	ON880518	ON880518.1	MpxV/human/CAN/UN-NML-3486/2022	6/8/22	North America	Canada			Homo sapiens	6/30/22		Duggan et al		IIb	hMPXV-1	B.1	0.934080088	13000	571	0	mediocre	good	good	good	good		FALSE	"Duggan,A., Hole,D., Knox,N., Yadav,C., Haidl,E., Chapel,M., Domselaar,G.V., Jolly,G., Audet,J., Fernando,L., Antonation,K., Safronetz,D., Hagan,M., Griffiths,E., Leung,A., Graham,M., Peters,G., Go,A., Laminman,V., Kaplen,B., Eshaghi,A., Gubbay,J.B., Hasso,M., Marchand-Austin,A., Olsha,R., Patel,S.N."	"National Microbiology Laboratory, Public Health Agency of Canada"
MpxV/human/CAN/UN-NML-4117/2022_Canada_2022-06-28	OP279039	OP279039.1	MpxV/human/CAN/UN-NML-4117/2022	6/28/22	North America	Canada			Homo sapiens	8/23/22		Duggan et al		IIb	hMPXV-1	B.1.2	0.980665183	3811	598	2	good	good	good	good	good		FALSE	"Duggan,A., Hole,D., Yadav,C., Knox,N., Tyler,A., Haidl,E., Chapel,M., Domselaar,G.V., Graham,M., Audet,J., Fernando,L., Antonation,K., Safronetz,D., Hagan,M., Peters,G., Go,A., Laminman,V., Kaplen,B., Leung,A., Griffiths,E., Jolly,G., Eshaghi,A., Gubbay,J.B., Hasso,M., Marchand-Austin,A., Olsha,R., Patel,S.N."	"National Microbiology Laboratory, Public Health Agency of Canada"
MpxV/human/CAN/UN-NML-3686/2022_Canada_2022-06-14	ON983165	ON983165.1	MpxV/human/CAN/UN-NML-3686/2022	6/14/22	North America	Canada			Homo sapiens	7/14/22		Duggan et al		IIb	hMPXV-1	B.1	0.998595399	277	610	0	good	good	good	good	good		FALSE	"Duggan,A., Hole,D., Yadav,C., Knox,N., Haidl,E., Chapel,M., Domselaar,G.V., Fernando,L., Graham,M., Antonation,K., Audet,J., Hagan,M., Safronetz,D., Leung,A., Peters,G., Go,A., Laminman,V., Kaplen,B., Jolly,G., Marchand-Austin,A., Eshaghi,A., Patel,S.N., Hasso,M., Gubbay,J.B., Olsha,R."	"National Microbiology Laboratory, Public Health Agency of Canada"
MPXV/Germany/2022/RKI174_Germany_2022-07-XX	OP018599	OP018599.1	MPXV/Germany/2022/RKI174	2022-07-XX	Europe	Germany			Homo sapiens	7/19/22		Brinkmann et al		IIb	hMPXV-1	B.1.1	0.999127829	172	608	0	good	good	good	good	good		FALSE	"Brinkmann,A., Kohl,C., Pape,K., Uddin,S., Schrick,L., Michel,J., Schaade,L., Nitsche,A."	"Robert Koch Institute, Centre for Biological Threats, Highly Pathogenic Viruses"
MPXV/Germany/2022/RKI162_Germany_2022-07-XX	ON959175	ON959175.1	MPXV/Germany/2022/RKI162	2022-07-XX	Europe	Germany			Homo sapiens	7/11/22		Brinkmann et al		IIb	hMPXV-1	B.1.5	1	0	606	0	good	good	good	good	good		FALSE	"Brinkmann,A., Kohl,C., Pape,K., Uddin,S., Schrick,L., Michel,J., Schaade,L., Nitsche,A."	
MPXV/Germany/2022/RKI489_Germany_2022-07-XX	OP626127	OP626127.1	MPXV/Germany/2022/RKI489	2022-07-XX	Europe	Germany			Homo sapiens	10/13/22		Brinkmann et al		IIb	hMPXV-1	B.1	0.999107546	176	608	0	good	good	good	good	good		FALSE	"Brinkmann,A., Kohl,C., Pape,K., Schrick,L., Michel,J., Schaade,L., Nitsche,A."	"Robert Koch Institute, Centre for Biological Threats, Highly Pathogenic Viruses"
MPXV/Germany/2022/RKI528_Germany_2022-07-XX	OP689681	OP689681.1	MPXV/Germany/2022/RKI528	2022-07-XX	Europe	Germany			Homo sapiens	10/20/22		Brinkmann et al		IIb	hMPXV-1	B.1	0.999158253	166	606	0	good	good	good	good	good		FALSE	"Brinkmann,A., Kohl,C., Pape,K., Schrick,L., Michel,J., Schaade,L., Nitsche,A."	"Robert Koch Institute, Centre for Biological Threats, Highly Pathogenic Viruses"
MPXV/Germany/2022/RKI113_Germany_2022-07-XX	ON929071	ON929071.1	MPXV/Germany/2022/RKI113	2022-07-XX	Europe	Germany			Homo sapiens	7/6/22		Brinkmann et al		IIb	hMPXV-1	B.1	0.999994929	1	605	0	good	good	good	good	good		FALSE	"Brinkmann,A., Kohl,C., Pape,K., Uddin,S., Schrick,L., Michel,J., Schaade,L., Nitsche,A."	
MPXV_USA_2022_MI0001_USA_2022-06-XX	OP378702	OP378702.1	MPXV_USA_2022_MI0001	2022-06-XX	North America	USA	Michigan		Homo sapiens	9/6/22		Gigante et al		IIb	hMPXV-1	B.1.2	0.999792099	41	607	0	good	good	good	good	good		FALSE	"Gigante,C.M., Johnson,S., Zhao,H., Batra,D., Hetrick,E.E., Howard,D.T., Kovar,L., Seabolt,M.H., Weigand,M.R., Burroughs,M., Lee,J., Wilkins,K., McCollum,A., Hutson,C., Davidson,W., Rao,A., Riner,D., Li,Y."	"CDC, DHCPP-PRB"
MPXV-USA-IL-IDPH-046_USA_2022-06-23	OP536707	OP536707.1	MPXV-USA-IL-IDPH-046	6/23/22	North America	USA	Illinois		Homo sapiens	9/27/22		Gagnon et al		IIb	hMPXV-1	B.1.1	0.994432303	999	604	0	good	good	good	good	good		FALSE	"Gagnon,K.T."	"Southern Illinois University, Molecular Biology, Microbiology, and Biochemistry"
MPXV_USA_2022_IL0053_USA_2022-06-XX	OP378706	OP378706.1	MPXV_USA_2022_IL0053	2022-06-XX	North America	USA	Illinois		Homo sapiens	9/6/22		Gigante et al		IIb	hMPXV-1	B.1.11	0.999792099	41	610	0	good	good	good	good	good		FALSE	"Gigante,C.M., Ghinai,I., Zhao,H., Batra,D., Hetrick,E.E., Howard,D.T., Kovar,L., Seabolt,M.H., Weigand,M.R., Burroughs,M., Lee,J., Wilkins,K., McCollum,A., Hutson,C., Davidson,W., Rao,A., Kerins,J., Li,Y."	"CDC, DHCPP-PRB"
MPXV-USA-IL-IDPH-031_USA_2022-06-14	OP536692	OP536692.1	MPXV-USA-IL-IDPH-031	6/14/22	North America	USA	Illinois		Homo sapiens	9/27/22		Gagnon et al		IIb	hMPXV-1	B.1.11	0.970163634	579	584	0	good	good	good	good	good		FALSE	"Gagnon,K.T."	"Southern Illinois University, Molecular Biology, Microbiology, and Biochemistry"
MPXV_USA_2022_TX0015_USA_2022-06-XX	OP450986	OP450986.1	MPXV_USA_2022_TX0015	2022-06-XX	North America	USA	Texas		Homo sapiens	9/16/22		Gigante et al		IIb	hMPXV-1	B.1.7	0.999792099	41	611	0	good	good	good	good	good		FALSE	"Gigante,C.M., Kubin,G., Zhao,H., Batra,D., Hetrick,E.E., Howard,D.T., Kovar,L., Seabolt,M.H., Weigand,M.R., Burroughs,M., Lee,J., Wilkins,K., McCollum,A., Hutson,C., Davidson,W., Rao,A., White,S.L., Li,Y."	"CDC, DHCPP-PRB"
MPX-96/Finland/2022_Finland_2022-06-16	ON959143	ON959143.1	MPX-96/Finland/2022	6/16/22	Europe	Finland			Homo sapiens	7/11/22		Kant et al		IIb	hMPXV-1	B.1.10	0.999989858	2	610	0	good	good	good	good	good		FALSE	"Kant,R., Smura,T., Vauhkonen,H., Vapalahti,O."	
hMPXV/Austria/MUW1525179/2022_Austria_2022-06-10	OP019275	OP019275.1	hMPXV/Austria/MUW1525179/2022	6/10/22	Europe	Austria			Homo sapiens	7/19/22		Camp et al		IIb	hMPXV-1	B.1	0.999609551	77	608	0	good	good	good	good	good		FALSE	"Camp,J.V., Redlberger-Fritz,M., Aberle,S.W."	"Medical University of Vienna, Center for Virology"
hMPXV/Austria/MUW1527495/2022_Austria_2022-06-21	OP019276	OP019276.1	hMPXV/Austria/MUW1527495/2022	6/21/22	Europe	Austria			Homo sapiens	7/19/22		Camp et al		IIb	hMPXV-1	B.1.1	1	0	608	0	good	good	good	good	good		FALSE	"Camp,J.V., Redlberger-Fritz,M., Aberle,S.W."	"Medical University of Vienna, Center for Virology"
hMPXV/Austria/MUW1531848/2022_Austria_2022-07-05	OP133005	OP133005.1	hMPXV/Austria/MUW1531848/2022	7/5/22	Europe	Austria			Homo sapiens	8/3/22		Camp et al		IIb	hMPXV-1	B.1	1	0	607	0	good	good	good	good	good	OPG044:149-150	FALSE	"Camp,J.V., Redlberger-Fritz,M., Aberle,S.W."	"Medical University of Vienna, Center for Virology"
hMPXV/Austria/MUW1532243/2022_Austria_2022-07-06	OP133006	OP133006.1	hMPXV/Austria/MUW1532243/2022	7/6/22	Europe	Austria			Homo sapiens	8/3/22		Camp et al		IIb	hMPXV-1	B.1	1	0	608	0	good	good	good	good	good	OPG044:149-150	FALSE	"Camp,J.V., Redlberger-Fritz,M., Aberle,S.W."	"Medical University of Vienna, Center for Virology"
hMPXV/Austria/MUW1533374/2022_Austria_2022-07-11	OP133004	OP133004.1	hMPXV/Austria/MUW1533374/2022	7/11/22	Europe	Austria			Homo sapiens	8/3/22		Camp et al		IIb	hMPXV-1	B.1	1	0	608	0	good	good	good	good	good	OPG044:149-150	FALSE	"Camp,J.V., Redlberger-Fritz,M., Aberle,S.W."	"Medical University of Vienna, Center for Virology"
hMPXV/Austria/MUW1531254/2022_Austria_2022-07-04	OP019277	OP019277.1	hMPXV/Austria/MUW1531254/2022	7/4/22	Europe	Austria			Homo sapiens	7/19/22		Camp et al		IIb	hMPXV-1	B.1	1	0	609	0	good	good	good	good	good		FALSE	"Camp,J.V., Redlberger-Fritz,M., Aberle,S.W."	"Medical University of Vienna, Center for Virology"
hMPXV/Austria/MUW1533948/2022_Austria_2022-07-13	OP422340	OP422340.1	hMPXV/Austria/MUW1533948/2022	7/13/22	Europe	Austria			Homo sapiens	9/13/22		Camp et al		IIb	hMPXV-1	B.1	1	0	607	0	good	good	good	good	good		FALSE	"Camp,J.V., Redlberger-Fritz,M., Aberle,S.W."	"Medical University of Vienna, Center for Virology"
MPXV/Human/USA/CA-CDPH-MPX000042/2022_USA_2022-07-28	OP587263	OP587263.1	MPXV/Human/USA/CA-CDPH-MPX000042/2022	7/28/22	North America	USA			Homo sapiens	10/5/22		Probert et al		IIb	hMPXV-1	B.1.11	0.966989336	4777	591	0	good	good	good	good	good		FALSE	"Probert,W., Espinosa,A., Kath,C., Haw,M., O'Neil,R., Bell,J., Hacker,J."	"CDPH, VRDL"
hMPX/Human/USA/CA-LACPHL-MA00083/2022_USA_2022-07-13	OP442550	OP442550.1	hMPX/Human/USA/CA-LACPHL-MA00083/2022	7/13/22	North America	USA			Homo sapiens	9/15/22		Hemarajata et al		IIb	hMPXV-1	B.1	0.984311061	2397	601	0	good	good	good	good	good		FALSE	"Hemarajata,P., Green,N.M., Garrigues,J."	"Los Angeles County Public Health Laboratories, Los Angeles County Department of Public Health"
MPXV/Human/USA/UT-UPHL-82200104/2022_USA_2022-07-21	OP743362	OP743362.1	MPXV/Human/USA/UT-UPHL-82200104/2022	7/21/22	North America	USA			Homo sapiens	10/31/22		Iverson et al		IIb	hMPXV-1	B.1.14	0.924780309	1810	549	2	good	good	good	good	good		FALSE	"Iverson,T., Oakeson,K.F., Young,E.L., Wagner,J., Hergert,J."	Utah Public Health Laboratory
MPX/Human/USA/CA-LACPHL-MA00199/2022_USA_2022-07-19	OP615272	OP615272.1	MPX/Human/USA/CA-LACPHL-MA00199/2022	7/19/22	North America	USA			Homo sapiens	10/12/22		Hemarajata et al		IIb	hMPXV-1	B.1	0.981801033	2041	603	0	good	good	good	good	good		FALSE	"Hemarajata,P., Green,N.M., Garrigues,J.M."	"Los Angeles County Public Health Laboratories, Los Angeles County Department of Public Health"
MPXV/Human/USA/UT-UPHL-82200116/2022_USA_2022-07-22	OP743363	OP743363.1	MPXV/Human/USA/UT-UPHL-82200116/2022	7/22/22	North America	USA			Homo sapiens	10/31/22		Iverson et al		IIb	hMPXV-1	B.1	0.933354969	236	556	0	good	good	good	good	good		FALSE	"Iverson,T., Oakeson,K.F., Young,E.L., Wagner,J., Hergert,J."	Utah Public Health Laboratory
MPXV/ITM_pt_10/Belgium/1-Jun-2022_Belgium_2022-06-01	OP144211	OP144211.2	MPXV/ITM_pt_10/Belgium/1-Jun-2022	6/1/22	Europe	Belgium			Homo sapiens	8/4/22		De Baetselier et al		IIb	hMPXV-1	B.1	0.967029902	119	579	0	good	good	good	good	good		FALSE	"De Baetselier,I., Van Dijck,C., Kenyon,C., Coppens,J., Smet,H., de Block,T., Coppens,S., Vanroye,F., Bugert,J., Girl,P., Liesenborghs,L., Selhorst,P., Arien,K., den Bossche,D.V., Florence,E., Rezende,A.M., Vercauteren,K., Esbroeck,M.V., Bracke,S., Brosius,I., Soentjens,P."	"Institute of Tropica Medicine, Department of Clinical Sciences"
MPXV/ITM_pt_09/Belgium/2-Jun-2022_Belgium_2022-06-02	OP144217	OP144217.2	MPXV/ITM_pt_09/Belgium/2-Jun-2022	6/2/22	Europe	Belgium			Homo sapiens	8/4/22		De Baetselier et al		IIb	hMPXV-1	B.1	0.96315584	885	576	0	good	good	good	good	good		FALSE	"De Baetselier,I., Van Dijck,C., Kenyon,C., Coppens,J., Smet,H., de Block,T., Coppens,S., Vanroye,F., Bugert,J., Girl,P., Liesenborghs,L., Selhorst,P., Arien,K., den Bossche,D.V., Florence,E., Rezende,A.M., Vercauteren,K., Esbroeck,M.V., Bracke,S., Brosius,I., Soentjens,P."	"Institute of Tropica Medicine, Department of Clinical Sciences"
MPXV/ITM_pt_24/Belgium/16-Jun-2022_Belgium_2022-06-16	OP144213	OP144213.2	MPXV/ITM_pt_24/Belgium/16-Jun-2022	6/16/22	Europe	Belgium			Homo sapiens	8/4/22		De Baetselier et al		IIb	hMPXV-1	B.1	0.964256195	666	576	0	good	good	good	good	good		FALSE	"De Baetselier,I., Van Dijck,C., Kenyon,C., Coppens,J., Smet,H., de Block,T., Coppens,S., Vanroye,F., Bugert,J., Girl,P., Liesenborghs,L., Selhorst,P., Arien,K., den Bossche,D.V., Florence,E., Rezende,A.M., Vercauteren,K., Esbroeck,M.V., Bracke,S., Brosius,I., Soentjens,P."	"Institute of Tropica Medicine, Department of Clinical Sciences"
MPXV/ITM_pt_16/Belgium/10-Jun-2022_Belgium_2022-06-10	OP144212	OP144212.2	MPXV/ITM_pt_16/Belgium/10-Jun-2022	6/10/22	Europe	Belgium			Homo sapiens	8/4/22		De Baetselier et al		IIb	hMPXV-1	B.1.3	0.965584735	405	582	0	good	good	good	good	good		FALSE	"De Baetselier,I., Van Dijck,C., Kenyon,C., Coppens,J., Smet,H., de Block,T., Coppens,S., Vanroye,F., Bugert,J., Girl,P., Liesenborghs,L., Selhorst,P., Arien,K., den Bossche,D.V., Florence,E., Rezende,A.M., Vercauteren,K., Esbroeck,M.V., Bracke,S., Brosius,I., Soentjens,P."	"Institute of Tropica Medicine, Department of Clinical Sciences"
MPXV/ITM_pt_25/Belgium/16-Jun-2022_Belgium_2022-06-16	OP144214	OP144214.2	MPXV/ITM_pt_25/Belgium/16-Jun-2022	6/16/22	Europe	Belgium			Homo sapiens	8/4/22		De Baetselier et al		IIb	hMPXV-1	B.1.3	0.966208439	276	583	0	good	good	good	good	good		FALSE	"De Baetselier,I., Van Dijck,C., Kenyon,C., Coppens,J., Smet,H., de Block,T., Coppens,S., Vanroye,F., Bugert,J., Girl,P., Liesenborghs,L., Selhorst,P., Arien,K., den Bossche,D.V., Florence,E., Rezende,A.M., Vercauteren,K., Esbroeck,M.V., Bracke,S., Brosius,I., Soentjens,P."	"Institute of Tropica Medicine, Department of Clinical Sciences"
hMpxV/Netherlands/NH-AUMC-0001/2022_Netherlands_2022-06-XX	OP160532	OP160532.1	hMpxV/Netherlands/NH-AUMC-0001/2022	2022-06-XX	Europe	Netherlands			Homo sapiens	8/5/22		Tutu van Furth AM et al		IIb	hMPXV-1	B.1	0.999655188	0	607	0	good	good	good	good	good		FALSE	"Tutu van Furth AM, van der Kuip M, van Els AL, Fievez LC, van Rijckevorsel GG, van den Ouden A, Jonges M, Welkers MR, Welkers,M., Jonges,M."	
PatientMPXV_France_2022-06-10	OP204840	OP204840.1	PatientMPXV	6/10/22	Europe	France			Homo sapiens	8/23/22		Seang et al		IIb	hMPXV-1	B.1.7	0.999878302	24	609	0	good	good	good	good	good		FALSE	"Seang,S., Burrel,S., Todesco,E., Leducq,V., Monsel,G., Le Pluart,D., Cordevant,C., Pourcher,V., Palich,R., Charpentier,C."	"APHP Pitie Salpetriere SU, Virology"
hMPXV-IHU00001_France_2022-06-13	OP382478	OP382478.1	hMPXV-IHU00001	6/13/22	Europe	France			Homo sapiens	9/7/22		Colson et al		IIb	hMPXV-1	B.1	0.999923939	15	606	0	good	good	good	good	good		FALSE	"Colson,P."	"IHU - Mediterranee Infection, MEPHI"
MPXV_UK_2022_9000063_UnitedKingdom_2022-06-06	OP205069	OP205069.1	MPXV_UK_2022_9000063	6/6/22	Europe	United Kingdom			Homo sapiens	8/11/22		Groves et al		IIb	hMPXV-1	B.1	1	0	605	0	good	good	good	good	good		FALSE	"Groves,N., Osman,K.L., Lewandowski,K.S., Carter,D.P., Pullan,S.T., Myers,R., Vipond,R., Chand,M."	"UKHSA, Research and Evaluation"
MPXV_UK_2022_9000106_UnitedKingdom_2022-06-14	OP205094	OP205094.1	MPXV_UK_2022_9000106	6/14/22	Europe	United Kingdom			Homo sapiens	8/11/22		Groves et al		IIb	hMPXV-1	B.1.7	1	0	608	0	good	good	good	good	good		FALSE	"Groves,N., Osman,K.L., Lewandowski,K.S., Carter,D.P., Pullan,S.T., Myers,R., Vipond,R., Chand,M."	"UKHSA, Research and Evaluation"
hMpxV/UK/LMO-005a/2022_UnitedKingdom_2022-06-20	OP390187	OP390187.1	hMpxV/UK/LMO-005a/2022	6/20/22	Europe	United Kingdom	Scotland		Homo sapiens	9/8/22		McHugh et al		IIb	hMPXV-1	B.1.1	0.950478934	8201	579	17	mediocre	mediocre	good	good	good	OPG094:122-341	FALSE	"McHugh,M.P., Maloney,D., Parker,A., Mathers,K., Dewar,R., Kenicer,J., Cotton,S., Wild,J., Templeton,K.E."	"Royal Infirmary of Edinburgh, Viral Genotyping Reference Laboratory"
MPXV_UK_2022_9000187_UnitedKingdom_2022-06-28	OP205132	OP205132.1	MPXV_UK_2022_9000187	6/28/22	Europe	United Kingdom			Homo sapiens	8/11/22		Groves et al		IIb	hMPXV-1	B.1.2	0.999858019	26	608	2	good	good	good	good	good		FALSE	"Groves,N., Osman,K.L., Lewandowski,K.S., Carter,D.P., Pullan,S.T., Myers,R., Vipond,R., Chand,M."	"UKHSA, Research and Evaluation"
MPX_KJ3uDD_9000210_UnitedKingdom_2022-06-XX	OP415190	OP415190.1	MPX_KJ3uDD_9000210	2022-06-XX	Europe	United Kingdom			Homo sapiens	9/12/22		Groves et al		IIb	hMPXV-1	B.1.7	0.99993408	13	610	0	good	good	good	good	good		FALSE	"Groves,N., Osman,K.L., Lewandowski,K.S., Carter,D.P., Pullan,S.T., Myers,R., Vipond,R., Chand,M."	"UKHSA, Research and Evaluation"
MPX_UbfBKN_9000238_UnitedKingdom_2022-07-XX	OP415212	OP415212.1	MPX_UbfBKN_9000238	2022-07-XX	Europe	United Kingdom			Homo sapiens	9/12/22		Groves et al		IIb	hMPXV-1	B.1	1	0	609	0	good	good	good	good	good		FALSE	"Groves,N., Osman,K.L., Lewandowski,K.S., Carter,D.P., Pullan,S.T., Myers,R., Vipond,R., Chand,M."	"UKHSA, Research and Evaluation"
MPXV_UK_2022_9000138_UnitedKingdom_2022-07-06	OP205103	OP205103.1	MPXV_UK_2022_9000138	7/6/22	Europe	United Kingdom			Homo sapiens	8/11/22		Groves et al		IIb	hMPXV-1	B.1.7	1	0	607	0	good	good	good	good	good		FALSE	"Groves,N., Osman,K.L., Lewandowski,K.S., Carter,D.P., Pullan,S.T., Myers,R., Vipond,R., Chand,M."	"UKHSA, Research and Evaluation"
MPX_2v76E1_9000221_UnitedKingdom_2022-07-XX	OP415197	OP415197.1	MPX_2v76E1_9000221	2022-07-XX	Europe	United Kingdom			Homo sapiens	9/12/22		Groves et al		IIb	hMPXV-1	B.1.7	1	0	610	0	good	good	good	good	good		FALSE	"Groves,N., Osman,K.L., Lewandowski,K.S., Carter,D.P., Pullan,S.T., Myers,R., Vipond,R., Chand,M."	"UKHSA, Research and Evaluation"
MPX_gOirGi_9000215_UnitedKingdom_2022-07-XX	OP415193	OP415193.1	MPX_gOirGi_9000215	2022-07-XX	Europe	United Kingdom			Homo sapiens	9/12/22		Groves et al		IIb	hMPXV-1	B.1.2	0.999954363	9	606	0	good	good	good	good	good		FALSE	"Groves,N., Osman,K.L., Lewandowski,K.S., Carter,D.P., Pullan,S.T., Myers,R., Vipond,R., Chand,M."	"UKHSA, Research and Evaluation"
MPX_Fap1fz_9000234_UnitedKingdom_2022-07-XX	OP415208	OP415208.1	MPX_Fap1fz_9000234	2022-07-XX	Europe	United Kingdom			Homo sapiens	9/12/22		Groves et al		IIb	hMPXV-1	B.1.2	0.999994929	0	611	1	good	good	good	good	good		FALSE	"Groves,N., Osman,K.L., Lewandowski,K.S., Carter,D.P., Pullan,S.T., Myers,R., Vipond,R., Chand,M."	"UKHSA, Research and Evaluation"
MPXV/Germany/2022/RKI233_Germany_2022-08-XX	OP215259	OP215259.1	MPXV/Germany/2022/RKI233	2022-08-XX	Europe	Germany			Homo sapiens	8/17/22		Brinkmann et al		IIb	hMPXV-1	B.1	0.996125937	764	604	0	good	good	good	good	good		FALSE	"Brinkmann,A., Kohl,C., Pape,K., Uddin,S., Schrick,L., Michel,J., Schaade,L., Nitsche,A."	"Robert Koch Institute, Centre for Biological Threats, Highly Pathogenic Viruses"
MPXV/Germany/2022/ON/RKI502_Germany_2022-08-XX	OP689655	OP689655.1	MPXV/Germany/2022/ON/RKI502	2022-08-XX	Europe	Germany			Homo sapiens	10/20/22		Brinkmann et al		IIb	hMPXV-1	B.1	0.965762212	251	580	0	good	good	good	good	good		FALSE	"Brinkmann,A., Kohl,C., Pape,K., Schrick,L., Michel,J., Schaade,L., Nitsche,A."	"Robert Koch Institute, Centre for Biological Threats, Highly Pathogenic Viruses"
MPXV/Germany/2022/ON/RKI303_Germany_2022-08-XX	OP355564	OP355564.1	MPXV/Germany/2022/ON/RKI303	2022-08-XX	Europe	Germany			Homo sapiens	9/2/22		Brinkmann et al		IIb	hMPXV-1	B.1.1	0.965133437	365	578	0	good	good	good	good	good		FALSE	"Brinkmann,A., Kohl,C., Pape,K., Uddin,S., Schrick,L., Michel,J., Schaade,L., Nitsche,A."	"Robert Koch Institute, Centre for Biological Threats, Highly Pathogenic Viruses"
MPXV/Germany/2022/RKI212_Germany_2022-08-XX	OP215214	OP215214.1	MPXV/Germany/2022/RKI212	2022-08-XX	Europe	Germany			Homo sapiens	8/12/22		Brinkmann et al		IIb	hMPXV-1	B.1.7	0.999994929	1	607	0	good	good	good	good	good		FALSE	"Brinkmann,A., Kohl,C., Pape,K., Uddin,S., Schrick,L., Michel,J., Jessen,H., Schaade,L., Nitsche,A."	"Robert Koch Institute, Centre for Biological Threats, Highly Pathogenic Viruses"
MPXV/Germany/2022/RKI191_Germany_2022-08-XX	OP215233	OP215233.1	MPXV/Germany/2022/RKI191	2022-08-XX	Europe	Germany			Homo sapiens	8/17/22		Brinkmann et al		IIb	hMPXV-1	B.1	1	0	607	0	good	good	good	good	good		FALSE	"Brinkmann,A., Kohl,C., Pape,K., Uddin,S., Schrick,L., Michel,J., Schaade,L., Nitsche,A."	"Robert Koch Institute, Centre for Biological Threats, Highly Pathogenic Viruses"
MpxV/human/CAN/UN-NML-4094/2022_Canada_2022-07-06	OP279033	OP279033.1	MpxV/human/CAN/UN-NML-4094/2022	7/6/22	North America	Canada			Homo sapiens	8/23/22		Duggan et al		IIb	hMPXV-1	B.1.4	0.975097485	4911	585	0	good	good	good	good	good		FALSE	"Duggan,A., Hole,D., Yadav,C., Knox,N., Tyler,A., Haidl,E., Chapel,M., Domselaar,G.V., Graham,M., Audet,J., Fernando,L., Antonation,K., Safronetz,D., Hagan,M., Peters,G., Go,A., Laminman,V., Kaplen,B., Leung,A., Griffiths,E., Jolly,G., Eshaghi,A., Gubbay,J.B., Hasso,M., Marchand-Austin,A., Olsha,R., Patel,S.N."	"National Microbiology Laboratory, Public Health Agency of Canada"
MpxV/human/CAN/UN-NML-3976/2022_Canada_2022-07-04	OP270024	OP270024.1	MpxV/human/CAN/UN-NML-3976/2022	7/4/22	North America	Canada			Homo sapiens	8/22/22		Duggan et al		IIb	hMPXV-1	B.1	0.999994929	1	610	0	good	good	good	good	good		FALSE	"Duggan,A., Hole,D., Yadav,C., Knox,N., Tyler,A., Haidl,E., Chapel,M., Domselaar,G.V., Graham,M., Audet,J., Fernando,L., Hagan,M., Safronetz,D., Leung,A., Peters,G., Go,A., Laminman,V., Kaplen,B., Antonation,K., Griffiths,E., Jolly,G., Charest,H., Levade,I., Fafard,J."	"National Microbiology Laboratory, Public Health Agency of Canada"
MpxV/human/CAN/UN-NML-4050/2022_Canada_2022-07-11	OP226139	OP226139.1	MpxV/human/CAN/UN-NML-4050/2022	7/11/22	North America	Canada			Homo sapiens	8/16/22		Duggan et al		IIb	hMPXV-1	B.1	0.902813766	19166	549	0	mediocre	good	good	good	good		FALSE	"Duggan,A., Hole,D., Yadav,C., Knox,N., Tyler,A., Haidl,E., Chapel,M., Domselaar,G.V., Graham,M., Audet,J., Fernando,L., Antonation,K., Safronetz,D., Hagan,M., Peters,G., Go,A., Laminman,V., Kaplen,B., Jolly,G., Griffiths,E., Leung,A., MacKenzie,K., Lang,A., Minion,J."	"National Microbiology Laboratory, Public Health Agency of Canada"
MpxV/human/CAN/UN-NML-3971/2022_Canada_2022-07-04	OP270021	OP270021.1	MpxV/human/CAN/UN-NML-3971/2022	7/4/22	North America	Canada			Homo sapiens	8/22/22		Duggan et al		IIb	hMPXV-1	B.1	0.902813766	19166	549	0	mediocre	good	good	good	good		FALSE	"Duggan,A., Hole,D., Yadav,C., Knox,N., Tyler,A., Haidl,E., Chapel,M., Domselaar,G.V., Graham,M., Audet,J., Fernando,L., Hagan,M., Safronetz,D., Leung,A., Peters,G., Go,A., Laminman,V., Kaplen,B., Antonation,K., Griffiths,E., Jolly,G., Charest,H., Levade,I., Fafard,J."	"National Microbiology Laboratory, Public Health Agency of Canada"
MpxV/human/CAN/UN-NML-4113/2022_Canada_2022-07-04	OP279037	OP279037.1	MpxV/human/CAN/UN-NML-4113/2022	7/4/22	North America	Canada			Homo sapiens	8/23/22		Duggan et al		IIb	hMPXV-1	B.1.4	0.910217079	17702	563	4	mediocre	good	good	good	good		FALSE	"Duggan,A., Hole,D., Yadav,C., Knox,N., Tyler,A., Haidl,E., Chapel,M., Domselaar,G.V., Graham,M., Audet,J., Fernando,L., Antonation,K., Safronetz,D., Hagan,M., Peters,G., Go,A., Laminman,V., Kaplen,B., Leung,A., Griffiths,E., Jolly,G., Eshaghi,A., Gubbay,J.B., Hasso,M., Marchand-Austin,A., Olsha,R., Patel,S.N."	"National Microbiology Laboratory, Public Health Agency of Canada"
Monkeypox/PT0506/2022_Portugal_2022-08-16	OP555579	OP555579.1	Monkeypox/PT0506/2022	8/16/22	Europe	Portugal			Homo sapiens	9/30/22		Isidro et al		IIb	hMPXV-1	B.1	0.905283227	17649	547	0	mediocre	good	good	good	good		FALSE	"Isidro,J., Borges,V., Pinto,M., Sobral,D., Santos,J., Nunes,A., Mixao,V., Ferreira,R., Santos,D., Duarte,S., Vieira,L., Borrego,M.J., Nuncio,S., Lopes de Carvalho,I., Pelerito,A., Cordeiro,R., Gomes,J.P."	"National Institute of Health Doutor Ricardo Jorge, Portugal (INSA), Department of Infectious Diseases"
Monkeypox/PT0501/2022_Portugal_2022-08-16	OP555575	OP555575.1	Monkeypox/PT0501/2022	8/16/22	Europe	Portugal			Homo sapiens	9/30/22		Isidro et al		IIb	hMPXV-1	B.1.14	0.945560294	9808	585	0	mediocre	good	good	good	good		FALSE	"Isidro,J., Borges,V., Pinto,M., Sobral,D., Santos,J., Nunes,A., Mixao,V., Ferreira,R., Santos,D., Duarte,S., Vieira,L., Borrego,M.J., Nuncio,S., Lopes de Carvalho,I., Pelerito,A., Cordeiro,R., Gomes,J.P."	"National Institute of Health Doutor Ricardo Jorge, Portugal (INSA), Department of Infectious Diseases"
Monkeypox/PT0462/2022_Portugal_2022-08-05	OP555542	OP555542.1	Monkeypox/PT0462/2022	8/5/22	Europe	Portugal			Homo sapiens	9/30/22		Isidro et al		IIb	hMPXV-1	B.1	0.976050789	3879	596	0	good	good	good	good	good		FALSE	"Isidro,J., Borges,V., Pinto,M., Sobral,D., Santos,J., Nunes,A., Mixao,V., Ferreira,R., Santos,D., Duarte,S., Vieira,L., Borrego,M.J., Nuncio,S., Lopes de Carvalho,I., Pelerito,A., Cordeiro,R., Gomes,J.P."	"National Institute of Health Doutor Ricardo Jorge, Portugal (INSA), Department of Infectious Diseases"
MPX/PT0061/2022_Portugal_2022-08-01	OP245315	OP245315.1	MPX/PT0061/2022	8/1/22	Europe	Portugal			Homo sapiens	8/17/22		Isidro et al		IIb	hMPXV-1	B.1.5	0.956224107	7775	586	0	mediocre	good	good	good	good		FALSE	"Isidro,J., Borges,V., Pinto,M., Sobral,D., Santos,J., Nunes,A., Mixao,V., Ferreira,R., Santos,D., Duarte,S., Vieira,L., Borrego,M.J., Nuncio,S., Lopes de Carvalho,I., Pelerito,A., Cordeiro,R., Gomes,J.P."	"National Institute of Health Doutor Ricardo Jorge, Portugal (INSA), Department of Infectious Diseases"
Monkeypox/PT0524/2022_Portugal_2022-08-18	OP555595	OP555595.1	Monkeypox/PT0524/2022	8/18/22	Europe	Portugal			Homo sapiens	9/30/22		Isidro et al		IIb	hMPXV-1	B.1.3	0.972937341	3727	594	0	good	good	good	good	good		FALSE	"Isidro,J., Borges,V., Pinto,M., Sobral,D., Santos,J., Nunes,A., Mixao,V., Ferreira,R., Santos,D., Duarte,S., Vieira,L., Borrego,M.J., Nuncio,S., Lopes de Carvalho,I., Pelerito,A., Cordeiro,R., Gomes,J.P."	"National Institute of Health Doutor Ricardo Jorge, Portugal (INSA), Department of Infectious Diseases"
Monkeypox/PT0390/2022_Portugal_2022-07-11	OP555486	OP555486.1	Monkeypox/PT0390/2022	7/11/22	Europe	Portugal			Homo sapiens	9/30/22		Isidro et al		IIb	hMPXV-1	B.1.5	0.939191416	10438	565	0	mediocre	good	good	good	good		FALSE	"Isidro,J., Borges,V., Pinto,M., Sobral,D., Santos,J., Nunes,A., Mixao,V., Ferreira,R., Santos,D., Duarte,S., Vieira,L., Borrego,M.J., Nuncio,S., Lopes de Carvalho,I., Pelerito,A., Cordeiro,R., Gomes,J.P."	"National Institute of Health Doutor Ricardo Jorge, Portugal (INSA), Department of Infectious Diseases"
Monkeypox/PT0397/2022_Portugal_2022-07-15	OP555493	OP555493.1	Monkeypox/PT0397/2022	7/15/22	Europe	Portugal			Homo sapiens	9/30/22		Isidro et al		IIb	hMPXV-1	B.1	0.947568316	9662	584	0	mediocre	good	good	good	good		FALSE	"Isidro,J., Borges,V., Pinto,M., Sobral,D., Santos,J., Nunes,A., Mixao,V., Ferreira,R., Santos,D., Duarte,S., Vieira,L., Borrego,M.J., Nuncio,S., Lopes de Carvalho,I., Pelerito,A., Cordeiro,R., Gomes,J.P."	"National Institute of Health Doutor Ricardo Jorge, Portugal (INSA), Department of Infectious Diseases"
MPX/PT0114/2022_Portugal_2022-07-15	OP245348	OP245348.1	MPX/PT0114/2022	7/15/22	Europe	Portugal			Homo sapiens	8/17/22		Isidro et al		IIb	hMPXV-1	B.1.1	0.985487478	1252	602	0	good	good	good	good	good		FALSE	"Isidro,J., Borges,V., Pinto,M., Sobral,D., Santos,J., Nunes,A., Mixao,V., Ferreira,R., Santos,D., Duarte,S., Vieira,L., Borrego,M.J., Nuncio,S., Lopes de Carvalho,I., Pelerito,A., Cordeiro,R., Gomes,J.P."	"National Institute of Health Doutor Ricardo Jorge, Portugal (INSA), Department of Infectious Diseases"
Monkeypox/PT0382/2022_Portugal_2022-07-12	OP555478	OP555478.1	Monkeypox/PT0382/2022	7/12/22	Europe	Portugal			Homo sapiens	9/30/22		Isidro et al		IIb	hMPXV-1	B.1	0.987257174	1507	600	0	good	good	good	good	good		FALSE	"Isidro,J., Borges,V., Pinto,M., Sobral,D., Santos,J., Nunes,A., Mixao,V., Ferreira,R., Santos,D., Duarte,S., Vieira,L., Borrego,M.J., Nuncio,S., Lopes de Carvalho,I., Pelerito,A., Cordeiro,R., Gomes,J.P."	"National Institute of Health Doutor Ricardo Jorge, Portugal (INSA), Department of Infectious Diseases"
MPX/PT0071/2022_Portugal_2022-07-26	OP245325	OP245325.1	MPX/PT0071/2022	7/26/22	Europe	Portugal			Homo sapiens	8/17/22		Isidro et al		IIb	hMPXV-1	B.1.1	0.986795734	1050	603	0	good	good	good	good	good		FALSE	"Isidro,J., Borges,V., Pinto,M., Sobral,D., Santos,J., Nunes,A., Mixao,V., Ferreira,R., Santos,D., Duarte,S., Vieira,L., Borrego,M.J., Nuncio,S., Lopes de Carvalho,I., Pelerito,A., Cordeiro,R., Gomes,J.P."	"National Institute of Health Doutor Ricardo Jorge, Portugal (INSA), Department of Infectious Diseases"
MpxV/human/USA/WA-UW-082497/2022_USA_2022-08-XX	OP310064	OP310064.1	MpxV/human/USA/WA-UW-082497/2022	2022-08-XX	North America	USA	Washington		Homo sapiens	8/26/22	SRR21236121	Sereewit et al		IIb	hMPXV-1	B.1	1	0	608	0	good	good	good	good	good		FALSE	"Sereewit,J., Xie,H., Roychoudhury,P., Greninger,A.L."	"UW Virology, Laboratory Medicine"
MpxV/human/USA/WA-UW-087619/2022_USA_2022-08-XX	OP257262	OP257262.1	MpxV/human/USA/WA-UW-087619/2022	2022-08-XX	North America	USA	Washington		Homo sapiens	8/19/22	SRR21236082	Sereewit et al		IIb	hMPXV-1	B.1.3	0.999994929	1	610	0	good	good	good	good	good		FALSE	"Sereewit,J., Xie,H., Roychoudhury,P., Greninger,A.L."	"UW Virology, Laboratory Medicine"
MpxV/human/USA/OH-UW-082260/2022_USA_2022-08-XX	OP257256	OP257256.1	MpxV/human/USA/OH-UW-082260/2022	2022-08-XX	North America	USA	Ohio		Homo sapiens	8/19/22	SRR21236089	Sereewit et al		IIb	hMPXV-1	B.1	0.999984788	3	607	0	good	good	good	good	good		FALSE	"Sereewit,J., Xie,H., Roychoudhury,P., Greninger,A.L."	"UW Virology, Laboratory Medicine"
hMPXV/USA/NC-UNC-0018/2022_USA_2022-08-28	OP480417	OP480417.1	hMPXV/USA/NC-UNC-0018/2022	8/28/22	North America	USA	North Carolina		Homo sapiens	9/20/22		Deanhardt et al		IIb	hMPXV-1	B.1.2	0.975888524	3764	596	0	good	good	good	good	good		FALSE	"Deanhardt,B., Miller,M., Wang,J.R."	"University of North Carolina at Chapel Hill, Department of Genetics"
MPXV22/human/USA-OK-180_USA_2022-08-17	OP484341	OP484341.1	MPXV22/human/USA-OK-180	8/17/22	North America	USA	Oklahoma		Homo sapiens	9/21/22		Chapman et al		IIb	hMPXV-1	B.1.4	0.998874291	222	612	0	good	good	good	good	good		FALSE	"Chapman,R.C., Bernhard,K., McCutchen,E.L., Fauver,J.R., O'Dell,J.X., Mannell,M., Wiley,M.R., Cross,S.T."	"University of Nebraska Medical Center, Environmental, Agricultural, and Occupational Health"
LIM-INS-001_Peru_2022-06-25	OP289782	OP289782.1	LIM-INS-001	6/25/22	South America	Peru			Homo sapiens	8/24/22		Silva et al		IIb	hMPXV-1	B.1	1	0	607	0	good	good	good	good	good		FALSE	"Silva,I., Jimenez,V., Hurtado,V., Barcena,L."	"Instituto Nacional de Salud Peru, Laboratorio de Biotecnologia y Biologia Molecular"
LIM-INS-003_Peru_2022-06-27	OP289783	OP289783.1	LIM-INS-003	6/27/22	South America	Peru			Homo sapiens	8/24/22		Padilla et al		IIb	hMPXV-1	B.1	1	0	607	0	good	good	good	good	good		FALSE	"Padilla,C., Silva,I., Hurtado,V., Jimenez,V., Barcena,L., Mestanza,O., Lope,P., Nunez,A."	"Instituto Nacional de Salud Peru, Laboratorio de Biotecnologia y Biologia Molecular"
INS-MPXV-0015-L1_Colombia_2022-07-21	OP295382	OP295382.2	INS-MPXV-0015-L1	7/21/22	South America	Colombia	La Guajira		Homo sapiens	8/25/22		Laiton-Donato et al		IIb	hMPXV-1	B.1.10	0.960001825	4769	570	0	good	good	good	good	good		FALSE	"Laiton-Donato,K., Alvarez-Diaz,D.A., Franco-Munoz,C., Ruiz-Moreno,H.A., Rojas-Estevez,P., Rosales,A., Martinez,D., Flores,A.C., Prieto,F., Walteros,D., Gomez,S., Mercado-Reyes,M."	"Instituto Nacional de Salud, Direccion de Investigacion en Salud Publica"
INS-MPXV-0016-H1_Colombia_2022-07-29	OP295383	OP295383.2	INS-MPXV-0016-H1	7/29/22	South America	Colombia	Antioquia		Homo sapiens	8/25/22		Laiton-Donato et al		IIb	hMPXV-1	B.1	0.949956645	6750	561	0	good	good	good	good	good		FALSE	"Laiton-Donato,K., Alvarez-Diaz,D.A., Franco-Munoz,C., Ruiz-Moreno,H.A., Rojas-Estevez,P., Rosales,A., Martinez,D., Flores,A.C., Prieto,F., Walteros,D., Gomez,S., Mercado-Reyes,M."	"Instituto Nacional de Salud, Direccion de Investigacion en Salud Publica"
ANT_INS_MPX_0039_L_Colombia_2022-07-29	OP693649	OP693649.1	ANT_INS_MPX_0039_L	7/29/22	South America	Colombia	Antioquia		Homo sapiens	10/21/22		Laiton-Donato et al		IIb	hMPXV-1	B.1	0.861948491	27038	511	0	bad	good	good	good	good		FALSE	"Laiton-Donato,K., Alvarez-Diaz,D.A., Franco-Munoz,C., Ruiz-Moreno,H.A., Rojas-Estevez,P., Rosales,A., Martinez,D., Flores,A., Prieto,F., Walteros,D., Gomez,S., Mercado-Reyes,M."	"Instituto Nacional de Salud, Direccion de Investigacion en Salud Publica"
LIM-INS-018_Peru_2022-07-09	OP320551	OP320551.1	LIM-INS-018	7/9/22	South America	Peru			Homo sapiens	8/29/22		Padilla et al		IIb	hMPXV-1	B.1	1	0	607	0	good	good	good	good	good		FALSE	"Padilla,C., Silva,I., Hurtado,V., Jimenez,V., Barcena,L., Lope,P., Arotinco,G."	"Instituto Nacional de Salud Peru, Laboratorio de Biotecnologia y Biologia Molecular"
LIM-INS008_Peru_2022-07-01	OP320548	OP320548.1	LIM-INS008	7/1/22	South America	Peru			Homo sapiens	8/29/22		Padilla et al		IIb	hMPXV-1	B.1	1	0	607	0	good	good	good	good	good		FALSE	"Padilla,C., Silva,I., Hurtado,V., Jimenez,V., Barcena,L., Lope,P., Arotinco,G."	"Instituto Nacional de Salud Peru, Laboratorio de Biotecnologia y Biologia Molecular"
LIM-INS-015_Peru_2022-07-09	OP320550	OP320550.1	LIM-INS-015	7/9/22	South America	Peru			Homo sapiens	8/29/22		Padilla et al		IIb	hMPXV-1	B.1	1	0	607	0	good	good	good	good	good		FALSE	"Padilla,C., Silva,I., Hurtado,V., Jimenez,V., Barcena,L., Lope,P., Arotinco,G."	"Instituto Nacional de Salud Peru, Laboratorio de Biotecnologia y Biologia Molecular"
LIM-INS-010_Peru_2022-07-02	OP320549	OP320549.1	LIM-INS-010	7/2/22	South America	Peru			Homo sapiens	8/29/22		Padilla et al		IIb	hMPXV-1	B.1	0.999994929	1	607	0	good	good	good	good	good		FALSE	"Padilla,C., Silva,I., Hurtado,V., Jimenez,V., Barcena,L., Lope,P., Arotinco,G."	"Instituto Nacional de Salud Peru, Laboratorio de Biotecnologia y Biologia Molecular"
LIM-INS-021_Peru_2022-07-09	OP320555	OP320555.1	LIM-INS-021	7/9/22	South America	Peru			Homo sapiens	8/29/22		Padilla et al		IIb	hMPXV-1	B.1	1	0	607	0	good	good	good	good	good		FALSE	"Padilla,C., Silva,I., Hurtado,V., Jimenez,V., Barcena,L., Lope,P., Arotinco,G."	"Instituto Nacional de Salud Peru, Laboratorio de Biotecnologia y Biologia Molecular"
hMpxV/Netherlands/NH-AUMC-0060/2022_Netherlands_2022-08-05	OP341487	OP341487.1	hMpxV/Netherlands/NH-AUMC-0060/2022	8/5/22	Europe	Netherlands	North Holland	Amsterdam	Homo sapiens	8/31/22		Welkers et al		IIb	hMPXV-1	B.1	0.998930069	68	609	0	good	good	good	good	good		FALSE	"Welkers,M., Jonges,M., de Regt,M., Ooijevaar,R., Wagemakers,A."	"Amsterdam Medical Centres location AMC, Medical Microbiology & Infection Prevention"
SIC-AOUP-UNIPA_VL_9aug_Italy_2022-08-09	OP358276	OP358276.1	SIC-AOUP-UNIPA_VL_9aug	8/9/22	Europe	Italy			Homo sapiens	9/2/22		Tramuto et al		IIb	hMPXV-1	B.1.5	0.998088323	353	610	0	good	good	good	good	good		FALSE	"Tramuto,F."	"University of Palermo, Department of Health Promotion Sciences Maternal and Infant Care, Internal Medicine and Medical Specialties ""G. D'Alessandro"""
MPXV/Germany/2022/RKI400_Germany_2022-09-XX	OP524005	OP524005.1	MPXV/Germany/2022/RKI400	2022-09-XX	Europe	Germany			Homo sapiens	9/26/22		Brinkmann et al		IIb	hMPXV-1	B.1.1	0.996937259	604	604	0	good	good	good	good	good		FALSE	"Brinkmann,A., Kohl,C., Pape,K., Schrick,L., Michel,J., Schaade,L., Nitsche,A."	"Robert Koch Institute, Centre for Biological Threats, Highly Pathogenic Viruses"
MPXV/Germany/2022/ON/RKI413_Germany_2022-09-XX	OP588276	OP588276.1	MPXV/Germany/2022/ON/RKI413	2022-09-XX	Europe	Germany			Homo sapiens	10/5/22		Brinkmann et al		IIb	hMPXV-1	B.1	0.965189216	362	580	0	good	good	good	good	good		FALSE	"Brinkmann,A., Kohl,C., Pape,K., Schrick,L., Michel,J., Schaade,L., Nitsche,A."	"Robert Koch Institute, Centre for Biological Threats, Highly Pathogenic Viruses"
MPXV/Germany/2022/ON/RKI464_Germany_2022-09-XX	OP615334	OP615334.1	MPXV/Germany/2022/ON/RKI464	2022-09-XX	Europe	Germany			Homo sapiens	10/12/22		Brinkmann et al		IIb	hMPXV-1	B.1	0.962410438	903	578	0	good	good	good	good	good		FALSE	"Brinkmann,A., Kohl,C., Pape,K., Schrick,L., Michel,J., Schaade,L., Nitsche,A."	"Robert Koch Institute, Centre for Biological Threats, Highly Pathogenic Viruses"
MPXV/Germany/2022/ON/RKI460_Germany_2022-09-XX	OP615333	OP615333.1	MPXV/Germany/2022/ON/RKI460	2022-09-XX	Europe	Germany			Homo sapiens	10/12/22		Brinkmann et al		IIb	hMPXV-1	B.1	0.960671166	1245	575	0	good	good	good	good	good		FALSE	"Brinkmann,A., Kohl,C., Pape,K., Schrick,L., Michel,J., Schaade,L., Nitsche,A."	"Robert Koch Institute, Centre for Biological Threats, Highly Pathogenic Viruses"
MPXV/Germany/2022/ON/RKI419_Germany_2022-09-XX	OP588282	OP588282.1	MPXV/Germany/2022/ON/RKI419	2022-09-XX	Europe	Germany			Homo sapiens	10/5/22		Brinkmann et al		IIb	hMPXV-1	B.1	0.964910324	411	582	0	good	good	good	good	good		FALSE	"Brinkmann,A., Kohl,C., Pape,K., Schrick,L., Michel,J., Schaade,L., Nitsche,A."	"Robert Koch Institute, Centre for Biological Threats, Highly Pathogenic Viruses"
hMPXV-IHU00003_France_2022-07-04	OP382480	OP382480.1	hMPXV-IHU00003	7/4/22	Europe	France			Homo sapiens	9/7/22		Colson et al		IIb	hMPXV-1	B.1	0.999994929	1	605	0	good	good	good	good	good		FALSE	"Colson,P."	"IHU - Mediterranee Infection, MEPHI"
hMPXV-IHU00002_France_2022-07-01	OP382479	OP382479.1	hMPXV-IHU00002	7/1/22	Europe	France			Homo sapiens	9/7/22		Colson et al		IIb	hMPXV-1	B.1.1	1	0	606	0	good	good	good	good	good		FALSE	"Colson,P."	"IHU - Mediterranee Infection, MEPHI"
hMPXV-IHU00011_France_2022-07-19	OP382488	OP382488.1	hMPXV-IHU00011	7/19/22	Europe	France			Homo sapiens	9/7/22		Colson et al		IIb	hMPXV-1	B.1.1	0.993894802	1139	598	0	good	good	good	good	good		FALSE	"Colson,P."	"IHU - Mediterranee Infection, MEPHI"
hMPXV-IHU00008_France_2022-07-05	OP382485	OP382485.1	hMPXV-IHU00008	7/5/22	Europe	France			Homo sapiens	9/7/22		Colson et al		IIb	hMPXV-1	B.1.12	0.934414758	12770	571	0	mediocre	good	good	good	good		FALSE	"Colson,P."	"IHU - Mediterranee Infection, MEPHI"
hMPXV-IHU00006_France_2022-07-04	OP382483	OP382483.1	hMPXV-IHU00006	7/4/22	Europe	France			Homo sapiens	9/7/22		Colson et al		IIb	hMPXV-1	B.1	0.964727776	6816	581	0	good	good	good	good	good		FALSE	"Colson,P."	"IHU - Mediterranee Infection, MEPHI"
ANT-LDSP-ANT-MPX-23654-O_Colombia_2022-08-30	OP459217	OP459217.1	ANT-LDSP-ANT-MPX-23654-O	8/30/22	South America	Colombia	Antioquia	Medellin	Homo sapiens	9/19/22		Betancur et al		IIb	hMPXV-1	B.1.10	0.913335598	16991	536	0	mediocre	good	good	good	good		FALSE	"Betancur,I.I.B., Velarde-Hoyos,C.-A.C.V., Gomez,R.R.G., Mercado-Reyes,M.M.R."	Laboratorio Departamental de Salud Publica de Antioquia
ANT-LDSP-ANT-MPX-23628-C_Colombia_2022-08-30	OP459213	OP459213.1	ANT-LDSP-ANT-MPX-23628-C	8/30/22	South America	Colombia	Antioquia	Medellin	Homo sapiens	9/19/22		Betancur et al		IIb	hMPXV-1	B.1.10	0.837522628	28923	480	0	bad	good	good	good	good		FALSE	"Betancur,I.I.B., Velarde-Hoyos,C.-A.C.V., Gomez,R.R.G., Mercado-Reyes,M.M.R."	Laboratorio Departamental de Salud Publica de Antioquia
ANT-LDSP-ANT-MPX-22751-L_Colombia_2022-08-17	OP431400	OP431400.1	ANT-LDSP-ANT-MPX-22751-L	8/17/22	South America	Colombia	Antioquia	Itagui	Homo sapiens	9/14/22		Betancur et al		IIb	hMPXV-1	B.1	0.869843668	25568	507	0	bad	good	good	good	good		FALSE	"Betancur,I.I.B., Velarde-Hoyos,C.-A.C.V., Gomez,R.R.G., Mercado-Reyes,M.M.R."	"Laboratorio Departamental de Salud Publica de Antioquia, Antioquia"
MAG-UNIMOL-MPX-292982-L_Colombia_2022-08-20	OP390178	OP390178.1	MAG-UNIMOL-MPX-292982-L	8/20/22	South America	Colombia	Magdalena	Santa Marta (Magdalena)	Homo sapiens	9/8/22		Loyola et al		IIb	hMPXV-1	B.1.11	0.891729079	21252	523	0	bad	good	good	good	good		FALSE	"Loyola,S., Fernandez-Ruiz,M., Torres-Pacheco,J., Franco-Munoz,C., Laiton-Donato,K., Ruiz-Moreno,H., Mercado-Reyes,M., Gomez-Camargo,D."	"Universidad de Cartagena, Laboratorio de Investigacion Molecular (UNIMOL)"
ANT-LDSP-ANT-MPX-23645-L_Colombia_2022-08-30	OP459215	OP459215.1	ANT-LDSP-ANT-MPX-23645-L	8/30/22	South America	Colombia	Antioquia	Envigado	Homo sapiens	9/19/22		Betancur et al		IIb	hMPXV-1	B.1.10	0.89013686	21180	521	0	bad	good	good	good	good		FALSE	"Betancur,I.I.B., Velarde-Hoyos,C.-A.C.V., Gomez,R.R.G., Mercado-Reyes,M.M.R."	Laboratorio Departamental de Salud Publica de Antioquia
9000404_UnitedKingdom_2022-08-XX	OP536780	OP536780.1	9000404	2022-08-XX	Europe	United Kingdom			Homo sapiens	9/27/22		Groves et al		IIb	hMPXV-1	B.1.3	0.999974646	0	612	5	good	good	good	good	good		FALSE	"Groves,N., Osman,K.L., Lewandowski,K.S., Carter,D.P., Pullan,S.T., Myers,R., Vipond,R., Chand,M."	"UKHSA, Research and Evaluation"
9000383_UnitedKingdom_2022-08-XX	OP536762	OP536762.1	9000383	2022-08-XX	Europe	United Kingdom			Homo sapiens	9/27/22		Groves et al		IIb	hMPXV-1	B.1.7	0.999984788	0	607	3	good	good	good	good	good	NBT03_gp174:127-177	FALSE	"Groves,N., Osman,K.L., Lewandowski,K.S., Carter,D.P., Pullan,S.T., Myers,R., Vipond,R., Chand,M."	"UKHSA, Research and Evaluation"
MPX_vBjMTK_9000255_UnitedKingdom_2022-08-XX	OP415225	OP415225.1	MPX_vBjMTK_9000255	2022-08-XX	Europe	United Kingdom			Homo sapiens	9/12/22		Groves et al		IIb	hMPXV-1	B.1	0.999979717	4	611	0	good	good	good	good	good		FALSE	"Groves,N., Osman,K.L., Lewandowski,K.S., Carter,D.P., Pullan,S.T., Myers,R., Vipond,R., Chand,M."	"UKHSA, Research and Evaluation"
MPX_k9tr7U_9000256_UnitedKingdom_2022-08-XX	OP415226	OP415226.1	MPX_k9tr7U_9000256	2022-08-XX	Europe	United Kingdom			Homo sapiens	9/12/22		Groves et al		IIb	hMPXV-1	B.1	1	0	605	0	good	good	good	good	good		FALSE	"Groves,N., Osman,K.L., Lewandowski,K.S., Carter,D.P., Pullan,S.T., Myers,R., Vipond,R., Chand,M."	"UKHSA, Research and Evaluation"
9000390_UnitedKingdom_2022-08-XX	OP536768	OP536768.1	9000390	2022-08-XX	Europe	United Kingdom			Homo sapiens	9/27/22		Groves et al		IIb	hMPXV-1	B.1.2	1	0	611	0	good	good	good	good	good		FALSE	"Groves,N., Osman,K.L., Lewandowski,K.S., Carter,D.P., Pullan,S.T., Myers,R., Vipond,R., Chand,M."	"UKHSA, Research and Evaluation"
MPX_96X1Vd_9000218_UnitedKingdom_2022-03-XX	OP415196	OP415196.1	MPX_96X1Vd_9000218	2022-03-XX	Europe	United Kingdom			Homo sapiens	9/12/22		Groves et al		IIb	hMPXV-1	B.1	0.999954363	9	605	0	good	good	good	good	good		FALSE	"Groves,N., Osman,K.L., Lewandowski,K.S., Carter,D.P., Pullan,S.T., Myers,R., Vipond,R., Chand,M."	"UKHSA, Research and Evaluation"
MPX_96X1Vd_9000216_UnitedKingdom_2022-03-XX	OP415194	OP415194.1	MPX_96X1Vd_9000216	2022-03-XX	Europe	United Kingdom			Homo sapiens	9/12/22		Groves et al		IIb	hMPXV-1	B.1	0.999411792	116	604	0	good	good	good	good	good		FALSE	"Groves,N., Osman,K.L., Lewandowski,K.S., Carter,D.P., Pullan,S.T., Myers,R., Vipond,R., Chand,M."	"UKHSA, Research and Evaluation"
MPX_96X1Vd_9000217_UnitedKingdom_2022-03-XX	OP415195	OP415195.1	MPX_96X1Vd_9000217	2022-03-XX	Europe	United Kingdom			Homo sapiens	9/12/22		Groves et al		IIb	hMPXV-1	B.1	0.999959434	8	605	0	good	good	good	good	good		FALSE	"Groves,N., Osman,K.L., Lewandowski,K.S., Carter,D.P., Pullan,S.T., Myers,R., Vipond,R., Chand,M."	"UKHSA, Research and Evaluation"
hMPXV/Austria/MUW1540386/2022_Austria_2022-08-08	OP422343	OP422343.1	hMPXV/Austria/MUW1540386/2022	8/8/22	Europe	Austria			Homo sapiens	9/13/22		Camp et al		IIb	hMPXV-1	B.1	1	0	607	0	good	good	good	good	good		FALSE	"Camp,J.V., Redlberger-Fritz,M., Aberle,S.W."	"Medical University of Vienna, Center for Virology"
hMPXV/Austria/MUW1538395/2022_Austria_2022-08-01	OP422341	OP422341.1	hMPXV/Austria/MUW1538395/2022	8/1/22	Europe	Austria			Homo sapiens	9/13/22		Camp et al		IIb	hMPXV-1	B.1	1	0	607	0	good	good	good	good	good		FALSE	"Camp,J.V., Redlberger-Fritz,M., Aberle,S.W."	"Medical University of Vienna, Center for Virology"
hMPXV/Austria/MUW1539124/2022_Austria_2022-08-02	OP422342	OP422342.1	hMPXV/Austria/MUW1539124/2022	8/2/22	Europe	Austria			Homo sapiens	9/13/22		Camp et al		IIb	hMPXV-1	B.1	1	0	608	0	good	good	good	good	good		FALSE	"Camp,J.V., Redlberger-Fritz,M., Aberle,S.W."	"Medical University of Vienna, Center for Virology"
hMPX/USA/CA-LACPHL-MA00167/2022_USA_2022-09-19	OP580600	OP580600.1	hMPX/USA/CA-LACPHL-MA00167/2022	9/19/22	North America	USA			Homo sapiens	10/4/22		Hemarajata et al		IIb	hMPXV-1	B.1.3	0.983195493	2197	600	0	good	good	good	good	good		FALSE	"Hemarajata,P., Green,N.M., Garrigues,J.M."	"Los Angeles County Public Health Laboratories, Los Angeles County Department of Public Health"
MpxV/human/USA/WA-UW-090727/2022_USA_2022-09-XX	OP628488	OP628488.1	MpxV/human/USA/WA-UW-090727/2022	2022-09-XX	North America	USA	Washington		Homo sapiens	10/13/22		Sereewit et al		IIb	hMPXV-1	B.1	1	0	607	0	good	good	good	good	good		FALSE	"Sereewit,J., Xie,H., Roychoudhury,P., Greninger,A.L."	"UW Virology, Laboratory Medicine"
MpxV/human/USA/WA-UW-099479/2022_USA_2022-09-XX	OP743968	OP743968.1	MpxV/human/USA/WA-UW-099479/2022	2022-09-XX	North America	USA	Washington		Homo sapiens	10/31/22		Sereewit et al		IIb	hMPXV-1	B.1.11	1	0	610	0	good	good	good	good	good		FALSE	"Sereewit,J., Xie,H., Roychoudhury,P., Greninger,A.L."	"UW Virology, Laboratory Medicine"
MpxV/human/USA/WA-UW-091162/2022_USA_2022-09-XX	OP743980	OP743980.1	MpxV/human/USA/WA-UW-091162/2022	2022-09-XX	North America	USA	Washington		Homo sapiens	10/31/22		Sereewit et al		IIb	hMPXV-1	B.1.11	0.999903656	19	611	0	good	good	good	good	good		FALSE	"Sereewit,J., Xie,H., Roychoudhury,P., Greninger,A.L."	"UW Virology, Laboratory Medicine"
MpxV/human/USA/WA-UW-091072/2022_USA_2022-09-XX	OP715788	OP715788.1	MpxV/human/USA/WA-UW-091072/2022	2022-09-XX	North America	USA	Washington		Homo sapiens	10/25/22		Sereewit et al		IIb	hMPXV-1	B.1.11	0.999994929	0	610	1	good	good	good	good	good		FALSE	"Sereewit,J., Xie,H., Roychoudhury,P., Greninger,A.L."	"UW Virology, Laboratory Medicine"
9000399_UnitedKingdom_2022-09-XX	OP536777	OP536777.1	9000399	2022-09-XX	Europe	United Kingdom			Homo sapiens	9/27/22		Groves et al		IIb	hMPXV-1	B.1.7	1	0	608	0	good	good	good	good	good		FALSE	"Groves,N., Osman,K.L., Lewandowski,K.S., Carter,D.P., Pullan,S.T., Myers,R., Vipond,R., Chand,M."	"UKHSA, Research and Evaluation"
9000452_UnitedKingdom_2022-09-XX	OP536814	OP536814.1	9000452	2022-09-XX	Europe	United Kingdom			Homo sapiens	9/27/22		Groves et al		IIb	hMPXV-1	B.1.7	0.999994929	0	608	1	good	good	good	good	good		FALSE	"Groves,N., Osman,K.L., Lewandowski,K.S., Carter,D.P., Pullan,S.T., Myers,R., Vipond,R., Chand,M."	"UKHSA, Research and Evaluation"
9000430_UnitedKingdom_2022-09-XX	OP536802	OP536802.1	9000430	2022-09-XX	Europe	United Kingdom			Homo sapiens	9/27/22		Groves et al		IIb	hMPXV-1	B.1	0.999994929	0	608	1	good	good	good	good	good		FALSE	"Groves,N., Osman,K.L., Lewandowski,K.S., Carter,D.P., Pullan,S.T., Myers,R., Vipond,R., Chand,M."	"UKHSA, Research and Evaluation"
9000407_UnitedKingdom_2022-09-XX	OP536783	OP536783.1	9000407	2022-09-XX	Europe	United Kingdom			Homo sapiens	9/27/22		Groves et al		IIb	hMPXV-1	B.1.7	0.999913797	1	613	0	good	good	good	good	good	NBT03_gp174:127-177	FALSE	"Groves,N., Osman,K.L., Lewandowski,K.S., Carter,D.P., Pullan,S.T., Myers,R., Vipond,R., Chand,M."	"UKHSA, Research and Evaluation"
9000403_UnitedKingdom_2022-09-XX	OP536779	OP536779.1	9000403	2022-09-XX	Europe	United Kingdom			Homo sapiens	9/27/22		Groves et al		IIb	hMPXV-1	B.1.3	1	0	612	0	good	good	good	good	good	NBT03_gp174:127-177	FALSE	"Groves,N., Osman,K.L., Lewandowski,K.S., Carter,D.P., Pullan,S.T., Myers,R., Vipond,R., Chand,M."	"UKHSA, Research and Evaluation"
Monkeypox/PT0572/2022_Portugal_2022-09-05	OP555643	OP555643.1	Monkeypox/PT0572/2022	9/5/22	Europe	Portugal			Homo sapiens	9/30/22		Isidro et al		IIb	hMPXV-1	B.1	0.969403019	5244	600	0	good	good	good	good	good		FALSE	"Isidro,J., Borges,V., Pinto,M., Sobral,D., Santos,J., Nunes,A., Mixao,V., Ferreira,R., Santos,D., Duarte,S., Vieira,L., Borrego,M.J., Nuncio,S., Lopes de Carvalho,I., Pelerito,A., Cordeiro,R., Gomes,J.P."	"National Institute of Health Doutor Ricardo Jorge, Portugal (INSA), Department of Infectious Diseases"
Monkeypox/PT0580/2022_Portugal_2022-09-09	OP555651	OP555651.1	Monkeypox/PT0580/2022	9/9/22	Europe	Portugal			Homo sapiens	9/30/22		Isidro et al		IIb	hMPXV-1	B.1	0.962567631	5772	575	0	good	good	good	good	good		FALSE	"Isidro,J., Borges,V., Pinto,M., Sobral,D., Santos,J., Nunes,A., Mixao,V., Ferreira,R., Santos,D., Duarte,S., Vieira,L., Borrego,M.J., Nuncio,S., Lopes de Carvalho,I., Pelerito,A., Cordeiro,R., Gomes,J.P."	"National Institute of Health Doutor Ricardo Jorge, Portugal (INSA), Department of Infectious Diseases"
Monkeypox/PT0568/2022_Portugal_2022-09-02	OP555639	OP555639.1	Monkeypox/PT0568/2022	9/2/22	Europe	Portugal			Homo sapiens	9/30/22		Isidro et al		IIb	hMPXV-1	B.1	0.974316588	3463	595	0	good	good	good	good	good		FALSE	"Isidro,J., Borges,V., Pinto,M., Sobral,D., Santos,J., Nunes,A., Mixao,V., Ferreira,R., Santos,D., Duarte,S., Vieira,L., Borrego,M.J., Nuncio,S., Lopes de Carvalho,I., Pelerito,A., Cordeiro,R., Gomes,J.P."	"National Institute of Health Doutor Ricardo Jorge, Portugal (INSA), Department of Infectious Diseases"
Monkeypox/PT0571/2022_Portugal_2022-09-05	OP555642	OP555642.1	Monkeypox/PT0571/2022	9/5/22	Europe	Portugal			Homo sapiens	9/30/22		Isidro et al		IIb	hMPXV-1	B.1	0.939607219	11170	586	0	mediocre	good	good	good	good		FALSE	"Isidro,J., Borges,V., Pinto,M., Sobral,D., Santos,J., Nunes,A., Mixao,V., Ferreira,R., Santos,D., Duarte,S., Vieira,L., Borrego,M.J., Nuncio,S., Lopes de Carvalho,I., Pelerito,A., Cordeiro,R., Gomes,J.P."	"National Institute of Health Doutor Ricardo Jorge, Portugal (INSA), Department of Infectious Diseases"
Monkeypox/PT0567/2022_Portugal_2022-09-03	OP555638	OP555638.1	Monkeypox/PT0567/2022	9/3/22	Europe	Portugal			Homo sapiens	9/30/22		Isidro et al		IIb	hMPXV-1	B.1	0.979275794	3099	596	0	good	good	good	good	good		FALSE	"Isidro,J., Borges,V., Pinto,M., Sobral,D., Santos,J., Nunes,A., Mixao,V., Ferreira,R., Santos,D., Duarte,S., Vieira,L., Borrego,M.J., Nuncio,S., Lopes de Carvalho,I., Pelerito,A., Cordeiro,R., Gomes,J.P."	"National Institute of Health Doutor Ricardo Jorge, Portugal (INSA), Department of Infectious Diseases"
Slovenia-MPXV-21-2022_Slovenia_2022-07-XX	OP605563	OP605563.1	Slovenia-MPXV-21-2022	2022-07-XX	Europe	Slovenia			Homo sapiens	10/11/22		Zakotnik et al		IIb	hMPXV-1	B.1	0.880791445	22017	507	0	bad	good	good	mediocre	good	"OPG096:47-93,OPG163:80-177,OPG208:143-358"	FALSE	"Zakotnik,S., Vlaj,D., Suljic,A., Zorec,T.M., Korva,M., Poljak,M., Avsic Zupanc,T."	"Institute of Microbiology and Immunology, Faculty of Medicine, University of Ljubljana, Laboratory for Diagnostics of Zoonoses and WHO Centre"
Slovenia-MPXV-18-2022_Slovenia_2022-07-XX	OP605560	OP605560.1	Slovenia-MPXV-18-2022	2022-07-XX	Europe	Slovenia			Homo sapiens	10/11/22		Zakotnik et al		IIb	hMPXV-1	B.1.3	0.924800592	13434	540	0	mediocre	good	good	good	good	OPG092:111-114	FALSE	"Zakotnik,S., Vlaj,D., Suljic,A., Zorec,T.M., Korva,M., Poljak,M., Avsic Zupanc,T."	"Institute of Microbiology and Immunology, Faculty of Medicine, University of Ljubljana, Laboratory for Diagnostics of Zoonoses and WHO Centre"
Slovenia-MPXV-19-2022_Slovenia_2022-07-XX	OP605561	OP605561.1	Slovenia-MPXV-19-2022	2022-07-XX	Europe	Slovenia			Homo sapiens	10/11/22		Zakotnik et al		IIb	hMPXV-1	B.1	0.890770705	20008	510	0	mediocre	good	good	mediocre	good	"OPG068:460-568,OPG085:237-592,OPG096:69-93"	FALSE	"Zakotnik,S., Vlaj,D., Suljic,A., Zorec,T.M., Korva,M., Poljak,M., Avsic Zupanc,T."	"Institute of Microbiology and Immunology, Faculty of Medicine, University of Ljubljana, Laboratory for Diagnostics of Zoonoses and WHO Centre"
Slovenia-MPXV-22-2022_Slovenia_2022-07-XX	OP605564	OP605564.1	Slovenia-MPXV-22-2022	2022-07-XX	Europe	Slovenia			Homo sapiens	10/11/22		Zakotnik et al		IIb	hMPXV-1	B.1.3	0.942147671	10088	553	0	mediocre	good	good	good	good		FALSE	"Zakotnik,S., Vlaj,D., Suljic,A., Zorec,T.M., Korva,M., Poljak,M., Avsic Zupanc,T."	"Institute of Microbiology and Immunology, Faculty of Medicine, University of Ljubljana, Laboratory for Diagnostics of Zoonoses and WHO Centre"
Slovenia-MPXV-25-2022_Slovenia_2022-07-XX	OP605567	OP605567.1	Slovenia-MPXV-25-2022	2022-07-XX	Europe	Slovenia			Homo sapiens	10/11/22		Zakotnik et al		IIb	hMPXV-1	B.1	0.939541299	11099	545	0	mediocre	good	good	good	good	OPG210:487-821	FALSE	"Zakotnik,S., Vlaj,D., Suljic,A., Zorec,T.M., Korva,M., Poljak,M., Avsic Zupanc,T."	"Institute of Microbiology and Immunology, Faculty of Medicine, University of Ljubljana, Laboratory for Diagnostics of Zoonoses and WHO Centre"
Slovenia-MPXV-40-2022_Slovenia_2022-08-XX	OP605581	OP605581.1	Slovenia-MPXV-40-2022	2022-08-XX	Europe	Slovenia			Homo sapiens	10/11/22		Zakotnik et al		IIb	hMPXV-1	B.1.3	0.975553854	4775	587	0	good	good	good	good	good		FALSE	"Zakotnik,S., Vlaj,D., Suljic,A., Zorec,T.M., Korva,M., Poljak,M., Avsic Zupanc,T."	"Institute of Microbiology and Immunology, Faculty of Medicine, University of Ljubljana, Laboratory for Diagnostics of Zoonoses and WHO Centre"
Slovenia-MPXV-43-2022_Slovenia_2022-08-XX	OP605584	OP605584.1	Slovenia-MPXV-43-2022	2022-08-XX	Europe	Slovenia			Homo sapiens	10/11/22		Zakotnik et al		IIb	hMPXV-1	B.1	0.999873231	19	610	0	good	good	good	good	good		FALSE	"Zakotnik,S., Vlaj,D., Suljic,A., Zorec,T.M., Korva,M., Poljak,M., Avsic Zupanc,T."	"Institute of Microbiology and Immunology, Faculty of Medicine, University of Ljubljana, Laboratory for Diagnostics of Zoonoses and WHO Centre"
Slovenia-MPXV-41-2022_Slovenia_2022-08-XX	OP605582	OP605582.1	Slovenia-MPXV-41-2022	2022-08-XX	Europe	Slovenia			Homo sapiens	10/11/22		Zakotnik et al		IIb	hMPXV-1	B.1	0.975903737	4698	576	0	good	good	good	good	good		FALSE	"Zakotnik,S., Vlaj,D., Suljic,A., Zorec,T.M., Korva,M., Poljak,M., Avsic Zupanc,T."	"Institute of Microbiology and Immunology, Faculty of Medicine, University of Ljubljana, Laboratory for Diagnostics of Zoonoses and WHO Centre"
Slovenia-MPXV-42-2022_Slovenia_2022-08-XX	OP605583	OP605583.1	Slovenia-MPXV-42-2022	2022-08-XX	Europe	Slovenia			Homo sapiens	10/11/22		Zakotnik et al		IIb	hMPXV-1	B.1.2	0.99953349	43	613	0	good	good	good	good	good		FALSE	"Zakotnik,S., Vlaj,D., Suljic,A., Zorec,T.M., Korva,M., Poljak,M., Avsic Zupanc,T."	"Institute of Microbiology and Immunology, Faculty of Medicine, University of Ljubljana, Laboratory for Diagnostics of Zoonoses and WHO Centre"
Slovenia-MPXV-44-2022_Slovenia_2022-08-XX	OP605585	OP605585.1	Slovenia-MPXV-44-2022	2022-08-XX	Europe	Slovenia			Homo sapiens	10/11/22		Zakotnik et al		IIb	hMPXV-1	B.1.3	1	0	613	0	good	good	good	good	good		FALSE	"Zakotnik,S., Vlaj,D., Suljic,A., Zorec,T.M., Korva,M., Poljak,M., Avsic Zupanc,T."	"Institute of Microbiology and Immunology, Faculty of Medicine, University of Ljubljana, Laboratory for Diagnostics of Zoonoses and WHO Centre"
Slovenia-MPXV-48-2022_Slovenia_2022-09-XX	OP605589	OP605589.1	Slovenia-MPXV-48-2022	2022-09-XX	Europe	Slovenia			Homo sapiens	10/11/22		Zakotnik et al		IIb	hMPXV-1	B.1	0.727456658	51795	400	0	bad	good	good	mediocre	good	"OPG097:271-345,OPG208:109-358"	FALSE	"Zakotnik,S., Vlaj,D., Suljic,A., Zorec,T.M., Korva,M., Poljak,M., Avsic Zupanc,T."	"Institute of Microbiology and Immunology, Faculty of Medicine, University of Ljubljana, Laboratory for Diagnostics of Zoonoses and WHO Centre"
ANT-LDSP-ANT-MPX-24446-E_Colombia_2022-09-02	OP642391	OP642391.1	ANT-LDSP-ANT-MPX-24446-E	9/2/22	South America	Colombia	Antioquia	Medellin	Homo sapiens	10/17/22		Betancur et al		IIb	hMPXV-1	B.1.10	0.812645467	31603	460	0	bad	good	good	good	good		FALSE	"Betancur,I.I.B., Velarde-Hoyos,C.-A.C.V., Gomez,R.R.G., Mercado-Reyes,M.M.R."	"Laboratorio Departamental de Salud Publica de Antioquia, Antioquia"
ANT-LDSP-ANT-MPX-25298C_Colombia_2022-09-05	OP642410	OP642410.1	ANT-LDSP-ANT-MPX-25298C	9/5/22	South America	Colombia	Antioquia	Medellin		10/17/22		Betancur et al		IIb	hMPXV-1	B.1	0.754062948	45819	430	0	bad	good	good	good	good	OPG199:313-345	FALSE	"Betancur,I.I.B., Velarde-Hoyos,C.-A.C.V., Gomez,R.R.G., Mercado-Reyes,M.M.R."	"Laboratorio Departamental de Salud Publica de Antioquia, Antioquia"
ANT-LDSP-ANT-MPX-24945C_Colombia_2022-09-12	OP642400	OP642400.1	ANT-LDSP-ANT-MPX-24945C	9/12/22	South America	Colombia	Antioquia	Medellin		10/17/22		Betancur et al		IIb	hMPXV-1	B.1.10	0.765639499	40874	424	0	bad	good	good	good	good		FALSE	"Betancur,I.I.B., Velarde-Hoyos,C.-A.C.V., Gomez,R.R.G., Mercado-Reyes,M.M.R."	"Laboratorio Departamental de Salud Publica de Antioquia, Antioquia"
ANT-LDSP-ANT-MPX-24812-L_Colombia_2022-09-09	OP642382	OP642382.1	ANT-LDSP-ANT-MPX-24812-L	9/9/22	South America	Colombia	Antioquia	Medellin	Homo sapiens	10/17/22		Betancur et al		IIb	hMPXV-1	B.1	0.887256667	16890	507	0	mediocre	good	good	good	good		FALSE	"Betancur,I.I.B., Velarde-Hoyos,C.-A.C.V., Gomez,R.R.G., Mercado-Reyes,M.M.R."	"Laboratorio Departamental de Salud Publica de Antioquia, Antioquia"
ANT-LDSP-ANT-MPX-24593-O_Colombia_2022-09-07	OP642377	OP642377.1	ANT-LDSP-ANT-MPX-24593-O	9/7/22	South America	Colombia	Antioquia	Medellin	Homo sapiens	10/17/22		Betancur et al		IIb	hMPXV-1	B.1.10	0.858525727	27800	504	0	bad	good	good	good	good		FALSE	"Betancur,I.I.B., Velarde-Hoyos,C.-A.C.V., Gomez,R.R.G., Mercado-Reyes,M.M.R."	"Laboratorio Departamental de Salud Publica de Antioquia, Antioquia"
MpxV/human/USA/Unknown-UW-101667/2022_USA_2022-10-XX	OP744000	OP744000.1	MpxV/human/USA/Unknown-UW-101667/2022	2022-10-XX	North America	USA	USA		Homo sapiens	10/31/22	SRR22094392	Sereewit et al		IIb	hMPXV-1	B.1	0.999913797	17	609	0	good	good	good	good	good		FALSE	"Sereewit,J., Xie,H., Roychoudhury,P., Greninger,A.L."	"UW Virology, Laboratory Medicine"
Monkeypoxvirus/Human/USA/CA-LACPHL-MA00225/2022_USA_2022-10-03	OP680503	OP680503.1	Monkeypox virus/Human/USA/CA-LACPHL-MA00225/2022	10/3/22	North America	USA			Homo sapiens	10/19/22		Hemarajata et al		IIb	hMPXV-1	B.1	0.989544088	512	602	0	good	good	good	good	good		FALSE	"Hemarajata,P., Green,N.M., Garrigues,J.M."	"Los Angeles County Public Health Laboratories, Los Angeles County Department of Public Health"
Monkeypoxvirus/Human/USA/CA-LACPHL-MA00260/2022_USA_2022-10-17	OP748946	OP748946.1	Monkeypox virus/Human/USA/CA-LACPHL-MA00260/2022	10/17/22	North America	USA			Homo sapiens	11/1/22		Hemarajata et al		IIb	hMPXV-1	B.1	0.973033685	4626	595	0	good	good	good	good	good		FALSE	"Hemarajata,P., Green,N.M., Garrigues,J.M."	"Los Angeles County Public Health Laboratories, Los Angeles County Department of Public Health"
Monkeypoxvirus/Human/USA/CA-LACPHL-MA00281/2022_USA_2022-10-18	OP748967	OP748967.1	Monkeypox virus/Human/USA/CA-LACPHL-MA00281/2022	10/18/22	North America	USA			Homo sapiens	11/1/22		Hemarajata et al		IIb	hMPXV-1	B.1	0.968170824	4720	594	1	good	good	good	good	good		FALSE	"Hemarajata,P., Green,N.M., Garrigues,J.M."	"Los Angeles County Public Health Laboratories, Los Angeles County Department of Public Health"
Monkeypoxvirus/Human/USA/CA-LACPHL-MA00283/2022_USA_2022-10-19	OP748969	OP748969.1	Monkeypox virus/Human/USA/CA-LACPHL-MA00283/2022	10/19/22	North America	USA			Homo sapiens	11/1/22		Hemarajata et al		IIb	hMPXV-1	B.1	0.99009173	567	601	1	good	good	good	good	good		FALSE	"Hemarajata,P., Green,N.M., Garrigues,J.M."	"Los Angeles County Public Health Laboratories, Los Angeles County Department of Public Health"
MPXV/Germany/2022/RKI571_Germany_2022-10-XX	OP764629	OP764629.1	MPXV/Germany/2022/RKI571	2022-10-XX	Europe	Germany			Homo sapiens	11/3/22		Brinkmann et al		IIb	hMPXV-1	B.1	0.998940211	209	606	0	good	good	good	good	good		FALSE	"Brinkmann,A., Kohl,C., Pape,K., Schrick,L., Michel,J., Schaade,L., Nitsche,A."	"Robert Koch Institute, Centre for Biological Threats, Highly Pathogenic Viruses"
MPXV/Germany/2022/ON/RKI511_Germany_2022-10-XX	OP689664	OP689664.1	MPXV/Germany/2022/ON/RKI511	2022-10-XX	Europe	Germany			Homo sapiens	10/20/22		Brinkmann et al		IIb	hMPXV-1	B.1.10	0.965047234	383	582	0	good	good	good	good	good		FALSE	"Brinkmann,A., Kohl,C., Pape,K., Schrick,L., Michel,J., Schaade,L., Nitsche,A."	"Robert Koch Institute, Centre for Biological Threats, Highly Pathogenic Viruses"
MPXV/Germany/2022/ON/RKI512_Germany_2022-10-XX	OP689665	OP689665.1	MPXV/Germany/2022/ON/RKI512	2022-10-XX	Europe	Germany			Homo sapiens	10/20/22		Brinkmann et al		IIb	hMPXV-1	B.1	0.965381904	317	577	0	good	good	good	good	good		FALSE	"Brinkmann,A., Kohl,C., Pape,K., Schrick,L., Michel,J., Schaade,L., Nitsche,A."	"Robert Koch Institute, Centre for Biological Threats, Highly Pathogenic Viruses"
MPXV/Germany/2022/ON/RKI510_Germany_2022-10-XX	OP689663	OP689663.1	MPXV/Germany/2022/ON/RKI510	2022-10-XX	Europe	Germany			Homo sapiens	10/20/22		Brinkmann et al		IIb	hMPXV-1	B.1	0.961533196	1075	577	0	good	good	good	good	good		FALSE	"Brinkmann,A., Kohl,C., Pape,K., Schrick,L., Michel,J., Schaade,L., Nitsche,A."	"Robert Koch Institute, Centre for Biological Threats, Highly Pathogenic Viruses"
PEV_case_Belgium_2022-07-29	OP727820	OP727820.1	PEV_case	7/29/22	Europe	Belgium			Homo sapiens	10/27/22		Berens-Riha et al		IIb	hMPXV-1	B.1	0.996911906	160	610	0	good	good	good	good	good		FALSE	"Berens-Riha,N., De Block,T., Rutgers,J., Van Gestel,L., Hens,M., Kenyon,C., Soentjens,P., Van Griensven,J., Brosius,I., Arien,K., Van Esbroeck,M., Rezende,A.M., Vercauteren,K., Liesenborghs,L."	"Institute of Tropica Medicine, Department of Clinical Sciences"
PrEV_case_1_Belgium_2022-08-27	OP727821	OP727821.1	PrEV_case_1	8/27/22	Europe	Belgium			Homo sapiens	10/27/22		Berens-Riha et al		IIb	hMPXV-1	B.1.3	0.964099002	6134	572	0	good	good	good	good	good		FALSE	"Berens-Riha,N., De Block,T., Rutgers,J., Van Gestel,L., Hens,M., Kenyon,C., Soentjens,P., Van Griensven,J., Brosius,I., Arien,K., Van Esbroeck,M., Rezende,A.M., Vercauteren,K."	"Institute of Tropica Medicine, Department of Clinical Sciences"
PrEV_case_2_Belgium_2022-10-02	OP727822	OP727822.1	PrEV_case_2	10/2/22	Europe	Belgium			Homo sapiens	10/27/22		Berens-Riha et al		IIb	hMPXV-1	B.1.7	0.96854099	6100	591	1	good	good	good	good	good		FALSE	"Berens-Riha,N., De Block,T., Rutgers,J., Van Gestel,L., Hens,M., Kenyon,C., Soentjens,P., Van Griensven,J., Brosius,I., Arien,K., Van Esbroeck,M., Rezende,A.M., Vercauteren,K."	"Institute of Tropica Medicine, Department of Clinical Sciences"
PrEV_case_4_Belgium_2022-10-09	OP727823	OP727823.1	PrEV_case_4	10/9/22	Europe	Belgium			Homo sapiens	10/27/22		Berens-Riha et al		IIb	hMPXV-1	B.1	0.998093393	300	606	0	good	good	good	good	good		FALSE	"Berens-Riha,N., De Block,T., Rutgers,J., Van Gestel,L., Hens,M., Kenyon,C., Soentjens,P., Van Griensven,J., Brosius,I., Arien,K., Van Esbroeck,M., Rezende,A.M., Vercauteren,K."	"Institute of Tropica Medicine, Department of Clinical Sciences"
OX291424/RNA_Slovakia_2022-07-25	OX291424	OX291424.1	RNA	7/25/22	Europe	Slovakia			Homo sapiens	8/23/22		?		IIb	hMPXV-1	B.1	0.998554833	284	606	1	good	good	good	good	good		FALSE		
OX291435/RNA_Slovakia_2022-07-25	OX291435	OX291435.1	RNA	7/25/22	Europe	Slovakia			Homo sapiens	8/23/22		?		IIb	hMPXV-1	B.1	0.999994929	0	606	1	good	good	good	good	good		FALSE		
RNA_Slovakia_2022-07-20	OX261749	OX261749.1	RNA	7/20/22	Europe	Slovakia			Homo sapiens	8/7/22	ERR10019299	?		IIb	hMPXV-1	B.1	0.999994929	0	606	1	good	good	good	good	good		FALSE		
RNA_Slovakia_2022-07-13	OX261748	OX261748.1	RNA	7/13/22	Europe	Slovakia			Homo sapiens	8/7/22	ERR10019298	?		IIb	hMPXV-1	B.1	0.999994929	0	605	1	good	good	good	good	good		FALSE		
RNA_Slovakia_2022-07-25	OX291780	OX291780.1	RNA	7/25/22	Europe	Slovakia			Homo sapiens	8/23/22	ERR10094836	?		IIb	hMPXV-1	B.1	0.999994929	0	607	1	good	good	good	good	good	OPG044:146-150	FALSE		
OX291676/RNA_Slovakia_2022-08-01	OX291676	OX291676.1	RNA	8/1/22	Europe	Slovakia			Homo sapiens	8/23/22	ERR10094837	?		IIb	hMPXV-1	B.1	0.999994929	0	607	1	good	good	good	good	good	OPG044:146-150	FALSE		
RNA_Slovakia_2022-08-31	OX336038	OX336038.1	RNA	8/31/22	Europe	Slovakia			Homo sapiens	9/15/22		?		IIb	hMPXV-1	B.1	0.999994929	0	606	1	good	good	good	good	good		FALSE		
RNA_Slovakia_2022-08-09	OX297403	OX297403.1	RNA	8/9/22	Europe	Slovakia			Homo sapiens	8/24/22	ERR10107968	?		IIb	hMPXV-1	B.1	0.999994929	0	605	1	good	good	good	good	good		FALSE		
RNA_Slovakia_2022-08-01	OX291694	OX291694.1	RNA	8/1/22	Europe	Slovakia			Homo sapiens	8/23/22	ERR10094838	?		IIb	hMPXV-1	B.1	0.999994929	0	610	1	good	good	good	good	good		FALSE		
RNA_Slovakia_2022-08-26	OX336004	OX336004.1	RNA	8/26/22	Europe	Slovakia			Homo sapiens	9/15/22		?		IIb	hMPXV-1	B.1	0.999994929	0	605	1	good	good	good	good	good		FALSE		