strain	accession	genbank_accession_rev	strain_original	date	region	country	division	location	host	date_submitted	sra_accession	abbr_authors	reverse	clade	outbreak	lineage	coverage	missing_data	divergence	nonACGTN	QC_missing_data	QC_mixed_sites	QC_rare_mutations	QC_frame_shifts	QC_stop_codons	frame_shifts	is_reverse_complement	authors	institution
ON676708	ON676708	ON676708.1	MPXV_USA_2021_MD	2021-11-XX	North America	USA	Maryland		Homo sapiens	2022-06-03		Gigante et al		IIb	hMPXV-1	A.1.1	0.999964504662566	7.0	597.0	0.0	good	good	good	good	good		False	Gigante,C.M., Myers,R., Seabolt,M.H., Wilkins,K., McCollum,A., Hutson,C., Davidson,W., Rao,A., Blythe,D., Li,Y.	Division of High-Consequence Pathogens & Pathology, Centers for Disease Control & Prevention (US CDC), USA
ON959131	ON959131	ON959131.1	MPXV_USA_2022_IL001	2022-05-XX	North America	USA	Illinois		Homo sapiens	2022-07-11		Gigante et al		IIb	hMPXV-1	B.1	1.0	0.0	606.0	0.0	good	good	good	good	good		False	Gigante,C.M., Ghinai,I., Seabolt,M.H., Zhao,H., Wilkins,K., Respress,J., Howard,D., Batra,D., McCollum,A., Hutson,C., Davidson,W., Rao,A., Kerins,J., Li,Y.	Centers for Disease Control and Prevention, Division of High-Consequence Pathogens and Pathology
OP743358	OP743358	OP743358.1	MPXV/Human/USA/UT-UPHL-82200023/2022	2022-05-21	North America	USA			Homo sapiens	2022-10-31		Iverson et al		IIb	hMPXV-1	B.1	0.932710981750326	262.0	551.0	0.0	good	good	good	good	good		False	Iverson,T., Oakeson,K.F., Young,E.L., Wagner,J., Hergert,J.	Utah Public Health Laboratory
ON676703	ON676703	ON676703.1	MPXV_USA_2022_CA001	2022-05-XX	North America	USA	California		Homo sapiens	2022-06-03		Gigante et al		IIb	hMPXV-1	B.1	0.9999594339000756	8.0	606.0	0.0	good	good	good	good	good		False	Gigante,C.M., Ventura,J., Seabolt,M.H., Wilkins,K., McCollum,A., Hutson,C., Davidson,W., Rao,A., Nash,J., Li,Y.	Division of High-Consequence Pathogens & Pathology, Centers for Disease Control & Prevention (US CDC), USA
ON676704	ON676704	ON676704.1	MPXV_USA_2022_FL002	2022-05-XX	North America	USA	Florida		Homo sapiens	2022-06-03		Gigante et al		IIb	hMPXV-1	B.1	0.9999746461875472	5.0	607.0	0.0	good	good	good	good	good		False	Gigante,C.M., Lee,P., Seabolt,M.H., Wilkins,K., McCollum,A., Hutson,C., Davidson,W., Rao,A., Mendoza,R., Li,Y.	Division of High-Consequence Pathogens & Pathology, Centers for Disease Control & Prevention (US CDC), USA
ON563414	ON563414	ON563414.3	MPXV_USA_2022_MA001	2022-05-XX	North America	USA	Massachusetts		Homo sapiens	2022-05-20		Gigante et al		IIb	hMPXV-1	B.1	1.0	0.0	605.0	0.0	good	good	good	good	good		False	Gigante,C.M., Smole,S., Seabolt,M.H., Wilkins,K., McCollum,A., Hutson,C., Davidson,W., Rao,A., Brown,C., Li,Y.	Division of High-Consequence Pathogens & Pathology, Centers for Disease Control & Prevention (US CDC), USA
ON682270	ON682270	ON682270.2	MPXV/Germany/2022/RKI06	2022-05-XX	Europe	Germany			Homo sapiens	2022-06-06		Brinkmann et al		IIb	hMPXV-1	B.1	0.9990466966517756	188.0	605.0	0.0	good	good	good	good	good		False	Brinkmann,A., Kohl,C., Uddin,S., Pape,K., Schrick,L., Michel,J., Schaade,L., Nitsche,A.	Centre for Biological Threats, Highly Pathogenic Viruses, Robert Koch Institute, Germany
ON694335	ON694335	ON694335.1	MPXV/Germany/2022/RKI018	2022-05-XX	Europe	Germany			Homo sapiens	2022-06-07		Brinkmann et al		IIb	hMPXV-1	B.1	0.9998073110253588	38.0	602.0	0.0	good	good	good	good	good	OPG023:526-661	False	Brinkmann,A., Kohl,C., Uddin,S., Pape,K., Schrick,L., Michel,J., Stocker,H., Schaade,L., Nitsche,A.	Centre for Biological Threats, Highly Pathogenic Viruses, Robert Koch Institute, Germany
ON637939	ON637939	ON637939.1	MPXV/Germany/2022/RKI02	2022-05-XX	Europe	Germany			Homo sapiens	2022-05-31		Brinkmann et al		IIb	hMPXV-1	B.1.5	0.9995030652759256	97.0	607.0	1.0	good	good	good	good	good		False	Brinkmann,A., Kohl,C., Uddin,S., Pape,K., Schrick,L., Michel,J., Stocker,H., Schaade,L., Nitsche,A.	Centre for Biological Threats, Highly Pathogenic Viruses, Robert Koch Institute, Germany
ON682263	ON682263	ON682263.4	MPXV/Germany/2022/RKI03	2022-05-XX	Europe	Germany			Homo sapiens	2022-06-06		Brinkmann et al		IIb	hMPXV-1	B.1	0.9987830170022668	240.0	605.0	0.0	good	good	good	good	good		False	Brinkmann,A., Kohl,C., Uddin,S., Pape,K., Schrick,L., Michel,J., Jessen,H., Schaade,L., Michel,A.	Centre for Biological Threats, Highly Pathogenic Viruses, Robert Koch Institute, Germany
ON682269	ON682269	ON682269.3	MPXV/Germany/2022/RKI07	2022-05-XX	Europe	Germany			Homo sapiens	2022-06-06		Brinkmann et al		IIb	hMPXV-1	B.1	0.998575115740154	281.0	603.0	0.0	good	good	good	good	good		False	Brinkmann,A., Kohl,C., Uddin,S., Pape,K., Schrick,L., Michel,J., Schaade,L., Nitsche,A.	Centre for Biological Threats, Highly Pathogenic Viruses, Robert Koch Institute, Germany
ON649708	ON649708	ON649708.1	Monkeypox/PT0023/2022	2022-05-19	Europe	Portugal			Homo sapiens	2022-06-01		Isidro et al		IIb	hMPXV-1	B.1	0.9980629687286076	382.0	604.0	0.0	good	good	good	good	good		False	Isidro,J., Borges,V., Pinto,M., Sobral,D., Santos,J.D., Nunes,A., Mixao,V., Ferreira,R., Santos,D., Duarte,S., Vieira,L., Borrego,M.J., Nuncio,S., Carvalho,I.L., Pelerito,A., Cordeiro,R., Gomes,J.P.	Institute National de Saude Doutor Ricardo Jorge (INSA), Portugal
ON649714	ON649714	ON649714.1	Monkeypox/PT0015/2022	2022-05-20	Europe	Portugal			Homo sapiens	2022-06-01		Isidro et al		IIb	hMPXV-1	B.1.9	0.8619028543322059	27234.0	526.0	0.0	bad	good	good	good	good		False	Isidro,J., Borges,V., Pinto,M., Sobral,D., Santos,J.D., Nunes,A., Mixao,V., Ferreira,R., Santos,D., Duarte,S., Vieira,L., Borrego,M.J., Nuncio,S., Carvalho,I.L., Pelerito,A., Cordeiro,R., Gomes,J.P.	Institute National de Saude Doutor Ricardo Jorge (INSA), Portugal
ON843171	ON843171	ON843171.1	Monkeypox/PT0030/2022	2022-05-26	Europe	Portugal			Homo sapiens	2022-06-24		Isidro et al		IIb	hMPXV-1	B.1	0.9451444913771684	10818.0	579.0	0.0	mediocre	good	good	good	good		False	Isidro,J., Borges,V., Pinto,M., Sobral,D., Santos,J., Nunes,A., Mixao,V., Ferreira,R., Santos,D., Duarte,S., Vieira,L., Borrego,M.J., Nuncio,S., Lopes de Carvalho,I., Pelerito,A., Cordeiro,R., Gomes,J.P.	
ON843167	ON843167	ON843167.1	Monkeypox/PT0036/2022	2022-05-26	Europe	Portugal			Homo sapiens	2022-06-24		Isidro et al		IIb	hMPXV-1	B.1	0.999041625889285	189.0	605.0	0.0	good	good	good	good	good		False	Isidro,J., Borges,V., Pinto,M., Sobral,D., Santos,J., Nunes,A., Mixao,V., Ferreira,R., Santos,D., Duarte,S., Vieira,L., Borrego,M.J., Nuncio,S., Lopes de Carvalho,I., Pelerito,A., Cordeiro,R., Gomes,J.P.	
ON649709	ON649709	ON649709.1	Monkeypox/PT0028/2022	2022-05-18	Europe	Portugal			Homo sapiens	2022-06-01		Isidro et al		IIb	hMPXV-1	B.1	0.9994777114634728	103.0	605.0	0.0	good	good	good	good	good		False	Isidro,J., Borges,V., Pinto,M., Sobral,D., Santos,J.D., Nunes,A., Mixao,V., Ferreira,R., Santos,D., Duarte,S., Vieira,L., Borrego,M.J., Nuncio,S., Carvalho,I.L., Pelerito,A., Cordeiro,R., Gomes,J.P.	Institute National de Saude Doutor Ricardo Jorge (INSA), Portugal
ON622720	ON622720	ON622720.2	MPXV-CH-38156923/2022	2022-05-24	Europe	Switzerland			Homo sapiens	2022-05-27		Laubscher et al		IIb	hMPXV-1	B.1	0.9990821919892094	181.0	605.0	0.0	good	good	good	good	good		False	Laubscher,F., Schibler,M., Kaiser,L., Renzoni,A.	Laboratory of Viorology, University Hospital of Geneva, Switzerland
ON595760	ON595760	ON595760.2	MPXV-CH-38134631/2022	2022-05-19	Europe	Switzerland			Homo sapiens	2022-05-24		Laubscher et al		IIb	hMPXV-1	B.1	0.9977790060291366	301.0	602.0	1.0	good	good	good	good	good		False	Laubscher,F., Chudzinski,V., Schibler,M., Kaiser,L., Renzoni,A.	Laboratory of Viorology, University Hospital of Geneva, Switzerland
OP422245	OP422245	OP422245.1	hMPXV-CH-38212023/2022	2022-05-30	Europe	Switzerland			Homo sapiens	2022-09-13		Laubscher et al		IIb	hMPXV-1	B.1	0.9583791814775188	8207.0	581.0	1.0	mediocre	good	good	good	good		False	Laubscher,F., Chudzinsk,V., Cordey,S., Schibler,M., Kaiser,L., Renzoni,A.	University Hospitals of Geneva, Laboratory of Virology
ON631241	ON631241	ON631241.1	2022/2 SLO	2022-05-24	Europe	Slovenia			Homo sapiens	2022-05-30		Zakotnik et al		IIb	hMPXV-1	B.1	0.9994472868885296	0.0	606.0	0.0	good	good	good	good	good		False	Zakotnik,S., Vlaj,D., Suljic,A., Zorec,T.M., Korva,M., Poljak,M., Avsic Zupanc,T.	Laboratory for Diagnostics of Zoonoses & WHO Centre, Institute of Microbiology & Immunology, Faculty of Medicine, University of Ljubljana, Slovenia
ON609725	ON609725	ON609725.2	SLO	2022-05-23	Europe	Slovenia			Homo sapiens	2022-05-26		Zakotnik et al		IIb	hMPXV-1	B.1.3	0.99945235765102	0.0	610.0	0.0	good	good	good	good	good		False	Zakotnik,S., Vlaj,D., Suljic,A., Zorec,T.M., Skubic,C., Rozman,D., Korva,M., Poljak,M., Avsic Zupanc,T.	Laboratory for Diagnostics of Zoonoses & WHO Centre, Institute of Microbiology & Immunology, Faculty of Medicine, University of Ljubljana, Slovenia
ON754987	ON754987	ON754987.1	MPXV_SI2022_S1_VEROE6	2022-05-23	Europe	Slovenia			Homo sapiens	2022-06-14		Zakotnik et al		IIb	hMPXV-1	B.1.3	1.0	0.0	610.0	0.0	good	good	good	good	good		False	Zakotnik,S., Vlaj,D., Suljic,A., Zorec,T.M., Korva,M., Poljak,M., Avsic Zupanc,T.	
ON780017	ON780017	ON780017.1	INMI-Pt4	2022-05-21	Europe	Italy			Homo sapiens	2022-06-16		Gramigna et al		IIb	hMPXV-1	B.1.5	0.9997920987378872	41.0	606.0	0.0	good	good	good	good	good		False	Gramigna,G., Giombini,E., Gruber,C.E.M., Rueca,M., Carletti,F., Cicalini,S., Lapa,D., Puro,V., Marani,A., Fabeni,L., Butera,O., Colavita,F., Meschi,S., Matusali,G., Rivano Capparuccia,M., Specchiarello,E., Vairo,F., Vaia,F., Nicastri,E., Antinori,A., Girardi,E., Maggi,F.	
ON614676	ON614676	ON614676.1	INMI-Pt1	2022-05-18	Europe	Italy			Homo sapiens	2022-05-26		Gruber et al		IIb	hMPXV-1	B.1	0.965315984564599	40.0	577.0	0.0	good	good	good	good	good		False	Gruber,C.E.M., Rueca,M., Gramigna,G., Carletti,F., Butera,O., Fabeni,L., Specchiarello,E., Meschi,S., Colavita,F., Minosse,C., Francalancia,M., Lapa,D., Garbuglia,A.R., Giombini,E.	Laboratory of Virology, INMI Lazzaro Spallanzani IRCCS, Italy
ON745215	ON745215	ON745215.1	INMI-Pt2	2022-05-19	Europe	Italy			Homo sapiens	2022-06-13		Giombini et al		IIb	hMPXV-1	B.1	0.9994219330760766	113.0	606.0	1.0	good	good	good	good	good		False	Giombini,E., Gruber,C.E.M., Rueca,M., Gramigna,G., VIta,S., Carletti,F., D'Abramo,A., Lapa,D., Puro,V., Fabeni,L., Butera,O., Colavita,F., Meschi,S., Matusali,G., Specchiarello,E., Vairo,F., Vaia,F., Garbuglia,A.R., Nicastri,E., Antinori,A., GIrardi,E., Maggi,F.	
ON780016	ON780016	ON780016.1	INMI-Pt3	2022-05-19	Europe	Italy			Homo sapiens	2022-06-16		Rueca et al		IIb	hMPXV-1	B.1	0.9994117915510956	116.0	605.0	0.0	good	good	good	good	good		False	Rueca,M., Giombini,E., Gruber,C.E.M., Gramigna,G., Mazzotta,V., Carletti,F., Lapa,D., Pittalis,S., Puro,V., Fabeni,L., Butera,O., Colavita,F., Meschi,S., Matusali,G., Specchiarello,E., Vairo,F., Vaia,F., Nicastri,E., Antinori,A., Girardi,E., Maggi,F.	
ON644344	ON644344	ON644344.1	MPXV_FVG-ITA_01_2022	2022-05-25	Europe	Italy	Friuli Venezia Giulia	Gorizia	Homo sapiens	2022-06-01		Licastro et al		IIb	hMPXV-1	B.1	0.9976928030667972	0.0	605.0	57.0	good	bad	good	good	good		False	Licastro,D., DeGasperi,M., Negri,C., Piscianz,E., Koncan,R., Dal Monego,S., Segat,L., D'Agaro,P.	Genomics & Epigenomics, AREA Science Park, Italy
ON615424	ON615424	ON615424.1	MPXV_2022_NL001	2022-05-XX	Europe	Netherlands			Homo sapiens	2022-05-26		Oude Munnink et al		IIb	hMPXV-1	B.1	0.9901830038182842	1358.0	595.0	0.0	good	good	good	good	good		False	Oude Munnink,B.B., Boter,M., Wellers,B., Molenkamp,R., Sikkema,R.S., Koopmans,M.	Public Health Virology, Erasmus Medical Centre, The Netherlands
ON645312	ON645312	ON645312.1	MPXV_GSTT_Patient1	2022-05-11	Europe	United Kingdom			Homo sapiens	2022-06-01		Alcolea-Medina et al		IIb	hMPXV-1	B.1.3	0.9832664837811662	100.0	537.0	0.0	good	good	mediocre	bad	good	OPG021:231-243,OPG022:122-127,OPG044:149-150,OPG050:73-76,OPG054:145-440,OPG061:50-232,OPG063:66-480,OPG064:262-738,OPG075:76-109,OPG078:57-74,OPG082:363-383,OPG084:11-677,OPG085:566-592,OPG092:352-372,OPG097:267-345,OPG104:61-134,OPG105:282-1287,OPG109:117-683,OPG114:11-147,OPG117:502-786,OPG122:107-249,OPG123:571-632,OPG124:206-288,OPG125:500-552,OPG133:145-711,OPG136:878-892,OPG138:7-191,OPG145:15-493,OPG149:186-188,OPG151:3-1165,OPG154:58-111,OPG155:9-147,OPG164:228-229,OPG170:219-222,OPG173:35-75,OPG180:244-553,OPG188:437-504,OPG191:167-169,OPG193:264-268,OPG197:43-101,OPG198:230-283,OPG209:179-191	False	Alcolea-Medina,A., Charalampous,T., Snell,L.B., Batra,R., Edgeworth,J.D.	Centre for Clinical Infection & Diagnostics Research, Kings College London, St Thomas Hospital, UK
OP394229	OP394229	OP394229.1	9000220_NCPV_1703	2022-05-14	Europe	United Kingdom			Homo sapiens	2022-09-09		Burton et al		IIb	hMPXV-1	B.1	1.0	0.0	606.0	0.0	good	good	good	good	good		False	Burton,J., Easterbrook,L., Drinkwater,E., Groves,N., Osman,K.L., Lewandowski,K.S., Carter,D., Pullan,S.T., Myers,R., Vipond,R., Chand,M.	UKHSA, Research and Evaluation
OP205114	OP205114	OP205114.1	MPXV_UK_2022_9000152	2022-05-16	Europe	United Kingdom			Homo sapiens	2022-08-11		Groves et al		IIb	hMPXV-1	B.1	1.0	0.0	605.0	0.0	good	good	good	good	good		False	Groves,N., Osman,K.L., Lewandowski,K.S., Carter,D.P., Pullan,S.T., Myers,R., Vipond,R., Chand,M.	UKHSA, Research and Evaluation
ON808414	ON808414	ON808414.1	CVR_MPXV1b	2022-05-15	Europe	United Kingdom			Homo sapiens	2022-06-21		Filipe et al		IIb	hMPXV-1	B.1	1.0	0.0	604.0	0.0	good	good	good	good	good		False	Filipe,A., Tong,L., Vattipally,S.B., Maclean,A., Gunson,R., Holden,M.T.G., Barr,D., Ho,A., Palmarini,M., Rambaut,A., Robertson,D.L., Thomson,E.C.	
OP205083	OP205083	OP205083.1	MPXV_UK_2022_9000092	2022-05-25	Europe	United Kingdom			Homo sapiens	2022-08-11		Groves et al		IIb	hMPXV-1	B.1.2	0.9998225233128304	35.0	607.0	0.0	good	good	good	good	good		False	Groves,N., Osman,K.L., Lewandowski,K.S., Carter,D.P., Pullan,S.T., Myers,R., Vipond,R., Chand,M.	UKHSA, Research and Evaluation
ON622713	ON622713	ON622713.1	MPX/UZ_REGA_2/Belgium/2022	2022-05-22	Europe	Belgium			Homo sapiens	2022-05-27		Wawina-Bokalanga et al		IIb	hMPXV-1	B.1	1.0	0.0	608.0	0.0	good	good	good	good	good		False	Wawina-Bokalanga,T., Vanmechelen,B., Logist,A.-S., Sinnesael,R., Ysebaert,L., Verlinden,J., Bloemen,M., Maes,P.	Microbiology, Immunology & Transplantation, KU Leuven, Rega Institute, Belgium
OP144216	OP144216	OP144216.2	MPXV/ITM_pt_07/Belgium/30-May-2022	2022-05-30	Europe	Belgium			Homo sapiens	2022-08-04		De Baetselier et al		IIb	hMPXV-1	B.1	0.966401127737578	246.0	579.0	0.0	good	good	good	good	good		False	De Baetselier,I., Van Dijck,C., Kenyon,C., Coppens,J., Smet,H., de Block,T., Coppens,S., Vanroye,F., Bugert,J., Girl,P., Liesenborghs,L., Selhorst,P., Arien,K., den Bossche,D.V., Florence,E., Rezende,A.M., Vercauteren,K., Esbroeck,M.V., Bracke,S., Brosius,I., Soentjens,P.	Institute of Tropica Medicine, Department of Clinical Sciences
ON880419	ON880419	ON880419.1	MPX/UZ_REGA_3/Belgium/2022	2022-05-27	Europe	Belgium			Homo sapiens	2022-06-30		Wawina-Bokalanga et al		IIb	hMPXV-1	B.1	1.0	0.0	606.0	0.0	good	good	good	good	good		False	Wawina-Bokalanga,T., Vanmechelen,B., Logist,A.-S., Sinnesael,R., Ysebaert,L., Bloemen,M., Maes,P.	
ON880420	ON880420	ON880420.1	MPX/UZ_REGA_4/Belgium/2022	2022-05-27	Europe	Belgium			Homo sapiens	2022-06-30		Vanmechelen et al		IIb	hMPXV-1	B.1	1.0	0.0	606.0	0.0	good	good	good	good	good		False	Vanmechelen,B., Wawina-Bokalanga,T., Logist,A.-S., Sinnesael,R., Ysebaert,L., Verlinden,J., Van Holm,B., Bloemen,M., Maes,P.	
OP144215	OP144215	OP144215.2	MPXV/ITM_pt_05/Belgium/30-May-2022	2022-05-30	Europe	Belgium			Homo sapiens	2022-08-04		De Baetselier et al		IIb	hMPXV-1	B.1	0.9659143345384844	339.0	577.0	0.0	good	good	good	good	good		False	De Baetselier,I., Van Dijck,C., Kenyon,C., Coppens,J., Smet,H., de Block,T., Coppens,S., Vanroye,F., Bugert,J., Girl,P., Liesenborghs,L., Selhorst,P., Arien,K., den Bossche,D.V., Florence,E., Rezende,A.M., Vercauteren,K., Esbroeck,M.V., Bracke,S., Brosius,I., Soentjens,P.	Institute of Tropica Medicine, Department of Clinical Sciences
ON720849	ON720849	ON720849.1	MpxV/Spain/MD-HGUGM-6532064/2022	2022-05-27	Europe	Spain			Homo sapiens	2022-06-09		Buenestado-Serrano et al		IIb	hMPXV-1	B.1.8	0.99808325177857	377.0	605.0	1.0	good	good	good	bad	good	NBT03_gp052:9-130,NBT03_gp174:175-177,OPG023:386-661,OPG025:50-631,OPG027:96-151,OPG044:149-150,OPG050:73-76,OPG054:145-440,OPG056:354-636,OPG057:113-373,OPG061:50-232,OPG063:64-480,OPG074:365-666,OPG075:76-109,OPG078:57-74,OPG084:11-677,OPG087:98-221,OPG088:43-91,OPG097:267-345,OPG102:32-124,OPG102:234-334,OPG104:61-134,OPG109:117-453,OPG114:11-147,OPG115:45-234,OPG117:678-786,OPG123:571-632,OPG124:206-288,OPG126:29-151,OPG127:40-225,OPG129:12-645,OPG133:317-711,OPG134:88-293,OPG136:878-892,OPG138:7-191,OPG145:15-493,OPG148:422-427,OPG149:18-188,OPG151:3-1032,OPG154:58-111,OPG155:9-147,OPG163:88-177,OPG165:238-269,OPG172:191-197,OPG178:159-205,OPG180:244-560,OPG189:88-108,OPG190:172-318,OPG193:264-268,OPG195:45-222,OPG198:230-283,OPG208:228-358,OPG209:179-191,OPG210:431-1881	False	Buenestado-Serrano,S., Palomino-Cabrera,R., Penas-Utrilla,D., Rodriguez-Grande,J., Sola Campoy,P., Perez-Lago,L., Rodriguez-Grande,C., Herranz Martin,M., Suarez,J., Catalan,P., Munoz,P., Garcia de Viedma,D.	Microbial Genomics, Hospital General Universitario Gregorio Marañón, Madrid, Spain
ON745225	ON745225	ON745225.1	MpxV/Spain/MD-HGUGM-66649483/2022	2022-05-27	Europe	Spain			Homo sapiens	2022-06-13		Buenestado-Serrano et al		IIb	hMPXV-1	B.1	0.991029821154207	1769.0	597.0	0.0	good	good	good	good	good		False	Buenestado-Serrano,S., Palomino-Cabrera,R., Penas-Utrilla,D., Rodriguez-Grande,J., Sola Campoy,P., Perez-Lago,L., Rodriguez-Grande,C., Herranz Martin,M., Suarez,J., Catalan,P., Munoz,P., Garcia de Viedma,D.	
ON838940	ON838940	ON838940.1	4061	2022-05-20	Europe	Spain	Madrid		Homo sapiens	2022-06-24	SRR19793483, SRR19793482	de la Hoz-Sanchez et al		IIb	hMPXV-1	B.1	0.9993002347763034	138.0	604.0	0.0	good	good	good	good	good		False	de la Hoz-Sanchez,B., Lopez-Ortiz,M., Gutierrez-Arroyo,A., Roces-Alvarez,P., Lazaro-Peona,F., Dahdouh,E., Bloise,I., Garcia-Rodriguez,J., Mingorance,J.	
ON720848	ON720848	ON720848.1	MpxV/Spain/MD-HGUGM-6513479/2022	2022-05-27	Europe	Spain			Homo sapiens	2022-06-09		Buenestado-Serrano et al		IIb	hMPXV-1	B.1.10	0.960818218235476	7669.0	578.0	58.0	mediocre	bad	good	bad	good	NBT03_gp052:9-130,NBT03_gp174:175-177,NBT03_gp175:156-438,OPG019:49-143,OPG021:94-243,OPG022:122-127,OPG023:261-383,OPG023:574-661,OPG036:136-178,OPG037:156-443,OPG040:269-376,OPG042:34-416,OPG043:54-277,OPG044:149-150,OPG054:18-440,OPG055:266-355,OPG056:354-379,OPG057:113-373,OPG061:50-232,OPG063:2-82,OPG063:98-163,OPG063:188-226,OPG063:235-393,OPG064:389-738,OPG066:224-260,OPG068:158-543,OPG070:145-274,OPG071:559-903,OPG074:20-523,OPG075:76-109,OPG078:57-74,OPG080:93-765,OPG082:313-383,OPG083:366-424,OPG084:3-270,OPG084:415-677,OPG085:19-457,OPG085:566-592,OPG087:15-67,OPG087:98-176,OPG088:34-125,OPG090:25-64,OPG096:82-93,OPG097:243-345,OPG098:120-252,OPG099:47-129,OPG100:19-153,OPG101:56-178,OPG102:32-334,OPG104:25-134,OPG105:208-779,OPG105:1190-1287,OPG109:117-206,OPG109:454-796,OPG111:128-315,OPG112:41-147,OPG113:837-846,OPG114:144-147,OPG115:45-234,OPG116:72-219,OPG117:435-462,OPG117:478-549,OPG118:79-638,OPG119:160-162,OPG120:79-305,OPG122:4-249,OPG123:267-569,OPG124:206-288,OPG125:356-552,OPG127:79-225,OPG133:193-394,OPG133:424-435,OPG133:494-584,OPG133:595-711,OPG134:18-248,OPG136:476-892,OPG137:75-319,OPG138:7-191,OPG139:35-71,OPG140:69-91,OPG142:49-95,OPG145:26-152,OPG145:257-267,OPG145:436-493,OPG148:158-193,OPG148:233-420,OPG149:18-188,OPG151:1034-1165,OPG153:298-510,OPG154:58-111,OPG160:89-301,OPG164:91-229,OPG165:238-269,OPG170:219-222,OPG172:191-197,OPG175:95-126,OPG176:178-241,OPG178:13-205,OPG180:223-274,OPG181:151-335,OPG189:55-207,OPG190:113-318,OPG192:4-183,OPG193:104-262,OPG198:230-283,OPG200:7-150,OPG208:95-358,OPG209:129-191,OPG210:727-1881	False	Buenestado-Serrano,S., Palomino-Cabrera,R., Penas-Utrilla,D., Rodriguez-Grande,J., Sola Campoy,P., Perez-Lago,L., Rodriguez-Grande,C., Herranz Martin,M., Suarez,J., Catalan,P., Munoz,P., Garcia de Viedma,D.	Microbial Genomics, Hospital General Universitario Gregorio Marañón, Madrid, Spain
ON782054	ON782054	ON782054.1	MPXV/Spain/HUNSC_ITER_0001a/2022	2022-05-31	Europe	Spain			Homo sapiens	2022-06-16		Alcoba-Florez et al		IIb	hMPXV-1	B.1.3	0.9672834404109346	64.0	579.0	0.0	good	good	good	good	good		False	Alcoba-Florez,J., Munoz-Barrera,A., Ciuffreda,L., Rodriguez-Perez,H., Rubio-Rodriguez,L.A., Gil-Campesino,H., Garcia-Martinez de Artola,D., Inigo-Campos,A., Diez-Gil,O., Gonzalez-Montelongo,R., Valenzuela-Fernandez,A., Lorenzo-Salazar,J.M., Flores,C.	
ON622722	ON622722	ON622722.2	MPXV_FR_HCL0001_2022	2022-05-22	Europe	France			Homo sapiens	2022-05-27		?		IIb	hMPXV-1	B.1.3	1.0	0.0	610.0	0.0	good	good	good	good	good		False		Virology, GENomique EPIdemiologique das maladies Infectieuses, France
ON755039	ON755039	ON755039.1	MPXV_IRBA22-11	2022-05-19	Europe	France			Homo sapiens	2022-06-14		Jarjaval et al		IIb	hMPXV-1	B.1	0.9923025825393365	0.0	600.0	0.0	good	good	good	good	good		False	Jarjaval,F., Nolent,F., Criqui,A., Chapus,C., Lamer,O., Ferraris,O., Gorge,O.	
ON755040	ON755040	ON755040.1	MPXV_IRBA22-14	2022-05-20	Europe	France			Homo sapiens	2022-06-14		Jarjaval et al		IIb	hMPXV-1	B.1	0.9954819506209148	49.0	603.0	0.0	good	good	good	good	good		False	Jarjaval,F., Nolent,F., Criqui,A., Chapus,C., Lamer,O., Ferraris,O., Gorge,O.	
ON803434	ON803434	ON803434.1	MpxV/human/CAN/UN-NML-2886/2022	2022-05-20	North America	Canada			Homo sapiens	2022-06-21		Knox et al		IIb	hMPXV-1	B.1	0.9931848952126932	1333.0	600.0	0.0	good	good	good	good	good		False	Knox,N., Duggan,A., Yadav,C., Hole,D., Haidl,E., Chapel,M., Jolly,G., Domselaar,G.V., Antonation,K., Leung,A., Fernando,L., Audet,J., Hagan,M., Graham,M., Griffiths,E., Safronetz,D., Charest,H., Levade,I., Fafard,J.	National Microbiology Laboratory, Public Health Agency of Canada
ON880529	ON880529	ON880529.1	MpxV/human/CAN/UN-NML-3153/2022	2022-05-28	North America	Canada			Homo sapiens	2022-06-30		Duggan et al		IIb	hMPXV-1	B.1	0.9904618957552648	1881.0	602.0	0.0	good	good	good	good	good		False	Duggan,A., Hole,D., Knox,N., Yadav,C., Haidl,E., Chapel,M., Domselaar,G.V., Fernando,L., Graham,M., Antonation,K., Audet,J., Hagan,M., Safronetz,D., Leung,A., Peters,G., Go,A., Laminman,V., Kaplen,B., Jolly,G., Charest,H., Levade,I., Fafard,J.	National Microbiology Laboratory, Public Health Agency of Canada
ON803439	ON803439	ON803439.1	MpxV/human/CAN/UN-NML-2899/2022	2022-05-20	North America	Canada			Homo sapiens	2022-06-21		Knox et al		IIb	hMPXV-1	B.1	0.999315447063775	135.0	611.0	0.0	good	good	good	good	good		False	Knox,N., Duggan,A., Yadav,C., Hole,D., Haidl,E., Chapel,M., Jolly,G., Domselaar,G.V., Antonation,K., Leung,A., Fernando,L., Audet,J., Hagan,M., Graham,M., Griffiths,E., Safronetz,D., Charest,H., Levade,I., Fafard,J.	National Microbiology Laboratory, Public Health Agency of Canada
ON880531	ON880531	ON880531.1	MpxV/human/CAN/UN-NML-3165/2022	2022-05-29	North America	Canada			Homo sapiens	2022-06-30		Duggan et al		IIb	hMPXV-1	B.1	0.99680541963095	630.0	605.0	0.0	good	good	good	good	good		False	Duggan,A., Hole,D., Knox,N., Yadav,C., Haidl,E., Chapel,M., Domselaar,G.V., Fernando,L., Graham,M., Antonation,K., Audet,J., Hagan,M., Safronetz,D., Leung,A., Peters,G., Go,A., Laminman,V., Kaplen,B., Jolly,G., Charest,H., Levade,I., Fafard,J.	National Microbiology Laboratory, Public Health Agency of Canada
ON803418	ON803418	ON803418.1	MpxV/human/CAN/UN-NML-2837/2022	2022-05-18	North America	Canada			Homo sapiens	2022-06-21		Knox et al		IIb	hMPXV-1	B.1	0.9974240526547976	506.0	604.0	0.0	good	good	good	good	good		False	Knox,N., Duggan,A., Yadav,C., Hole,D., Haidl,E., Chapel,M., Jolly,G., Domselaar,G.V., Antonation,K., Leung,A., Fernando,L., Audet,J., Hagan,M., Graham,M., Griffiths,E., Safronetz,D., Charest,H., Levade,I., Fafard,J.	National Microbiology Laboratory, Public Health Agency of Canada
ON754986	ON754986	ON754986.1	MPXV_SI2022_S5	2022-06-XX	Europe	Slovenia			Homo sapiens	2022-06-14		Zakotnik et al		IIb	hMPXV-1	B.1.3	0.9997160373005288	18.0	609.0	0.0	good	good	good	good	good		False	Zakotnik,S., Vlaj,D., Suljic,A., Zorec,T.M., Korva,M., Poljak,M., Avsic Zupanc,T.	
OP605551	OP605551	OP605551.1	Slovenia-MPXV-08-2022	2022-06-XX	Europe	Slovenia			Homo sapiens	2022-10-11		Zakotnik et al		IIb	hMPXV-1	B.1.3	0.9999898584750188	2.0	609.0	0.0	good	good	good	good	good		False	Zakotnik,S., Vlaj,D., Suljic,A., Zorec,T.M., Korva,M., Poljak,M., Avsic Zupanc,T.	Institute of Microbiology and Immunology, Faculty of Medicine, University of Ljubljana, Laboratory for Diagnostics of Zoonoses and WHO Centre
OP605552	OP605552	OP605552.1	Slovenia-MPXV-09-2022	2022-06-XX	Europe	Slovenia			Homo sapiens	2022-10-11		Zakotnik et al		IIb	hMPXV-1	B.1.3	0.999863089412755	27.0	609.0	0.0	good	good	good	good	good		False	Zakotnik,S., Vlaj,D., Suljic,A., Zorec,T.M., Korva,M., Poljak,M., Avsic Zupanc,T.	Institute of Microbiology and Immunology, Faculty of Medicine, University of Ljubljana, Laboratory for Diagnostics of Zoonoses and WHO Centre
ON838178	ON838178	ON838178.1	SI2022_S7	2022-06-XX	Europe	Slovenia			Homo sapiens	2022-06-24		Zakotnik et al		IIb	hMPXV-1	B.1.3	0.9999340800876227	13.0	609.0	0.0	good	good	good	good	good		False	Zakotnik,S., Vlaj,D., Suljic,A., Zorec,T.M., Korva,M., Poljak,M., Avsic Zupanc,T.	
ON754984	ON754984	ON754984.1	MPXV_SI2022_S3	2022-06-XX	Europe	Slovenia			Homo sapiens	2022-06-14		Zakotnik et al		IIb	hMPXV-1	B.1.3	0.9990162720768322	130.0	609.0	0.0	good	good	good	good	good		False	Zakotnik,S., Vlaj,D., Suljic,A., Zorec,T.M., Korva,M., Poljak,M., Avsic Zupanc,T.	
ON813263	ON813263	ON813263.2	MPXV/Germany/2022/RKI063	2022-06-XX	Europe	Germany			Homo sapiens	2022-06-22		Brinkmann et al		IIb	hMPXV-1	B.1.2	0.9995132068009066	95.0	608.0	0.0	good	good	good	good	good		False	Brinkmann,A., Kohl,C., Uddin,S., Pape,K., Schrick,L., Michel,J., Schaade,L., Nitsche,A.	
ON853675	ON853675	ON853675.1	MPXV/Germany/2022/RKI096	2022-06-XX	Europe	Germany			Homo sapiens	2022-06-27		Brinkmann et al		IIb	hMPXV-1	B.1	0.999122758089134	173.0	605.0	0.0	good	good	good	good	good		False	Brinkmann,A., Kohl,C., Uddin,S., Pape,K., Schrick,L., Michel,J., Schaade,L., Nitsche,A.	
ON853667	ON853667	ON853667.1	MPXV/Germany/2022/RKI085	2022-06-XX	Europe	Germany			Homo sapiens	2022-06-27		Brinkmann et al		IIb	hMPXV-1	B.1.5	0.9986106110775878	274.0	608.0	0.0	good	good	good	good	good		False	Brinkmann,A., Kohl,C., Uddin,S., Pape,K., Schrick,L., Michel,J., Schaade,L., Nitsche,A.	
OP764627	OP764627	OP764627.1	MPXV/Germany/2022/RKI569	2022-06-XX	Europe	Germany			Homo sapiens	2022-11-03		Brinkmann et al		IIb	hMPXV-1	B.1.2	0.9988945737770588	218.0	608.0	0.0	good	good	good	good	good		False	Brinkmann,A., Kohl,C., Pape,K., Schrick,L., Michel,J., Schaade,L., Nitsche,A.	Robert Koch Institute, Centre for Biological Threats, Highly Pathogenic Viruses
OP689680	OP689680	OP689680.1	MPXV/Germany/2022/RKI527	2022-06-XX	Europe	Germany			Homo sapiens	2022-10-20		Brinkmann et al		IIb	hMPXV-1	B.1.2	0.9973581327424204	521.0	607.0	0.0	good	good	good	good	good		False	Brinkmann,A., Kohl,C., Pape,K., Schrick,L., Michel,J., Schaade,L., Nitsche,A.	Robert Koch Institute, Centre for Biological Threats, Highly Pathogenic Viruses
ON782022	ON782022	ON782022.1	MPX-42/Finland/2022	2022-05-31	Europe	Finland			Homo sapiens	2022-06-16		Kant et al		IIb	hMPXV-1	B.1	1.0	0.0	605.0	0.0	good	good	good	good	good		False	Kant,R., Smura,T., Vauhkonen,H., Vapalahti,O., Sironen,T.	
ON782021	ON782021	ON782021.1	MPX-37/Finland/2022	2022-05-24	Europe	Finland			Homo sapiens	2022-06-16		Kant et al		IIb	hMPXV-1	B.1.3	1.0	0.0	608.0	0.0	good	good	good	good	good		False	Kant,R., Smura,T., Vauhkonen,H., Vapalahti,O.	
OP783902	OP783902	OP783902.1	hMPXV-CH-38347314/2022	2022-06-08	Europe	Switzerland			Homo sapiens	2022-11-07		Laubscher et al		IIb	hMPXV-1	B.1.5	0.9971553022427982	533.0	603.0	0.0	good	good	good	good	good		False	Laubscher,F., Marques-Melancia,S., Cordey,S., Schibler,M., Kaiser,L., Renzoni,A.	University Hospitals of Geneva, Laboratory of Virology
ON792320	ON792320	ON792320.1	hMpxV/Switzerland/ZH-UZH-IMV-3ba6449f/2022	2022-06-01	Europe	Switzerland	Zürich		Homo sapiens	2022-06-17		Kufner et al		IIb	hMPXV-1	B.1.3	0.999462499176001	102.0	607.0	4.0	good	good	good	good	good		False	Kufner,V., Ziltener,G., Zaheri,M., Schmutz,S., Audige,A., Bernasconi,O., Steiner,K., Huder,J., Shah,C., Capaul,R., Bloemberg,G., Boeni,J., Huber,M., Trkola,A.	
ON792322	ON792322	ON792322.1	hMpxV/Switzerland/ZH-UZH-IMV-3ba64538/2022	2022-06-02	Europe	Switzerland	Zürich		Homo sapiens	2022-06-17		Kufner et al		IIb	hMPXV-1	B.1.5	0.9999492923750944	0.0	606.0	10.0	good	good	good	good	good		False	Kufner,V., Ziltener,G., Zaheri,M., Schmutz,S., Audige,A., Bernasconi,O., Steiner,K., Huder,J., Shah,C., Capaul,R., Bloemberg,G., Boeni,J., Huber,M., Trkola,A.	
ON792321	ON792321	ON792321.1	hMpxV/Switzerland/ZH-UZH-IMV-3ba6450e/2022	2022-06-02	Europe	Switzerland	Zürich		Homo sapiens	2022-06-17		Kufner et al		IIb	hMPXV-1	B.1.1	0.984615306603654	3026.0	602.0	0.0	good	good	good	good	good	OPG205:73-788	False	Kufner,V., Ziltener,G., Zaheri,M., Schmutz,S., Audige,A., Bernasconi,O., Steiner,K., Huder,J., Shah,C., Capaul,R., Bloemberg,G., Boeni,J., Huber,M., Trkola,A.	
ON838939	ON838939	ON838939.1	8887	2022-06-06	Europe	Spain	Madrid		Homo sapiens	2022-06-24	SRR19793481, SRR19793480	de la Hoz-Sanchez et al		IIb	hMPXV-1	B.1	1.0	0.0	607.0	0.0	good	good	good	good	good		False	de la Hoz-Sanchez,B., Lopez-Ortiz,M., Gutierrez-Arroyo,A., Roces-Alvarez,P., Lazaro-Peona,F., Dahdouh,E., Bloise,I., Garcia-Rodriguez,J., Mingorance,J.	
ON927243	ON927243	ON927243.1	MpxV/Spain/MD-HGUGM-6642566/2022	2022-06-21	Europe	Spain			Homo sapiens	2022-07-06		Palomino-Cabrera et al		IIb	hMPXV-1	B.1	0.9849956137904456	2957.0	592.0	2.0	good	good	good	good	good		False	Palomino-Cabrera,R., Penas-Utrilla,D., Buenestado-Serrano,S., Perez-Lago,L., Herranz Martin,M., Veintimilla,C., Catalan,P., Munoz,P., Garcia de Viedma,D.	
OP414298	OP414298	OP414298.1	Monkeypox/PT0257/2022	2022-06-18	Europe	Portugal			Homo sapiens	2022-09-12		Isidro et al		IIb	hMPXV-1	B.1	0.946574446399505	9798.0	576.0	0.0	mediocre	good	good	good	good		False	Isidro,J., Borges,V., Pinto,M., Sobral,D., Santos,J., Nunes,A., Mixao,V., Ferreira,R., Santos,D., Duarte,S., Vieira,L., Borrego,M.J., Nuncio,S., Lopes de Carvalho,I., Pelerito,A., Cordeiro,R., Gomes,J.P.	National Institute of Health Doutor Ricardo Jorge, Portugal (INSA), Department of Infectious Diseases
OP414361	OP414361	OP414361.1	Monkeypox/PT0330/2022	2022-06-01	Europe	Portugal			Homo sapiens	2022-09-12		Isidro et al		IIb	hMPXV-1	B.1	0.9901576500058312	1113.0	601.0	0.0	good	good	good	good	good		False	Isidro,J., Borges,V., Pinto,M., Sobral,D., Santos,J., Nunes,A., Mixao,V., Ferreira,R., Santos,D., Duarte,S., Vieira,L., Borrego,M.J., Nuncio,S., Lopes de Carvalho,I., Pelerito,A., Cordeiro,R., Gomes,J.P.	National Institute of Health Doutor Ricardo Jorge, Portugal (INSA), Department of Infectious Diseases
OP414343	OP414343	OP414343.1	Monkeypox/PT0309/2022	2022-06-06	Europe	Portugal			Homo sapiens	2022-09-12		Isidro et al		IIb	hMPXV-1	B.1	0.9772170641299333	3797.0	595.0	0.0	good	good	good	good	good		False	Isidro,J., Borges,V., Pinto,M., Sobral,D., Santos,J., Nunes,A., Mixao,V., Ferreira,R., Santos,D., Duarte,S., Vieira,L., Borrego,M.J., Nuncio,S., Lopes de Carvalho,I., Pelerito,A., Cordeiro,R., Gomes,J.P.	National Institute of Health Doutor Ricardo Jorge, Portugal (INSA), Department of Infectious Diseases
OP414348	OP414348	OP414348.1	Monkeypox/PT0315/2022	2022-06-03	Europe	Portugal			Homo sapiens	2022-09-12		Isidro et al		IIb	hMPXV-1	B.1	0.9894021063947386	1180.0	602.0	0.0	good	good	good	good	good		False	Isidro,J., Borges,V., Pinto,M., Sobral,D., Santos,J., Nunes,A., Mixao,V., Ferreira,R., Santos,D., Duarte,S., Vieira,L., Borrego,M.J., Nuncio,S., Lopes de Carvalho,I., Pelerito,A., Cordeiro,R., Gomes,J.P.	National Institute of Health Doutor Ricardo Jorge, Portugal (INSA), Department of Infectious Diseases
OP324521	OP324521	OP324521.2	Monkeypox/PT0211/2022	2022-06-26	Europe	Portugal			Homo sapiens	2022-08-29		Isidro et al		IIb	hMPXV-1	B.1	0.9823892418703	2017.0	589.0	0.0	good	good	good	good	good	OPG023:526-661	False	Isidro,J., Borges,V., Pinto,M., Sobral,D., Santos,J., Nunes,A., Mixao,V., Ferreira,R., Santos,D., Duarte,S., Vieira,L., Borrego,M.J., Nuncio,S., Lopes de Carvalho,I., Pelerito,A., Cordeiro,R., Gomes,J.P.	National Institute of Health Doutor Ricardo Jorge, Portugal (INSA), Department of Infectious Diseases
ON880516	ON880516	ON880516.1	MpxV/human/CAN/UN-NML-3472/2022	2022-06-02	North America	Canada			Homo sapiens	2022-06-30		Duggan et al		IIb	hMPXV-1	B.1	0.9998935139876984	21.0	605.0	0.0	good	good	good	good	good		False	Duggan,A., Hole,D., Knox,N., Yadav,C., Haidl,E., Chapel,M., Domselaar,G.V., Jolly,G., Audet,J., Fernando,L., Antonation,K., Safronetz,D., Hagan,M., Griffiths,E., Leung,A., Graham,M., Peters,G., Go,A., Laminman,V., Kaplen,B., Eshaghi,A., Gubbay,J.B., Hasso,M., Marchand-Austin,A., Olsha,R., Patel,S.N.	National Microbiology Laboratory, Public Health Agency of Canada
ON880541	ON880541	ON880541.1	MpxV/human/CAN/UN-NML-3344/2022	2022-06-01	North America	Canada			Homo sapiens	2022-06-30		Duggan et al		IIb	hMPXV-1	B.1	0.9681049039344046	6290.0	587.0	0.0	good	good	good	good	good		False	Duggan,A., Hole,D., Knox,N., Yadav,C., Haidl,E., Chapel,M., Domselaar,G.V., Fernando,L., Graham,M., Antonation,K., Audet,J., Hagan,M., Safronetz,D., Leung,A., Peters,G., Go,A., Laminman,V., Kaplen,B., Jolly,G., Charest,H., Levade,I., Fafard,J.	National Microbiology Laboratory, Public Health Agency of Canada
ON880518	ON880518	ON880518.1	MpxV/human/CAN/UN-NML-3486/2022	2022-06-08	North America	Canada			Homo sapiens	2022-06-30		Duggan et al		IIb	hMPXV-1	B.1	0.9340800876227758	13000.0	571.0	0.0	mediocre	good	good	good	good		False	Duggan,A., Hole,D., Knox,N., Yadav,C., Haidl,E., Chapel,M., Domselaar,G.V., Jolly,G., Audet,J., Fernando,L., Antonation,K., Safronetz,D., Hagan,M., Griffiths,E., Leung,A., Graham,M., Peters,G., Go,A., Laminman,V., Kaplen,B., Eshaghi,A., Gubbay,J.B., Hasso,M., Marchand-Austin,A., Olsha,R., Patel,S.N.	National Microbiology Laboratory, Public Health Agency of Canada
OP279039	OP279039	OP279039.1	MpxV/human/CAN/UN-NML-4117/2022	2022-06-28	North America	Canada			Homo sapiens	2022-08-23		Duggan et al		IIb	hMPXV-1	B.1.2	0.9806651826235112	3811.0	598.0	2.0	good	good	good	good	good		False	Duggan,A., Hole,D., Yadav,C., Knox,N., Tyler,A., Haidl,E., Chapel,M., Domselaar,G.V., Graham,M., Audet,J., Fernando,L., Antonation,K., Safronetz,D., Hagan,M., Peters,G., Go,A., Laminman,V., Kaplen,B., Leung,A., Griffiths,E., Jolly,G., Eshaghi,A., Gubbay,J.B., Hasso,M., Marchand-Austin,A., Olsha,R., Patel,S.N.	National Microbiology Laboratory, Public Health Agency of Canada
ON983165	ON983165	ON983165.1	MpxV/human/CAN/UN-NML-3686/2022	2022-06-14	North America	Canada			Homo sapiens	2022-07-14		Duggan et al		IIb	hMPXV-1	B.1	0.998595398790116	277.0	610.0	0.0	good	good	good	good	good		False	Duggan,A., Hole,D., Yadav,C., Knox,N., Haidl,E., Chapel,M., Domselaar,G.V., Fernando,L., Graham,M., Antonation,K., Audet,J., Hagan,M., Safronetz,D., Leung,A., Peters,G., Go,A., Laminman,V., Kaplen,B., Jolly,G., Marchand-Austin,A., Eshaghi,A., Patel,S.N., Hasso,M., Gubbay,J.B., Olsha,R.	National Microbiology Laboratory, Public Health Agency of Canada
OP018599	OP018599	OP018599.1	MPXV/Germany/2022/RKI174	2022-07-XX	Europe	Germany			Homo sapiens	2022-07-19		Brinkmann et al		IIb	hMPXV-1	B.1.1	0.9991278288516244	172.0	608.0	0.0	good	good	good	good	good		False	Brinkmann,A., Kohl,C., Pape,K., Uddin,S., Schrick,L., Michel,J., Schaade,L., Nitsche,A.	Robert Koch Institute, Centre for Biological Threats, Highly Pathogenic Viruses
ON959175	ON959175	ON959175.1	MPXV/Germany/2022/RKI162	2022-07-XX	Europe	Germany			Homo sapiens	2022-07-11		Brinkmann et al		IIb	hMPXV-1	B.1.5	1.0	0.0	606.0	0.0	good	good	good	good	good		False	Brinkmann,A., Kohl,C., Pape,K., Uddin,S., Schrick,L., Michel,J., Schaade,L., Nitsche,A.	
OP626127	OP626127	OP626127.1	MPXV/Germany/2022/RKI489	2022-07-XX	Europe	Germany			Homo sapiens	2022-10-13		Brinkmann et al		IIb	hMPXV-1	B.1	0.9991075458016622	176.0	608.0	0.0	good	good	good	good	good		False	Brinkmann,A., Kohl,C., Pape,K., Schrick,L., Michel,J., Schaade,L., Nitsche,A.	Robert Koch Institute, Centre for Biological Threats, Highly Pathogenic Viruses
OP689681	OP689681	OP689681.1	MPXV/Germany/2022/RKI528	2022-07-XX	Europe	Germany			Homo sapiens	2022-10-20		Brinkmann et al		IIb	hMPXV-1	B.1	0.9991582534265676	166.0	606.0	0.0	good	good	good	good	good		False	Brinkmann,A., Kohl,C., Pape,K., Schrick,L., Michel,J., Schaade,L., Nitsche,A.	Robert Koch Institute, Centre for Biological Threats, Highly Pathogenic Viruses
ON929071	ON929071	ON929071.1	MPXV/Germany/2022/RKI113	2022-07-XX	Europe	Germany			Homo sapiens	2022-07-06		Brinkmann et al		IIb	hMPXV-1	B.1	0.9999949292375094	1.0	605.0	0.0	good	good	good	good	good		False	Brinkmann,A., Kohl,C., Pape,K., Uddin,S., Schrick,L., Michel,J., Schaade,L., Nitsche,A.	
OP378702	OP378702	OP378702.1	MPXV_USA_2022_MI0001	2022-06-XX	North America	USA	Michigan		Homo sapiens	2022-09-06		Gigante et al		IIb	hMPXV-1	B.1.2	0.9997920987378872	41.0	607.0	0.0	good	good	good	good	good		False	Gigante,C.M., Johnson,S., Zhao,H., Batra,D., Hetrick,E.E., Howard,D.T., Kovar,L., Seabolt,M.H., Weigand,M.R., Burroughs,M., Lee,J., Wilkins,K., McCollum,A., Hutson,C., Davidson,W., Rao,A., Riner,D., Li,Y.	CDC, DHCPP-PRB
OP536707	OP536707	OP536707.1	MPXV-USA-IL-IDPH-046	2022-06-23	North America	USA	Illinois		Homo sapiens	2022-09-27		Gagnon et al		IIb	hMPXV-1	B.1.1	0.99443230278537	999.0	604.0	0.0	good	good	good	good	good		False	Gagnon,K.T.	Southern Illinois University, Molecular Biology, Microbiology, and Biochemistry
OP378706	OP378706	OP378706.1	MPXV_USA_2022_IL0053	2022-06-XX	North America	USA	Illinois		Homo sapiens	2022-09-06		Gigante et al		IIb	hMPXV-1	B.1.11	0.9997920987378872	41.0	610.0	0.0	good	good	good	good	good		False	Gigante,C.M., Ghinai,I., Zhao,H., Batra,D., Hetrick,E.E., Howard,D.T., Kovar,L., Seabolt,M.H., Weigand,M.R., Burroughs,M., Lee,J., Wilkins,K., McCollum,A., Hutson,C., Davidson,W., Rao,A., Kerins,J., Li,Y.	CDC, DHCPP-PRB
OP536692	OP536692	OP536692.1	MPXV-USA-IL-IDPH-031	2022-06-14	North America	USA	Illinois		Homo sapiens	2022-09-27		Gagnon et al		IIb	hMPXV-1	B.1.11	0.9701636335055702	579.0	584.0	0.0	good	good	good	good	good		False	Gagnon,K.T.	Southern Illinois University, Molecular Biology, Microbiology, and Biochemistry
OP450986	OP450986	OP450986.1	MPXV_USA_2022_TX0015	2022-06-XX	North America	USA	Texas		Homo sapiens	2022-09-16		Gigante et al		IIb	hMPXV-1	B.1.7	0.9997920987378872	41.0	611.0	0.0	good	good	good	good	good		False	Gigante,C.M., Kubin,G., Zhao,H., Batra,D., Hetrick,E.E., Howard,D.T., Kovar,L., Seabolt,M.H., Weigand,M.R., Burroughs,M., Lee,J., Wilkins,K., McCollum,A., Hutson,C., Davidson,W., Rao,A., White,S.L., Li,Y.	CDC, DHCPP-PRB
ON959143	ON959143	ON959143.1	MPX-96/Finland/2022	2022-06-16	Europe	Finland			Homo sapiens	2022-07-11		Kant et al		IIb	hMPXV-1	B.1.10	0.9999898584750188	2.0	610.0	0.0	good	good	good	good	good		False	Kant,R., Smura,T., Vauhkonen,H., Vapalahti,O.	
OP019275	OP019275	OP019275.1	hMPXV/Austria/MUW1525179/2022	2022-06-10	Europe	Austria			Homo sapiens	2022-07-19		Camp et al		IIb	hMPXV-1	B.1	0.9996095512882271	77.0	608.0	0.0	good	good	good	good	good		False	Camp,J.V., Redlberger-Fritz,M., Aberle,S.W.	Medical University of Vienna, Center for Virology
OP019276	OP019276	OP019276.1	hMPXV/Austria/MUW1527495/2022	2022-06-21	Europe	Austria			Homo sapiens	2022-07-19		Camp et al		IIb	hMPXV-1	B.1.1	1.0	0.0	608.0	0.0	good	good	good	good	good		False	Camp,J.V., Redlberger-Fritz,M., Aberle,S.W.	Medical University of Vienna, Center for Virology
OP133005	OP133005	OP133005.1	hMPXV/Austria/MUW1531848/2022	2022-07-05	Europe	Austria			Homo sapiens	2022-08-03		Camp et al		IIb	hMPXV-1	B.1	1.0	0.0	607.0	0.0	good	good	good	good	good	OPG044:149-150	False	Camp,J.V., Redlberger-Fritz,M., Aberle,S.W.	Medical University of Vienna, Center for Virology
OP133006	OP133006	OP133006.1	hMPXV/Austria/MUW1532243/2022	2022-07-06	Europe	Austria			Homo sapiens	2022-08-03		Camp et al		IIb	hMPXV-1	B.1	1.0	0.0	608.0	0.0	good	good	good	good	good	OPG044:149-150	False	Camp,J.V., Redlberger-Fritz,M., Aberle,S.W.	Medical University of Vienna, Center for Virology
OP133004	OP133004	OP133004.1	hMPXV/Austria/MUW1533374/2022	2022-07-11	Europe	Austria			Homo sapiens	2022-08-03		Camp et al		IIb	hMPXV-1	B.1	1.0	0.0	608.0	0.0	good	good	good	good	good	OPG044:149-150	False	Camp,J.V., Redlberger-Fritz,M., Aberle,S.W.	Medical University of Vienna, Center for Virology
OP019277	OP019277	OP019277.1	hMPXV/Austria/MUW1531254/2022	2022-07-04	Europe	Austria			Homo sapiens	2022-07-19		Camp et al		IIb	hMPXV-1	B.1	1.0	0.0	609.0	0.0	good	good	good	good	good		False	Camp,J.V., Redlberger-Fritz,M., Aberle,S.W.	Medical University of Vienna, Center for Virology
OP422340	OP422340	OP422340.1	hMPXV/Austria/MUW1533948/2022	2022-07-13	Europe	Austria			Homo sapiens	2022-09-13		Camp et al		IIb	hMPXV-1	B.1	1.0	0.0	607.0	0.0	good	good	good	good	good		False	Camp,J.V., Redlberger-Fritz,M., Aberle,S.W.	Medical University of Vienna, Center for Virology
OP587263	OP587263	OP587263.1	MPXV/Human/USA/CA-CDPH-MPX000042/2022	2022-07-28	North America	USA			Homo sapiens	2022-10-05		Probert et al		IIb	hMPXV-1	B.1.11	0.9669893361864824	4777.0	591.0	0.0	good	good	good	good	good		False	Probert,W., Espinosa,A., Kath,C., Haw,M., O'Neil,R., Bell,J., Hacker,J.	CDPH, VRDL
OP442550	OP442550	OP442550.1	hMPX/Human/USA/CA-LACPHL-MA00083/2022	2022-07-13	North America	USA			Homo sapiens	2022-09-15		Hemarajata et al		IIb	hMPXV-1	B.1	0.9843110608542206	2397.0	601.0	0.0	good	good	good	good	good		False	Hemarajata,P., Green,N.M., Garrigues,J.	Los Angeles County Public Health Laboratories, Los Angeles County Department of Public Health
OP743362	OP743362	OP743362.1	MPXV/Human/USA/UT-UPHL-82200104/2022	2022-07-21	North America	USA			Homo sapiens	2022-10-31		Iverson et al		IIb	hMPXV-1	B.1.14	0.9247803092150968	1810.0	549.0	2.0	good	good	good	good	good		False	Iverson,T., Oakeson,K.F., Young,E.L., Wagner,J., Hergert,J.	Utah Public Health Laboratory
OP615272	OP615272	OP615272.1	MPX/Human/USA/CA-LACPHL-MA00199/2022	2022-07-19	North America	USA			Homo sapiens	2022-10-12		Hemarajata et al		IIb	hMPXV-1	B.1	0.9818010334213956	2041.0	603.0	0.0	good	good	good	good	good		False	Hemarajata,P., Green,N.M., Garrigues,J.M.	Los Angeles County Public Health Laboratories, Los Angeles County Department of Public Health
OP743363	OP743363	OP743363.1	MPXV/Human/USA/UT-UPHL-82200116/2022	2022-07-22	North America	USA			Homo sapiens	2022-10-31		Iverson et al		IIb	hMPXV-1	B.1	0.9333549685866264	236.0	556.0	0.0	good	good	good	good	good		False	Iverson,T., Oakeson,K.F., Young,E.L., Wagner,J., Hergert,J.	Utah Public Health Laboratory
OP144211	OP144211	OP144211.2	MPXV/ITM_pt_10/Belgium/1-Jun-2022	2022-06-01	Europe	Belgium			Homo sapiens	2022-08-04		De Baetselier et al		IIb	hMPXV-1	B.1	0.9670299022864068	119.0	579.0	0.0	good	good	good	good	good		False	De Baetselier,I., Van Dijck,C., Kenyon,C., Coppens,J., Smet,H., de Block,T., Coppens,S., Vanroye,F., Bugert,J., Girl,P., Liesenborghs,L., Selhorst,P., Arien,K., den Bossche,D.V., Florence,E., Rezende,A.M., Vercauteren,K., Esbroeck,M.V., Bracke,S., Brosius,I., Soentjens,P.	Institute of Tropica Medicine, Department of Clinical Sciences
OP144217	OP144217	OP144217.2	MPXV/ITM_pt_09/Belgium/2-Jun-2022	2022-06-02	Europe	Belgium			Homo sapiens	2022-08-04		De Baetselier et al		IIb	hMPXV-1	B.1	0.9631558397436224	885.0	576.0	0.0	good	good	good	good	good		False	De Baetselier,I., Van Dijck,C., Kenyon,C., Coppens,J., Smet,H., de Block,T., Coppens,S., Vanroye,F., Bugert,J., Girl,P., Liesenborghs,L., Selhorst,P., Arien,K., den Bossche,D.V., Florence,E., Rezende,A.M., Vercauteren,K., Esbroeck,M.V., Bracke,S., Brosius,I., Soentjens,P.	Institute of Tropica Medicine, Department of Clinical Sciences
OP144213	OP144213	OP144213.2	MPXV/ITM_pt_24/Belgium/16-Jun-2022	2022-06-16	Europe	Belgium			Homo sapiens	2022-08-04		De Baetselier et al		IIb	hMPXV-1	B.1	0.9642561952040728	666.0	576.0	0.0	good	good	good	good	good		False	De Baetselier,I., Van Dijck,C., Kenyon,C., Coppens,J., Smet,H., de Block,T., Coppens,S., Vanroye,F., Bugert,J., Girl,P., Liesenborghs,L., Selhorst,P., Arien,K., den Bossche,D.V., Florence,E., Rezende,A.M., Vercauteren,K., Esbroeck,M.V., Bracke,S., Brosius,I., Soentjens,P.	Institute of Tropica Medicine, Department of Clinical Sciences
OP144212	OP144212	OP144212.2	MPXV/ITM_pt_16/Belgium/10-Jun-2022	2022-06-10	Europe	Belgium			Homo sapiens	2022-08-04		De Baetselier et al		IIb	hMPXV-1	B.1.3	0.9655847349765984	405.0	582.0	0.0	good	good	good	good	good		False	De Baetselier,I., Van Dijck,C., Kenyon,C., Coppens,J., Smet,H., de Block,T., Coppens,S., Vanroye,F., Bugert,J., Girl,P., Liesenborghs,L., Selhorst,P., Arien,K., den Bossche,D.V., Florence,E., Rezende,A.M., Vercauteren,K., Esbroeck,M.V., Bracke,S., Brosius,I., Soentjens,P.	Institute of Tropica Medicine, Department of Clinical Sciences
OP144214	OP144214	OP144214.2	MPXV/ITM_pt_25/Belgium/16-Jun-2022	2022-06-16	Europe	Belgium			Homo sapiens	2022-08-04		De Baetselier et al		IIb	hMPXV-1	B.1.3	0.9662084387629368	276.0	583.0	0.0	good	good	good	good	good		False	De Baetselier,I., Van Dijck,C., Kenyon,C., Coppens,J., Smet,H., de Block,T., Coppens,S., Vanroye,F., Bugert,J., Girl,P., Liesenborghs,L., Selhorst,P., Arien,K., den Bossche,D.V., Florence,E., Rezende,A.M., Vercauteren,K., Esbroeck,M.V., Bracke,S., Brosius,I., Soentjens,P.	Institute of Tropica Medicine, Department of Clinical Sciences
OP160532	OP160532	OP160532.1	hMpxV/Netherlands/NH-AUMC-0001/2022	2022-06-XX	Europe	Netherlands			Homo sapiens	2022-08-05		Tutu van Furth AM et al		IIb	hMPXV-1	B.1	0.9996551881506422	0.0	607.0	0.0	good	good	good	good	good		False	Tutu van Furth AM, van der Kuip M, van Els AL, Fievez LC, van Rijckevorsel GG, van den Ouden A, Jonges M, Welkers MR, Welkers,M., Jonges,M.	
OP204840	OP204840	OP204840.1	PatientMPXV	2022-06-10	Europe	France			Homo sapiens	2022-08-23		Seang et al		IIb	hMPXV-1	B.1.7	0.9998783017002266	24.0	609.0	0.0	good	good	good	good	good		False	Seang,S., Burrel,S., Todesco,E., Leducq,V., Monsel,G., Le Pluart,D., Cordevant,C., Pourcher,V., Palich,R., Charpentier,C.	APHP Pitie Salpetriere SU, Virology
OP382478	OP382478	OP382478.1	hMPXV-IHU00001	2022-06-13	Europe	France			Homo sapiens	2022-09-07		Colson et al		IIb	hMPXV-1	B.1	0.9999239385626416	15.0	606.0	0.0	good	good	good	good	good		False	Colson,P.	IHU - Mediterranee Infection, MEPHI
OP205069	OP205069	OP205069.1	MPXV_UK_2022_9000063	2022-06-06	Europe	United Kingdom			Homo sapiens	2022-08-11		Groves et al		IIb	hMPXV-1	B.1	1.0	0.0	605.0	0.0	good	good	good	good	good		False	Groves,N., Osman,K.L., Lewandowski,K.S., Carter,D.P., Pullan,S.T., Myers,R., Vipond,R., Chand,M.	UKHSA, Research and Evaluation
OP205094	OP205094	OP205094.1	MPXV_UK_2022_9000106	2022-06-14	Europe	United Kingdom			Homo sapiens	2022-08-11		Groves et al		IIb	hMPXV-1	B.1.7	1.0	0.0	608.0	0.0	good	good	good	good	good		False	Groves,N., Osman,K.L., Lewandowski,K.S., Carter,D.P., Pullan,S.T., Myers,R., Vipond,R., Chand,M.	UKHSA, Research and Evaluation
OP390187	OP390187	OP390187.1	hMpxV/UK/LMO-005a/2022	2022-06-20	Europe	United Kingdom	Scotland		Homo sapiens	2022-09-08		McHugh et al		IIb	hMPXV-1	B.1.1	0.950478933517233	8201.0	579.0	17.0	mediocre	mediocre	good	good	good	OPG094:122-341	False	McHugh,M.P., Maloney,D., Parker,A., Mathers,K., Dewar,R., Kenicer,J., Cotton,S., Wild,J., Templeton,K.E.	Royal Infirmary of Edinburgh, Viral Genotyping Reference Laboratory
OP205132	OP205132	OP205132.1	MPXV_UK_2022_9000187	2022-06-28	Europe	United Kingdom			Homo sapiens	2022-08-11		Groves et al		IIb	hMPXV-1	B.1.2	0.9998580186502644	26.0	608.0	2.0	good	good	good	good	good		False	Groves,N., Osman,K.L., Lewandowski,K.S., Carter,D.P., Pullan,S.T., Myers,R., Vipond,R., Chand,M.	UKHSA, Research and Evaluation
OP415190	OP415190	OP415190.1	MPX_KJ3uDD_9000210	2022-06-XX	Europe	United Kingdom			Homo sapiens	2022-09-12		Groves et al		IIb	hMPXV-1	B.1.7	0.9999340800876227	13.0	610.0	0.0	good	good	good	good	good		False	Groves,N., Osman,K.L., Lewandowski,K.S., Carter,D.P., Pullan,S.T., Myers,R., Vipond,R., Chand,M.	UKHSA, Research and Evaluation
OP415212	OP415212	OP415212.1	MPX_UbfBKN_9000238	2022-07-XX	Europe	United Kingdom			Homo sapiens	2022-09-12		Groves et al		IIb	hMPXV-1	B.1	1.0	0.0	609.0	0.0	good	good	good	good	good		False	Groves,N., Osman,K.L., Lewandowski,K.S., Carter,D.P., Pullan,S.T., Myers,R., Vipond,R., Chand,M.	UKHSA, Research and Evaluation
OP205103	OP205103	OP205103.1	MPXV_UK_2022_9000138	2022-07-06	Europe	United Kingdom			Homo sapiens	2022-08-11		Groves et al		IIb	hMPXV-1	B.1.7	1.0	0.0	607.0	0.0	good	good	good	good	good		False	Groves,N., Osman,K.L., Lewandowski,K.S., Carter,D.P., Pullan,S.T., Myers,R., Vipond,R., Chand,M.	UKHSA, Research and Evaluation
OP415197	OP415197	OP415197.1	MPX_2v76E1_9000221	2022-07-XX	Europe	United Kingdom			Homo sapiens	2022-09-12		Groves et al		IIb	hMPXV-1	B.1.7	1.0	0.0	610.0	0.0	good	good	good	good	good		False	Groves,N., Osman,K.L., Lewandowski,K.S., Carter,D.P., Pullan,S.T., Myers,R., Vipond,R., Chand,M.	UKHSA, Research and Evaluation
OP415193	OP415193	OP415193.1	MPX_gOirGi_9000215	2022-07-XX	Europe	United Kingdom			Homo sapiens	2022-09-12		Groves et al		IIb	hMPXV-1	B.1.2	0.999954363137585	9.0	606.0	0.0	good	good	good	good	good		False	Groves,N., Osman,K.L., Lewandowski,K.S., Carter,D.P., Pullan,S.T., Myers,R., Vipond,R., Chand,M.	UKHSA, Research and Evaluation
OP415208	OP415208	OP415208.1	MPX_Fap1fz_9000234	2022-07-XX	Europe	United Kingdom			Homo sapiens	2022-09-12		Groves et al		IIb	hMPXV-1	B.1.2	0.9999949292375094	0.0	611.0	1.0	good	good	good	good	good		False	Groves,N., Osman,K.L., Lewandowski,K.S., Carter,D.P., Pullan,S.T., Myers,R., Vipond,R., Chand,M.	UKHSA, Research and Evaluation
OP215259	OP215259	OP215259.1	MPXV/Germany/2022/RKI233	2022-08-XX	Europe	Germany			Homo sapiens	2022-08-17		Brinkmann et al		IIb	hMPXV-1	B.1	0.9961259374572154	764.0	604.0	0.0	good	good	good	good	good		False	Brinkmann,A., Kohl,C., Pape,K., Uddin,S., Schrick,L., Michel,J., Schaade,L., Nitsche,A.	Robert Koch Institute, Centre for Biological Threats, Highly Pathogenic Viruses
OP689655	OP689655	OP689655.1	MPXV/Germany/2022/ON/RKI502	2022-08-XX	Europe	Germany			Homo sapiens	2022-10-20		Brinkmann et al		IIb	hMPXV-1	B.1	0.965762211663768	251.0	580.0	0.0	good	good	good	good	good		False	Brinkmann,A., Kohl,C., Pape,K., Schrick,L., Michel,J., Schaade,L., Nitsche,A.	Robert Koch Institute, Centre for Biological Threats, Highly Pathogenic Viruses
OP355564	OP355564	OP355564.1	MPXV/Germany/2022/ON/RKI303	2022-08-XX	Europe	Germany			Homo sapiens	2022-09-02		Brinkmann et al		IIb	hMPXV-1	B.1.1	0.9651334371149388	365.0	578.0	0.0	good	good	good	good	good		False	Brinkmann,A., Kohl,C., Pape,K., Uddin,S., Schrick,L., Michel,J., Schaade,L., Nitsche,A.	Robert Koch Institute, Centre for Biological Threats, Highly Pathogenic Viruses
OP215214	OP215214	OP215214.1	MPXV/Germany/2022/RKI212	2022-08-XX	Europe	Germany			Homo sapiens	2022-08-12		Brinkmann et al		IIb	hMPXV-1	B.1.7	0.9999949292375094	1.0	607.0	0.0	good	good	good	good	good		False	Brinkmann,A., Kohl,C., Pape,K., Uddin,S., Schrick,L., Michel,J., Jessen,H., Schaade,L., Nitsche,A.	Robert Koch Institute, Centre for Biological Threats, Highly Pathogenic Viruses
OP215233	OP215233	OP215233.1	MPXV/Germany/2022/RKI191	2022-08-XX	Europe	Germany			Homo sapiens	2022-08-17		Brinkmann et al		IIb	hMPXV-1	B.1	1.0	0.0	607.0	0.0	good	good	good	good	good		False	Brinkmann,A., Kohl,C., Pape,K., Uddin,S., Schrick,L., Michel,J., Schaade,L., Nitsche,A.	Robert Koch Institute, Centre for Biological Threats, Highly Pathogenic Viruses
OP279033	OP279033	OP279033.1	MpxV/human/CAN/UN-NML-4094/2022	2022-07-06	North America	Canada			Homo sapiens	2022-08-23		Duggan et al		IIb	hMPXV-1	B.1.4	0.975097485408881	4911.0	585.0	0.0	good	good	good	good	good		False	Duggan,A., Hole,D., Yadav,C., Knox,N., Tyler,A., Haidl,E., Chapel,M., Domselaar,G.V., Graham,M., Audet,J., Fernando,L., Antonation,K., Safronetz,D., Hagan,M., Peters,G., Go,A., Laminman,V., Kaplen,B., Leung,A., Griffiths,E., Jolly,G., Eshaghi,A., Gubbay,J.B., Hasso,M., Marchand-Austin,A., Olsha,R., Patel,S.N.	National Microbiology Laboratory, Public Health Agency of Canada
OP270024	OP270024	OP270024.1	MpxV/human/CAN/UN-NML-3976/2022	2022-07-04	North America	Canada			Homo sapiens	2022-08-22		Duggan et al		IIb	hMPXV-1	B.1	0.9999949292375094	1.0	610.0	0.0	good	good	good	good	good		False	Duggan,A., Hole,D., Yadav,C., Knox,N., Tyler,A., Haidl,E., Chapel,M., Domselaar,G.V., Graham,M., Audet,J., Fernando,L., Hagan,M., Safronetz,D., Leung,A., Peters,G., Go,A., Laminman,V., Kaplen,B., Antonation,K., Griffiths,E., Jolly,G., Charest,H., Levade,I., Fafard,J.	National Microbiology Laboratory, Public Health Agency of Canada
OP226139	OP226139	OP226139.1	MpxV/human/CAN/UN-NML-4050/2022	2022-07-11	North America	Canada			Homo sapiens	2022-08-16		Duggan et al		IIb	hMPXV-1	B.1	0.9028137661060094	19166.0	549.0	0.0	mediocre	good	good	good	good		False	Duggan,A., Hole,D., Yadav,C., Knox,N., Tyler,A., Haidl,E., Chapel,M., Domselaar,G.V., Graham,M., Audet,J., Fernando,L., Antonation,K., Safronetz,D., Hagan,M., Peters,G., Go,A., Laminman,V., Kaplen,B., Jolly,G., Griffiths,E., Leung,A., MacKenzie,K., Lang,A., Minion,J.	National Microbiology Laboratory, Public Health Agency of Canada
OP270021	OP270021	OP270021.1	MpxV/human/CAN/UN-NML-3971/2022	2022-07-04	North America	Canada			Homo sapiens	2022-08-22		Duggan et al		IIb	hMPXV-1	B.1	0.9028137661060094	19166.0	549.0	0.0	mediocre	good	good	good	good		False	Duggan,A., Hole,D., Yadav,C., Knox,N., Tyler,A., Haidl,E., Chapel,M., Domselaar,G.V., Graham,M., Audet,J., Fernando,L., Hagan,M., Safronetz,D., Leung,A., Peters,G., Go,A., Laminman,V., Kaplen,B., Antonation,K., Griffiths,E., Jolly,G., Charest,H., Levade,I., Fafard,J.	National Microbiology Laboratory, Public Health Agency of Canada
OP279037	OP279037	OP279037.1	MpxV/human/CAN/UN-NML-4113/2022	2022-07-04	North America	Canada			Homo sapiens	2022-08-23		Duggan et al		IIb	hMPXV-1	B.1.4	0.9102170793422208	17702.0	563.0	4.0	mediocre	good	good	good	good		False	Duggan,A., Hole,D., Yadav,C., Knox,N., Tyler,A., Haidl,E., Chapel,M., Domselaar,G.V., Graham,M., Audet,J., Fernando,L., Antonation,K., Safronetz,D., Hagan,M., Peters,G., Go,A., Laminman,V., Kaplen,B., Leung,A., Griffiths,E., Jolly,G., Eshaghi,A., Gubbay,J.B., Hasso,M., Marchand-Austin,A., Olsha,R., Patel,S.N.	National Microbiology Laboratory, Public Health Agency of Canada
OP555579	OP555579	OP555579.1	Monkeypox/PT0506/2022	2022-08-16	Europe	Portugal			Homo sapiens	2022-09-30		Isidro et al		IIb	hMPXV-1	B.1	0.90528322743891	17649.0	547.0	0.0	mediocre	good	good	good	good		False	Isidro,J., Borges,V., Pinto,M., Sobral,D., Santos,J., Nunes,A., Mixao,V., Ferreira,R., Santos,D., Duarte,S., Vieira,L., Borrego,M.J., Nuncio,S., Lopes de Carvalho,I., Pelerito,A., Cordeiro,R., Gomes,J.P.	National Institute of Health Doutor Ricardo Jorge, Portugal (INSA), Department of Infectious Diseases
OP555575	OP555575	OP555575.1	Monkeypox/PT0501/2022	2022-08-16	Europe	Portugal			Homo sapiens	2022-09-30		Isidro et al		IIb	hMPXV-1	B.1.14	0.945560293901394	9808.0	585.0	0.0	mediocre	good	good	good	good		False	Isidro,J., Borges,V., Pinto,M., Sobral,D., Santos,J., Nunes,A., Mixao,V., Ferreira,R., Santos,D., Duarte,S., Vieira,L., Borrego,M.J., Nuncio,S., Lopes de Carvalho,I., Pelerito,A., Cordeiro,R., Gomes,J.P.	National Institute of Health Doutor Ricardo Jorge, Portugal (INSA), Department of Infectious Diseases
OP555542	OP555542	OP555542.1	Monkeypox/PT0462/2022	2022-08-05	Europe	Portugal			Homo sapiens	2022-09-30		Isidro et al		IIb	hMPXV-1	B.1	0.9760507887571054	3879.0	596.0	0.0	good	good	good	good	good		False	Isidro,J., Borges,V., Pinto,M., Sobral,D., Santos,J., Nunes,A., Mixao,V., Ferreira,R., Santos,D., Duarte,S., Vieira,L., Borrego,M.J., Nuncio,S., Lopes de Carvalho,I., Pelerito,A., Cordeiro,R., Gomes,J.P.	National Institute of Health Doutor Ricardo Jorge, Portugal (INSA), Department of Infectious Diseases
OP245315	OP245315	OP245315.1	MPX/PT0061/2022	2022-08-01	Europe	Portugal			Homo sapiens	2022-08-17		Isidro et al		IIb	hMPXV-1	B.1.5	0.9562241074190326	7775.0	586.0	0.0	mediocre	good	good	good	good		False	Isidro,J., Borges,V., Pinto,M., Sobral,D., Santos,J., Nunes,A., Mixao,V., Ferreira,R., Santos,D., Duarte,S., Vieira,L., Borrego,M.J., Nuncio,S., Lopes de Carvalho,I., Pelerito,A., Cordeiro,R., Gomes,J.P.	National Institute of Health Doutor Ricardo Jorge, Portugal (INSA), Department of Infectious Diseases
OP555595	OP555595	OP555595.1	Monkeypox/PT0524/2022	2022-08-18	Europe	Portugal			Homo sapiens	2022-09-30		Isidro et al		IIb	hMPXV-1	B.1.3	0.9729373405879042	3727.0	594.0	0.0	good	good	good	good	good		False	Isidro,J., Borges,V., Pinto,M., Sobral,D., Santos,J., Nunes,A., Mixao,V., Ferreira,R., Santos,D., Duarte,S., Vieira,L., Borrego,M.J., Nuncio,S., Lopes de Carvalho,I., Pelerito,A., Cordeiro,R., Gomes,J.P.	National Institute of Health Doutor Ricardo Jorge, Portugal (INSA), Department of Infectious Diseases
OP555486	OP555486	OP555486.1	Monkeypox/PT0390/2022	2022-07-11	Europe	Portugal			Homo sapiens	2022-09-30		Isidro et al		IIb	hMPXV-1	B.1.5	0.939191416213256	10438.0	565.0	0.0	mediocre	good	good	good	good		False	Isidro,J., Borges,V., Pinto,M., Sobral,D., Santos,J., Nunes,A., Mixao,V., Ferreira,R., Santos,D., Duarte,S., Vieira,L., Borrego,M.J., Nuncio,S., Lopes de Carvalho,I., Pelerito,A., Cordeiro,R., Gomes,J.P.	National Institute of Health Doutor Ricardo Jorge, Portugal (INSA), Department of Infectious Diseases
OP555493	OP555493	OP555493.1	Monkeypox/PT0397/2022	2022-07-15	Europe	Portugal			Homo sapiens	2022-09-30		Isidro et al		IIb	hMPXV-1	B.1	0.947568315847654	9662.0	584.0	0.0	mediocre	good	good	good	good		False	Isidro,J., Borges,V., Pinto,M., Sobral,D., Santos,J., Nunes,A., Mixao,V., Ferreira,R., Santos,D., Duarte,S., Vieira,L., Borrego,M.J., Nuncio,S., Lopes de Carvalho,I., Pelerito,A., Cordeiro,R., Gomes,J.P.	National Institute of Health Doutor Ricardo Jorge, Portugal (INSA), Department of Infectious Diseases
OP245348	OP245348	OP245348.1	MPX/PT0114/2022	2022-07-15	Europe	Portugal			Homo sapiens	2022-08-17		Isidro et al		IIb	hMPXV-1	B.1.1	0.9854874777520296	1252.0	602.0	0.0	good	good	good	good	good		False	Isidro,J., Borges,V., Pinto,M., Sobral,D., Santos,J., Nunes,A., Mixao,V., Ferreira,R., Santos,D., Duarte,S., Vieira,L., Borrego,M.J., Nuncio,S., Lopes de Carvalho,I., Pelerito,A., Cordeiro,R., Gomes,J.P.	National Institute of Health Doutor Ricardo Jorge, Portugal (INSA), Department of Infectious Diseases
OP555478	OP555478	OP555478.1	Monkeypox/PT0382/2022	2022-07-12	Europe	Portugal			Homo sapiens	2022-09-30		Isidro et al		IIb	hMPXV-1	B.1	0.9872571738612336	1507.0	600.0	0.0	good	good	good	good	good		False	Isidro,J., Borges,V., Pinto,M., Sobral,D., Santos,J., Nunes,A., Mixao,V., Ferreira,R., Santos,D., Duarte,S., Vieira,L., Borrego,M.J., Nuncio,S., Lopes de Carvalho,I., Pelerito,A., Cordeiro,R., Gomes,J.P.	National Institute of Health Doutor Ricardo Jorge, Portugal (INSA), Department of Infectious Diseases
OP245325	OP245325	OP245325.1	MPX/PT0071/2022	2022-07-26	Europe	Portugal			Homo sapiens	2022-08-17		Isidro et al		IIb	hMPXV-1	B.1.1	0.9867957344745928	1050.0	603.0	0.0	good	good	good	good	good		False	Isidro,J., Borges,V., Pinto,M., Sobral,D., Santos,J., Nunes,A., Mixao,V., Ferreira,R., Santos,D., Duarte,S., Vieira,L., Borrego,M.J., Nuncio,S., Lopes de Carvalho,I., Pelerito,A., Cordeiro,R., Gomes,J.P.	National Institute of Health Doutor Ricardo Jorge, Portugal (INSA), Department of Infectious Diseases
OP310064	OP310064	OP310064.1	MpxV/human/USA/WA-UW-082497/2022	2022-08-XX	North America	USA	Washington		Homo sapiens	2022-08-26	SRR21236121	Sereewit et al		IIb	hMPXV-1	B.1	1.0	0.0	608.0	0.0	good	good	good	good	good		False	Sereewit,J., Xie,H., Roychoudhury,P., Greninger,A.L.	UW Virology, Laboratory Medicine
OP257262	OP257262	OP257262.1	MpxV/human/USA/WA-UW-087619/2022	2022-08-XX	North America	USA	Washington		Homo sapiens	2022-08-19	SRR21236082	Sereewit et al		IIb	hMPXV-1	B.1.3	0.9999949292375094	1.0	610.0	0.0	good	good	good	good	good		False	Sereewit,J., Xie,H., Roychoudhury,P., Greninger,A.L.	UW Virology, Laboratory Medicine
OP257256	OP257256	OP257256.1	MpxV/human/USA/OH-UW-082260/2022	2022-08-XX	North America	USA	Ohio		Homo sapiens	2022-08-19	SRR21236089	Sereewit et al		IIb	hMPXV-1	B.1	0.9999847877125284	3.0	607.0	0.0	good	good	good	good	good		False	Sereewit,J., Xie,H., Roychoudhury,P., Greninger,A.L.	UW Virology, Laboratory Medicine
OP480417	OP480417	OP480417.1	hMPXV/USA/NC-UNC-0018/2022	2022-08-28	North America	USA	North Carolina		Homo sapiens	2022-09-20		Deanhardt et al		IIb	hMPXV-1	B.1.2	0.9758885243574076	3764.0	596.0	0.0	good	good	good	good	good		False	Deanhardt,B., Miller,M., Wang,J.R.	University of North Carolina at Chapel Hill, Department of Genetics
OP484341	OP484341	OP484341.1	MPXV22/human/USA-OK-180	2022-08-17	North America	USA	Oklahoma		Homo sapiens	2022-09-21		Chapman et al		IIb	hMPXV-1	B.1.4	0.9988742907270968	222.0	612.0	0.0	good	good	good	good	good		False	Chapman,R.C., Bernhard,K., McCutchen,E.L., Fauver,J.R., O'Dell,J.X., Mannell,M., Wiley,M.R., Cross,S.T.	University of Nebraska Medical Center, Environmental, Agricultural, and Occupational Health
OP289782	OP289782	OP289782.1	LIM-INS-001	2022-06-25	South America	Peru			Homo sapiens	2022-08-24		Silva et al		IIb	hMPXV-1	B.1	1.0	0.0	607.0	0.0	good	good	good	good	good		False	Silva,I., Jimenez,V., Hurtado,V., Barcena,L.	Instituto Nacional de Salud Peru, Laboratorio de Biotecnologia y Biologia Molecular
OP289783	OP289783	OP289783.1	LIM-INS-003	2022-06-27	South America	Peru			Homo sapiens	2022-08-24		Padilla et al		IIb	hMPXV-1	B.1	1.0	0.0	607.0	0.0	good	good	good	good	good		False	Padilla,C., Silva,I., Hurtado,V., Jimenez,V., Barcena,L., Mestanza,O., Lope,P., Nunez,A.	Instituto Nacional de Salud Peru, Laboratorio de Biotecnologia y Biologia Molecular
OP295382	OP295382	OP295382.2	INS-MPXV-0015-L1	2022-07-21	South America	Colombia	La Guajira		Homo sapiens	2022-08-25		Laiton-Donato et al		IIb	hMPXV-1	B.1.10	0.9600018254744966	4769.0	570.0	0.0	good	good	good	good	good		False	Laiton-Donato,K., Alvarez-Diaz,D.A., Franco-Munoz,C., Ruiz-Moreno,H.A., Rojas-Estevez,P., Rosales,A., Martinez,D., Flores,A.C., Prieto,F., Walteros,D., Gomez,S., Mercado-Reyes,M.	Instituto Nacional de Salud, Direccion de Investigacion en Salud Publica
OP295383	OP295383	OP295383.2	INS-MPXV-0016-H1	2022-07-29	South America	Colombia	Antioquia		Homo sapiens	2022-08-25		Laiton-Donato et al		IIb	hMPXV-1	B.1	0.9499566449807058	6750.0	561.0	0.0	good	good	good	good	good		False	Laiton-Donato,K., Alvarez-Diaz,D.A., Franco-Munoz,C., Ruiz-Moreno,H.A., Rojas-Estevez,P., Rosales,A., Martinez,D., Flores,A.C., Prieto,F., Walteros,D., Gomez,S., Mercado-Reyes,M.	Instituto Nacional de Salud, Direccion de Investigacion en Salud Publica
OP693649	OP693649	OP693649.1	ANT_INS_MPX_0039_L	2022-07-29	South America	Colombia	Antioquia		Homo sapiens	2022-10-21		Laiton-Donato et al		IIb	hMPXV-1	B.1	0.8619484911946209	27038.0	511.0	0.0	bad	good	good	good	good		False	Laiton-Donato,K., Alvarez-Diaz,D.A., Franco-Munoz,C., Ruiz-Moreno,H.A., Rojas-Estevez,P., Rosales,A., Martinez,D., Flores,A., Prieto,F., Walteros,D., Gomez,S., Mercado-Reyes,M.	Instituto Nacional de Salud, Direccion de Investigacion en Salud Publica
OP320551	OP320551	OP320551.1	LIM-INS-018	2022-07-09	South America	Peru			Homo sapiens	2022-08-29		Padilla et al		IIb	hMPXV-1	B.1	1.0	0.0	607.0	0.0	good	good	good	good	good		False	Padilla,C., Silva,I., Hurtado,V., Jimenez,V., Barcena,L., Lope,P., Arotinco,G.	Instituto Nacional de Salud Peru, Laboratorio de Biotecnologia y Biologia Molecular
OP320548	OP320548	OP320548.1	LIM-INS008	2022-07-01	South America	Peru			Homo sapiens	2022-08-29		Padilla et al		IIb	hMPXV-1	B.1	1.0	0.0	607.0	0.0	good	good	good	good	good		False	Padilla,C., Silva,I., Hurtado,V., Jimenez,V., Barcena,L., Lope,P., Arotinco,G.	Instituto Nacional de Salud Peru, Laboratorio de Biotecnologia y Biologia Molecular
OP320550	OP320550	OP320550.1	LIM-INS-015	2022-07-09	South America	Peru			Homo sapiens	2022-08-29		Padilla et al		IIb	hMPXV-1	B.1	1.0	0.0	607.0	0.0	good	good	good	good	good		False	Padilla,C., Silva,I., Hurtado,V., Jimenez,V., Barcena,L., Lope,P., Arotinco,G.	Instituto Nacional de Salud Peru, Laboratorio de Biotecnologia y Biologia Molecular
OP320549	OP320549	OP320549.1	LIM-INS-010	2022-07-02	South America	Peru			Homo sapiens	2022-08-29		Padilla et al		IIb	hMPXV-1	B.1	0.9999949292375094	1.0	607.0	0.0	good	good	good	good	good		False	Padilla,C., Silva,I., Hurtado,V., Jimenez,V., Barcena,L., Lope,P., Arotinco,G.	Instituto Nacional de Salud Peru, Laboratorio de Biotecnologia y Biologia Molecular
OP320555	OP320555	OP320555.1	LIM-INS-021	2022-07-09	South America	Peru			Homo sapiens	2022-08-29		Padilla et al		IIb	hMPXV-1	B.1	1.0	0.0	607.0	0.0	good	good	good	good	good		False	Padilla,C., Silva,I., Hurtado,V., Jimenez,V., Barcena,L., Lope,P., Arotinco,G.	Instituto Nacional de Salud Peru, Laboratorio de Biotecnologia y Biologia Molecular
OP341487	OP341487	OP341487.1	hMpxV/Netherlands/NH-AUMC-0060/2022	2022-08-05	Europe	Netherlands	North Holland	Amsterdam	Homo sapiens	2022-08-31		Welkers et al		IIb	hMPXV-1	B.1	0.9989300691144928	68.0	609.0	0.0	good	good	good	good	good		False	Welkers,M., Jonges,M., de Regt,M., Ooijevaar,R., Wagemakers,A.	Amsterdam Medical Centres location AMC, Medical Microbiology & Infection Prevention
OP358276	OP358276	OP358276.1	SIC-AOUP-UNIPA_VL_9aug	2022-08-09	Europe	Italy			Homo sapiens	2022-09-02		Tramuto et al		IIb	hMPXV-1	B.1.5	0.9980883225410604	353.0	610.0	0.0	good	good	good	good	good		False	Tramuto,F.	"University of Palermo, Department of Health Promotion Sciences Maternal and Infant Care, Internal Medicine and Medical Specialties ""G. D'Alessandro"""
OP524005	OP524005	OP524005.1	MPXV/Germany/2022/RKI400	2022-09-XX	Europe	Germany			Homo sapiens	2022-09-26		Brinkmann et al		IIb	hMPXV-1	B.1.1	0.9969372594557044	604.0	604.0	0.0	good	good	good	good	good		False	Brinkmann,A., Kohl,C., Pape,K., Schrick,L., Michel,J., Schaade,L., Nitsche,A.	Robert Koch Institute, Centre for Biological Threats, Highly Pathogenic Viruses
OP588276	OP588276	OP588276.1	MPXV/Germany/2022/ON/RKI413	2022-09-XX	Europe	Germany			Homo sapiens	2022-10-05		Brinkmann et al		IIb	hMPXV-1	B.1	0.965189215502335	362.0	580.0	0.0	good	good	good	good	good		False	Brinkmann,A., Kohl,C., Pape,K., Schrick,L., Michel,J., Schaade,L., Nitsche,A.	Robert Koch Institute, Centre for Biological Threats, Highly Pathogenic Viruses
OP615334	OP615334	OP615334.1	MPXV/Germany/2022/ON/RKI464	2022-09-XX	Europe	Germany			Homo sapiens	2022-10-12		Brinkmann et al		IIb	hMPXV-1	B.1	0.9624104376575106	903.0	578.0	0.0	good	good	good	good	good		False	Brinkmann,A., Kohl,C., Pape,K., Schrick,L., Michel,J., Schaade,L., Nitsche,A.	Robert Koch Institute, Centre for Biological Threats, Highly Pathogenic Viruses
OP615333	OP615333	OP615333.1	MPXV/Germany/2022/ON/RKI460	2022-09-XX	Europe	Germany			Homo sapiens	2022-10-12		Brinkmann et al		IIb	hMPXV-1	B.1	0.96067116612325	1245.0	575.0	0.0	good	good	good	good	good		False	Brinkmann,A., Kohl,C., Pape,K., Schrick,L., Michel,J., Schaade,L., Nitsche,A.	Robert Koch Institute, Centre for Biological Threats, Highly Pathogenic Viruses
OP588282	OP588282	OP588282.1	MPXV/Germany/2022/ON/RKI419	2022-09-XX	Europe	Germany			Homo sapiens	2022-10-05		Brinkmann et al		IIb	hMPXV-1	B.1	0.9649103235653546	411.0	582.0	0.0	good	good	good	good	good		False	Brinkmann,A., Kohl,C., Pape,K., Schrick,L., Michel,J., Schaade,L., Nitsche,A.	Robert Koch Institute, Centre for Biological Threats, Highly Pathogenic Viruses
OP382480	OP382480	OP382480.1	hMPXV-IHU00003	2022-07-04	Europe	France			Homo sapiens	2022-09-07		Colson et al		IIb	hMPXV-1	B.1	0.9999949292375094	1.0	605.0	0.0	good	good	good	good	good		False	Colson,P.	IHU - Mediterranee Infection, MEPHI
OP382479	OP382479	OP382479.1	hMPXV-IHU00002	2022-07-01	Europe	France			Homo sapiens	2022-09-07		Colson et al		IIb	hMPXV-1	B.1.1	1.0	0.0	606.0	0.0	good	good	good	good	good		False	Colson,P.	IHU - Mediterranee Infection, MEPHI
OP382488	OP382488	OP382488.1	hMPXV-IHU00011	2022-07-19	Europe	France			Homo sapiens	2022-09-07		Colson et al		IIb	hMPXV-1	B.1.1	0.9938948019613708	1139.0	598.0	0.0	good	good	good	good	good		False	Colson,P.	IHU - Mediterranee Infection, MEPHI
OP382485	OP382485	OP382485.1	hMPXV-IHU00008	2022-07-05	Europe	France			Homo sapiens	2022-09-07		Colson et al		IIb	hMPXV-1	B.1.12	0.9344147579471526	12770.0	571.0	0.0	mediocre	good	good	good	good		False	Colson,P.	IHU - Mediterranee Infection, MEPHI
OP382483	OP382483	OP382483.1	hMPXV-IHU00006	2022-07-04	Europe	France			Homo sapiens	2022-09-07		Colson et al		IIb	hMPXV-1	B.1	0.9647277761156944	6816.0	581.0	0.0	good	good	good	good	good		False	Colson,P.	IHU - Mediterranee Infection, MEPHI
OP459217	OP459217	OP459217.1	ANT-LDSP-ANT-MPX-23654-O	2022-08-30	South America	Colombia	Antioquia	Medellin	Homo sapiens	2022-09-19		Betancur et al		IIb	hMPXV-1	B.1.10	0.9133355982739124	16991.0	536.0	0.0	mediocre	good	good	good	good		False	Betancur,I.I.B., Velarde-Hoyos,C.-A.C.V., Gomez,R.R.G., Mercado-Reyes,M.M.R.	Laboratorio Departamental de Salud Publica de Antioquia
OP459213	OP459213	OP459213.1	ANT-LDSP-ANT-MPX-23628-C	2022-08-30	South America	Colombia	Antioquia	Medellin	Homo sapiens	2022-09-19		Betancur et al		IIb	hMPXV-1	B.1.10	0.8375226282776141	28923.0	480.0	0.0	bad	good	good	good	good		False	Betancur,I.I.B., Velarde-Hoyos,C.-A.C.V., Gomez,R.R.G., Mercado-Reyes,M.M.R.	Laboratorio Departamental de Salud Publica de Antioquia
OP431400	OP431400	OP431400.1	ANT-LDSP-ANT-MPX-22751-L	2022-08-17	South America	Colombia	Antioquia	Itagui	Homo sapiens	2022-09-14		Betancur et al		IIb	hMPXV-1	B.1	0.8698436683924161	25568.0	507.0	0.0	bad	good	good	good	good		False	Betancur,I.I.B., Velarde-Hoyos,C.-A.C.V., Gomez,R.R.G., Mercado-Reyes,M.M.R.	Laboratorio Departamental de Salud Publica de Antioquia, Antioquia
OP390178	OP390178	OP390178.1	MAG-UNIMOL-MPX-292982-L	2022-08-20	South America	Colombia	Magdalena	Santa Marta (Magdalena)	Homo sapiens	2022-09-08		Loyola et al		IIb	hMPXV-1	B.1.11	0.8917290793016546	21252.0	523.0	0.0	bad	good	good	good	good		False	Loyola,S., Fernandez-Ruiz,M., Torres-Pacheco,J., Franco-Munoz,C., Laiton-Donato,K., Ruiz-Moreno,H., Mercado-Reyes,M., Gomez-Camargo,D.	Universidad de Cartagena, Laboratorio de Investigacion Molecular (UNIMOL)
OP459215	OP459215	OP459215.1	ANT-LDSP-ANT-MPX-23645-L	2022-08-30	South America	Colombia	Antioquia	Envigado	Homo sapiens	2022-09-19		Betancur et al		IIb	hMPXV-1	B.1.10	0.8901368598796201	21180.0	521.0	0.0	bad	good	good	good	good		False	Betancur,I.I.B., Velarde-Hoyos,C.-A.C.V., Gomez,R.R.G., Mercado-Reyes,M.M.R.	Laboratorio Departamental de Salud Publica de Antioquia
OP536780	OP536780	OP536780.1	9000404	2022-08-XX	Europe	United Kingdom			Homo sapiens	2022-09-27		Groves et al		IIb	hMPXV-1	B.1.3	0.9999746461875472	0.0	612.0	5.0	good	good	good	good	good		False	Groves,N., Osman,K.L., Lewandowski,K.S., Carter,D.P., Pullan,S.T., Myers,R., Vipond,R., Chand,M.	UKHSA, Research and Evaluation
OP536762	OP536762	OP536762.1	9000383	2022-08-XX	Europe	United Kingdom			Homo sapiens	2022-09-27		Groves et al		IIb	hMPXV-1	B.1.7	0.9999847877125284	0.0	607.0	3.0	good	good	good	good	good	NBT03_gp174:127-177	False	Groves,N., Osman,K.L., Lewandowski,K.S., Carter,D.P., Pullan,S.T., Myers,R., Vipond,R., Chand,M.	UKHSA, Research and Evaluation
OP415225	OP415225	OP415225.1	MPX_vBjMTK_9000255	2022-08-XX	Europe	United Kingdom			Homo sapiens	2022-09-12		Groves et al		IIb	hMPXV-1	B.1	0.9999797169500376	4.0	611.0	0.0	good	good	good	good	good		False	Groves,N., Osman,K.L., Lewandowski,K.S., Carter,D.P., Pullan,S.T., Myers,R., Vipond,R., Chand,M.	UKHSA, Research and Evaluation
OP415226	OP415226	OP415226.1	MPX_k9tr7U_9000256	2022-08-XX	Europe	United Kingdom			Homo sapiens	2022-09-12		Groves et al		IIb	hMPXV-1	B.1	1.0	0.0	605.0	0.0	good	good	good	good	good		False	Groves,N., Osman,K.L., Lewandowski,K.S., Carter,D.P., Pullan,S.T., Myers,R., Vipond,R., Chand,M.	UKHSA, Research and Evaluation
OP536768	OP536768	OP536768.1	9000390	2022-08-XX	Europe	United Kingdom			Homo sapiens	2022-09-27		Groves et al		IIb	hMPXV-1	B.1.2	1.0	0.0	611.0	0.0	good	good	good	good	good		False	Groves,N., Osman,K.L., Lewandowski,K.S., Carter,D.P., Pullan,S.T., Myers,R., Vipond,R., Chand,M.	UKHSA, Research and Evaluation
OP415196	OP415196	OP415196.1	MPX_96X1Vd_9000218	2022-03-XX	Europe	United Kingdom			Homo sapiens	2022-09-12		Groves et al		IIb	hMPXV-1	B.1	0.999954363137585	9.0	605.0	0.0	good	good	good	good	good		False	Groves,N., Osman,K.L., Lewandowski,K.S., Carter,D.P., Pullan,S.T., Myers,R., Vipond,R., Chand,M.	UKHSA, Research and Evaluation
OP415194	OP415194	OP415194.1	MPX_96X1Vd_9000216	2022-03-XX	Europe	United Kingdom			Homo sapiens	2022-09-12		Groves et al		IIb	hMPXV-1	B.1	0.9994117915510956	116.0	604.0	0.0	good	good	good	good	good		False	Groves,N., Osman,K.L., Lewandowski,K.S., Carter,D.P., Pullan,S.T., Myers,R., Vipond,R., Chand,M.	UKHSA, Research and Evaluation
OP415195	OP415195	OP415195.1	MPX_96X1Vd_9000217	2022-03-XX	Europe	United Kingdom			Homo sapiens	2022-09-12		Groves et al		IIb	hMPXV-1	B.1	0.9999594339000756	8.0	605.0	0.0	good	good	good	good	good		False	Groves,N., Osman,K.L., Lewandowski,K.S., Carter,D.P., Pullan,S.T., Myers,R., Vipond,R., Chand,M.	UKHSA, Research and Evaluation
OP422343	OP422343	OP422343.1	hMPXV/Austria/MUW1540386/2022	2022-08-08	Europe	Austria			Homo sapiens	2022-09-13		Camp et al		IIb	hMPXV-1	B.1	1.0	0.0	607.0	0.0	good	good	good	good	good		False	Camp,J.V., Redlberger-Fritz,M., Aberle,S.W.	Medical University of Vienna, Center for Virology
OP422341	OP422341	OP422341.1	hMPXV/Austria/MUW1538395/2022	2022-08-01	Europe	Austria			Homo sapiens	2022-09-13		Camp et al		IIb	hMPXV-1	B.1	1.0	0.0	607.0	0.0	good	good	good	good	good		False	Camp,J.V., Redlberger-Fritz,M., Aberle,S.W.	Medical University of Vienna, Center for Virology
OP422342	OP422342	OP422342.1	hMPXV/Austria/MUW1539124/2022	2022-08-02	Europe	Austria			Homo sapiens	2022-09-13		Camp et al		IIb	hMPXV-1	B.1	1.0	0.0	608.0	0.0	good	good	good	good	good		False	Camp,J.V., Redlberger-Fritz,M., Aberle,S.W.	Medical University of Vienna, Center for Virology
OP580600	OP580600	OP580600.1	hMPX/USA/CA-LACPHL-MA00167/2022	2022-09-19	North America	USA			Homo sapiens	2022-10-04		Hemarajata et al		IIb	hMPXV-1	B.1.3	0.9831954931062984	2197.0	600.0	0.0	good	good	good	good	good		False	Hemarajata,P., Green,N.M., Garrigues,J.M.	Los Angeles County Public Health Laboratories, Los Angeles County Department of Public Health
OP628488	OP628488	OP628488.1	MpxV/human/USA/WA-UW-090727/2022	2022-09-XX	North America	USA	Washington		Homo sapiens	2022-10-13		Sereewit et al		IIb	hMPXV-1	B.1	1.0	0.0	607.0	0.0	good	good	good	good	good		False	Sereewit,J., Xie,H., Roychoudhury,P., Greninger,A.L.	UW Virology, Laboratory Medicine
OP743968	OP743968	OP743968.1	MpxV/human/USA/WA-UW-099479/2022	2022-09-XX	North America	USA	Washington		Homo sapiens	2022-10-31		Sereewit et al		IIb	hMPXV-1	B.1.11	1.0	0.0	610.0	0.0	good	good	good	good	good		False	Sereewit,J., Xie,H., Roychoudhury,P., Greninger,A.L.	UW Virology, Laboratory Medicine
OP743980	OP743980	OP743980.1	MpxV/human/USA/WA-UW-091162/2022	2022-09-XX	North America	USA	Washington		Homo sapiens	2022-10-31		Sereewit et al		IIb	hMPXV-1	B.1.11	0.9999036555126796	19.0	611.0	0.0	good	good	good	good	good		False	Sereewit,J., Xie,H., Roychoudhury,P., Greninger,A.L.	UW Virology, Laboratory Medicine
OP715788	OP715788	OP715788.1	MpxV/human/USA/WA-UW-091072/2022	2022-09-XX	North America	USA	Washington		Homo sapiens	2022-10-25		Sereewit et al		IIb	hMPXV-1	B.1.11	0.9999949292375094	0.0	610.0	1.0	good	good	good	good	good		False	Sereewit,J., Xie,H., Roychoudhury,P., Greninger,A.L.	UW Virology, Laboratory Medicine
OP536777	OP536777	OP536777.1	9000399	2022-09-XX	Europe	United Kingdom			Homo sapiens	2022-09-27		Groves et al		IIb	hMPXV-1	B.1.7	1.0	0.0	608.0	0.0	good	good	good	good	good		False	Groves,N., Osman,K.L., Lewandowski,K.S., Carter,D.P., Pullan,S.T., Myers,R., Vipond,R., Chand,M.	UKHSA, Research and Evaluation
OP536814	OP536814	OP536814.1	9000452	2022-09-XX	Europe	United Kingdom			Homo sapiens	2022-09-27		Groves et al		IIb	hMPXV-1	B.1.7	0.9999949292375094	0.0	608.0	1.0	good	good	good	good	good		False	Groves,N., Osman,K.L., Lewandowski,K.S., Carter,D.P., Pullan,S.T., Myers,R., Vipond,R., Chand,M.	UKHSA, Research and Evaluation
OP536802	OP536802	OP536802.1	9000430	2022-09-XX	Europe	United Kingdom			Homo sapiens	2022-09-27		Groves et al		IIb	hMPXV-1	B.1	0.9999949292375094	0.0	608.0	1.0	good	good	good	good	good		False	Groves,N., Osman,K.L., Lewandowski,K.S., Carter,D.P., Pullan,S.T., Myers,R., Vipond,R., Chand,M.	UKHSA, Research and Evaluation
OP536783	OP536783	OP536783.1	9000407	2022-09-XX	Europe	United Kingdom			Homo sapiens	2022-09-27		Groves et al		IIb	hMPXV-1	B.1.7	0.9999137970376606	1.0	613.0	0.0	good	good	good	good	good	NBT03_gp174:127-177	False	Groves,N., Osman,K.L., Lewandowski,K.S., Carter,D.P., Pullan,S.T., Myers,R., Vipond,R., Chand,M.	UKHSA, Research and Evaluation
OP536779	OP536779	OP536779.1	9000403	2022-09-XX	Europe	United Kingdom			Homo sapiens	2022-09-27		Groves et al		IIb	hMPXV-1	B.1.3	1.0	0.0	612.0	0.0	good	good	good	good	good	NBT03_gp174:127-177	False	Groves,N., Osman,K.L., Lewandowski,K.S., Carter,D.P., Pullan,S.T., Myers,R., Vipond,R., Chand,M.	UKHSA, Research and Evaluation
OP555643	OP555643	OP555643.1	Monkeypox/PT0572/2022	2022-09-05	Europe	Portugal			Homo sapiens	2022-09-30		Isidro et al		IIb	hMPXV-1	B.1	0.9694030191319868	5244.0	600.0	0.0	good	good	good	good	good		False	Isidro,J., Borges,V., Pinto,M., Sobral,D., Santos,J., Nunes,A., Mixao,V., Ferreira,R., Santos,D., Duarte,S., Vieira,L., Borrego,M.J., Nuncio,S., Lopes de Carvalho,I., Pelerito,A., Cordeiro,R., Gomes,J.P.	National Institute of Health Doutor Ricardo Jorge, Portugal (INSA), Department of Infectious Diseases
OP555651	OP555651	OP555651.1	Monkeypox/PT0580/2022	2022-09-09	Europe	Portugal			Homo sapiens	2022-09-30		Isidro et al		IIb	hMPXV-1	B.1	0.9625676312947178	5772.0	575.0	0.0	good	good	good	good	good		False	Isidro,J., Borges,V., Pinto,M., Sobral,D., Santos,J., Nunes,A., Mixao,V., Ferreira,R., Santos,D., Duarte,S., Vieira,L., Borrego,M.J., Nuncio,S., Lopes de Carvalho,I., Pelerito,A., Cordeiro,R., Gomes,J.P.	National Institute of Health Doutor Ricardo Jorge, Portugal (INSA), Department of Infectious Diseases
OP555639	OP555639	OP555639.1	Monkeypox/PT0568/2022	2022-09-02	Europe	Portugal			Homo sapiens	2022-09-30		Isidro et al		IIb	hMPXV-1	B.1	0.9743165879853354	3463.0	595.0	0.0	good	good	good	good	good		False	Isidro,J., Borges,V., Pinto,M., Sobral,D., Santos,J., Nunes,A., Mixao,V., Ferreira,R., Santos,D., Duarte,S., Vieira,L., Borrego,M.J., Nuncio,S., Lopes de Carvalho,I., Pelerito,A., Cordeiro,R., Gomes,J.P.	National Institute of Health Doutor Ricardo Jorge, Portugal (INSA), Department of Infectious Diseases
OP555642	OP555642	OP555642.1	Monkeypox/PT0571/2022	2022-09-05	Europe	Portugal			Homo sapiens	2022-09-30		Isidro et al		IIb	hMPXV-1	B.1	0.9396072187374817	11170.0	586.0	0.0	mediocre	good	good	good	good		False	Isidro,J., Borges,V., Pinto,M., Sobral,D., Santos,J., Nunes,A., Mixao,V., Ferreira,R., Santos,D., Duarte,S., Vieira,L., Borrego,M.J., Nuncio,S., Lopes de Carvalho,I., Pelerito,A., Cordeiro,R., Gomes,J.P.	National Institute of Health Doutor Ricardo Jorge, Portugal (INSA), Department of Infectious Diseases
OP555638	OP555638	OP555638.1	Monkeypox/PT0567/2022	2022-09-03	Europe	Portugal			Homo sapiens	2022-09-30		Isidro et al		IIb	hMPXV-1	B.1	0.9792757937010989	3099.0	596.0	0.0	good	good	good	good	good		False	Isidro,J., Borges,V., Pinto,M., Sobral,D., Santos,J., Nunes,A., Mixao,V., Ferreira,R., Santos,D., Duarte,S., Vieira,L., Borrego,M.J., Nuncio,S., Lopes de Carvalho,I., Pelerito,A., Cordeiro,R., Gomes,J.P.	National Institute of Health Doutor Ricardo Jorge, Portugal (INSA), Department of Infectious Diseases
OP605563	OP605563	OP605563.1	Slovenia-MPXV-21-2022	2022-07-XX	Europe	Slovenia			Homo sapiens	2022-10-11		Zakotnik et al		IIb	hMPXV-1	B.1	0.880791444609526	22017.0	507.0	0.0	bad	good	good	mediocre	good	OPG096:47-93,OPG163:80-177,OPG208:143-358	False	Zakotnik,S., Vlaj,D., Suljic,A., Zorec,T.M., Korva,M., Poljak,M., Avsic Zupanc,T.	Institute of Microbiology and Immunology, Faculty of Medicine, University of Ljubljana, Laboratory for Diagnostics of Zoonoses and WHO Centre
OP605560	OP605560	OP605560.1	Slovenia-MPXV-18-2022	2022-07-XX	Europe	Slovenia			Homo sapiens	2022-10-11		Zakotnik et al		IIb	hMPXV-1	B.1.3	0.924800592265059	13434.0	540.0	0.0	mediocre	good	good	good	good	OPG092:111-114	False	Zakotnik,S., Vlaj,D., Suljic,A., Zorec,T.M., Korva,M., Poljak,M., Avsic Zupanc,T.	Institute of Microbiology and Immunology, Faculty of Medicine, University of Ljubljana, Laboratory for Diagnostics of Zoonoses and WHO Centre
OP605561	OP605561	OP605561.1	Slovenia-MPXV-19-2022	2022-07-XX	Europe	Slovenia			Homo sapiens	2022-10-11		Zakotnik et al		IIb	hMPXV-1	B.1	0.8907707051909396	20008.0	510.0	0.0	mediocre	good	good	mediocre	good	OPG068:460-568,OPG085:237-592,OPG096:69-93	False	Zakotnik,S., Vlaj,D., Suljic,A., Zorec,T.M., Korva,M., Poljak,M., Avsic Zupanc,T.	Institute of Microbiology and Immunology, Faculty of Medicine, University of Ljubljana, Laboratory for Diagnostics of Zoonoses and WHO Centre
OP605564	OP605564	OP605564.1	Slovenia-MPXV-22-2022	2022-07-XX	Europe	Slovenia			Homo sapiens	2022-10-11		Zakotnik et al		IIb	hMPXV-1	B.1.3	0.94214767074525	10088.0	553.0	0.0	mediocre	good	good	good	good		False	Zakotnik,S., Vlaj,D., Suljic,A., Zorec,T.M., Korva,M., Poljak,M., Avsic Zupanc,T.	Institute of Microbiology and Immunology, Faculty of Medicine, University of Ljubljana, Laboratory for Diagnostics of Zoonoses and WHO Centre
OP605567	OP605567	OP605567.1	Slovenia-MPXV-25-2022	2022-07-XX	Europe	Slovenia			Homo sapiens	2022-10-11		Zakotnik et al		IIb	hMPXV-1	B.1	0.9395412988251044	11099.0	545.0	0.0	mediocre	good	good	good	good	OPG210:487-821	False	Zakotnik,S., Vlaj,D., Suljic,A., Zorec,T.M., Korva,M., Poljak,M., Avsic Zupanc,T.	Institute of Microbiology and Immunology, Faculty of Medicine, University of Ljubljana, Laboratory for Diagnostics of Zoonoses and WHO Centre
OP605581	OP605581	OP605581.1	Slovenia-MPXV-40-2022	2022-08-XX	Europe	Slovenia			Homo sapiens	2022-10-11		Zakotnik et al		IIb	hMPXV-1	B.1.3	0.975553854033031	4775.0	587.0	0.0	good	good	good	good	good		False	Zakotnik,S., Vlaj,D., Suljic,A., Zorec,T.M., Korva,M., Poljak,M., Avsic Zupanc,T.	Institute of Microbiology and Immunology, Faculty of Medicine, University of Ljubljana, Laboratory for Diagnostics of Zoonoses and WHO Centre
OP605584	OP605584	OP605584.1	Slovenia-MPXV-43-2022	2022-08-XX	Europe	Slovenia			Homo sapiens	2022-10-11		Zakotnik et al		IIb	hMPXV-1	B.1	0.999873230937736	19.0	610.0	0.0	good	good	good	good	good		False	Zakotnik,S., Vlaj,D., Suljic,A., Zorec,T.M., Korva,M., Poljak,M., Avsic Zupanc,T.	Institute of Microbiology and Immunology, Faculty of Medicine, University of Ljubljana, Laboratory for Diagnostics of Zoonoses and WHO Centre
OP605582	OP605582	OP605582.1	Slovenia-MPXV-41-2022	2022-08-XX	Europe	Slovenia			Homo sapiens	2022-10-11		Zakotnik et al		IIb	hMPXV-1	B.1	0.9759037366448792	4698.0	576.0	0.0	good	good	good	good	good		False	Zakotnik,S., Vlaj,D., Suljic,A., Zorec,T.M., Korva,M., Poljak,M., Avsic Zupanc,T.	Institute of Microbiology and Immunology, Faculty of Medicine, University of Ljubljana, Laboratory for Diagnostics of Zoonoses and WHO Centre
OP605583	OP605583	OP605583.1	Slovenia-MPXV-42-2022	2022-08-XX	Europe	Slovenia			Homo sapiens	2022-10-11		Zakotnik et al		IIb	hMPXV-1	B.1.2	0.9995334898508688	43.0	613.0	0.0	good	good	good	good	good		False	Zakotnik,S., Vlaj,D., Suljic,A., Zorec,T.M., Korva,M., Poljak,M., Avsic Zupanc,T.	Institute of Microbiology and Immunology, Faculty of Medicine, University of Ljubljana, Laboratory for Diagnostics of Zoonoses and WHO Centre
OP605585	OP605585	OP605585.1	Slovenia-MPXV-44-2022	2022-08-XX	Europe	Slovenia			Homo sapiens	2022-10-11		Zakotnik et al		IIb	hMPXV-1	B.1.3	1.0	0.0	613.0	0.0	good	good	good	good	good		False	Zakotnik,S., Vlaj,D., Suljic,A., Zorec,T.M., Korva,M., Poljak,M., Avsic Zupanc,T.	Institute of Microbiology and Immunology, Faculty of Medicine, University of Ljubljana, Laboratory for Diagnostics of Zoonoses and WHO Centre
OP605589	OP605589	OP605589.1	Slovenia-MPXV-48-2022	2022-09-XX	Europe	Slovenia			Homo sapiens	2022-10-11		Zakotnik et al		IIb	hMPXV-1	B.1	0.727456657657612	51795.0	400.0	0.0	bad	good	good	mediocre	good	OPG097:271-345,OPG208:109-358	False	Zakotnik,S., Vlaj,D., Suljic,A., Zorec,T.M., Korva,M., Poljak,M., Avsic Zupanc,T.	Institute of Microbiology and Immunology, Faculty of Medicine, University of Ljubljana, Laboratory for Diagnostics of Zoonoses and WHO Centre
OP642391	OP642391	OP642391.1	ANT-LDSP-ANT-MPX-24446-E	2022-09-02	South America	Colombia	Antioquia	Medellin	Homo sapiens	2022-10-17		Betancur et al		IIb	hMPXV-1	B.1.10	0.8126454674989478	31603.0	460.0	0.0	bad	good	good	good	good		False	Betancur,I.I.B., Velarde-Hoyos,C.-A.C.V., Gomez,R.R.G., Mercado-Reyes,M.M.R.	Laboratorio Departamental de Salud Publica de Antioquia, Antioquia
OP642410	OP642410	OP642410.1	ANT-LDSP-ANT-MPX-25298C	2022-09-05	South America	Colombia	Antioquia	Medellin		2022-10-17		Betancur et al		IIb	hMPXV-1	B.1	0.7540629484455578	45819.0	430.0	0.0	bad	good	good	good	good	OPG199:313-345	False	Betancur,I.I.B., Velarde-Hoyos,C.-A.C.V., Gomez,R.R.G., Mercado-Reyes,M.M.R.	Laboratorio Departamental de Salud Publica de Antioquia, Antioquia
OP642400	OP642400	OP642400.1	ANT-LDSP-ANT-MPX-24945C	2022-09-12	South America	Colombia	Antioquia	Medellin		2022-10-17		Betancur et al		IIb	hMPXV-1	B.1.10	0.7656394992114964	40874.0	424.0	0.0	bad	good	good	good	good		False	Betancur,I.I.B., Velarde-Hoyos,C.-A.C.V., Gomez,R.R.G., Mercado-Reyes,M.M.R.	Laboratorio Departamental de Salud Publica de Antioquia, Antioquia
OP642382	OP642382	OP642382.1	ANT-LDSP-ANT-MPX-24812-L	2022-09-09	South America	Colombia	Antioquia	Medellin	Homo sapiens	2022-10-17		Betancur et al		IIb	hMPXV-1	B.1	0.8872566667849845	16890.0	507.0	0.0	mediocre	good	good	good	good		False	Betancur,I.I.B., Velarde-Hoyos,C.-A.C.V., Gomez,R.R.G., Mercado-Reyes,M.M.R.	Laboratorio Departamental de Salud Publica de Antioquia, Antioquia
OP642377	OP642377	OP642377.1	ANT-LDSP-ANT-MPX-24593-O	2022-09-07	South America	Colombia	Antioquia	Medellin	Homo sapiens	2022-10-17		Betancur et al		IIb	hMPXV-1	B.1.10	0.8585257265134958	27800.0	504.0	0.0	bad	good	good	good	good		False	Betancur,I.I.B., Velarde-Hoyos,C.-A.C.V., Gomez,R.R.G., Mercado-Reyes,M.M.R.	Laboratorio Departamental de Salud Publica de Antioquia, Antioquia
OP744000	OP744000	OP744000.1	MpxV/human/USA/Unknown-UW-101667/2022	2022-10-XX	North America	USA	USA		Homo sapiens	2022-10-31	SRR22094392	Sereewit et al		IIb	hMPXV-1	B.1	0.9999137970376606	17.0	609.0	0.0	good	good	good	good	good		False	Sereewit,J., Xie,H., Roychoudhury,P., Greninger,A.L.	UW Virology, Laboratory Medicine
OP680503	OP680503	OP680503.1	Monkeypox virus/Human/USA/CA-LACPHL-MA00225/2022	2022-10-03	North America	USA			Homo sapiens	2022-10-19		Hemarajata et al		IIb	hMPXV-1	B.1	0.989544087744474	512.0	602.0	0.0	good	good	good	good	good		False	Hemarajata,P., Green,N.M., Garrigues,J.M.	Los Angeles County Public Health Laboratories, Los Angeles County Department of Public Health
OP748946	OP748946	OP748946.1	Monkeypox virus/Human/USA/CA-LACPHL-MA00260/2022	2022-10-17	North America	USA			Homo sapiens	2022-11-01		Hemarajata et al		IIb	hMPXV-1	B.1	0.9730336850752248	4626.0	595.0	0.0	good	good	good	good	good		False	Hemarajata,P., Green,N.M., Garrigues,J.M.	Los Angeles County Public Health Laboratories, Los Angeles County Department of Public Health
OP748967	OP748967	OP748967.1	Monkeypox virus/Human/USA/CA-LACPHL-MA00281/2022	2022-10-18	North America	USA			Homo sapiens	2022-11-01		Hemarajata et al		IIb	hMPXV-1	B.1	0.968170823846782	4720.0	594.0	1.0	good	good	good	good	good		False	Hemarajata,P., Green,N.M., Garrigues,J.M.	Los Angeles County Public Health Laboratories, Los Angeles County Department of Public Health
OP748969	OP748969	OP748969.1	Monkeypox virus/Human/USA/CA-LACPHL-MA00283/2022	2022-10-19	North America	USA			Homo sapiens	2022-11-01		Hemarajata et al		IIb	hMPXV-1	B.1	0.9900917300934542	567.0	601.0	1.0	good	good	good	good	good		False	Hemarajata,P., Green,N.M., Garrigues,J.M.	Los Angeles County Public Health Laboratories, Los Angeles County Department of Public Health
OP764629	OP764629	OP764629.1	MPXV/Germany/2022/RKI571	2022-10-XX	Europe	Germany			Homo sapiens	2022-11-03		Brinkmann et al		IIb	hMPXV-1	B.1	0.9989402106394738	209.0	606.0	0.0	good	good	good	good	good		False	Brinkmann,A., Kohl,C., Pape,K., Schrick,L., Michel,J., Schaade,L., Nitsche,A.	Robert Koch Institute, Centre for Biological Threats, Highly Pathogenic Viruses
OP689664	OP689664	OP689664.1	MPXV/Germany/2022/ON/RKI511	2022-10-XX	Europe	Germany			Homo sapiens	2022-10-20		Brinkmann et al		IIb	hMPXV-1	B.1.10	0.9650472341525996	383.0	582.0	0.0	good	good	good	good	good		False	Brinkmann,A., Kohl,C., Pape,K., Schrick,L., Michel,J., Schaade,L., Nitsche,A.	Robert Koch Institute, Centre for Biological Threats, Highly Pathogenic Viruses
OP689665	OP689665	OP689665.1	MPXV/Germany/2022/ON/RKI512	2022-10-XX	Europe	Germany			Homo sapiens	2022-10-20		Brinkmann et al		IIb	hMPXV-1	B.1	0.9653819044769762	317.0	577.0	0.0	good	good	good	good	good		False	Brinkmann,A., Kohl,C., Pape,K., Schrick,L., Michel,J., Schaade,L., Nitsche,A.	Robert Koch Institute, Centre for Biological Threats, Highly Pathogenic Viruses
OP689663	OP689663	OP689663.1	MPXV/Germany/2022/ON/RKI510	2022-10-XX	Europe	Germany			Homo sapiens	2022-10-20		Brinkmann et al		IIb	hMPXV-1	B.1	0.9615331957466444	1075.0	577.0	0.0	good	good	good	good	good		False	Brinkmann,A., Kohl,C., Pape,K., Schrick,L., Michel,J., Schaade,L., Nitsche,A.	Robert Koch Institute, Centre for Biological Threats, Highly Pathogenic Viruses
OP727820	OP727820	OP727820.1	PEV_case	2022-07-29	Europe	Belgium			Homo sapiens	2022-10-27		Berens-Riha et al		IIb	hMPXV-1	B.1	0.9969119056432516	160.0	610.0	0.0	good	good	good	good	good		False	Berens-Riha,N., De Block,T., Rutgers,J., Van Gestel,L., Hens,M., Kenyon,C., Soentjens,P., Van Griensven,J., Brosius,I., Arien,K., Van Esbroeck,M., Rezende,A.M., Vercauteren,K., Liesenborghs,L.	Institute of Tropica Medicine, Department of Clinical Sciences
OP727821	OP727821	OP727821.1	PrEV_case_1	2022-08-27	Europe	Belgium			Homo sapiens	2022-10-27		Berens-Riha et al		IIb	hMPXV-1	B.1.3	0.9640990015668656	6134.0	572.0	0.0	good	good	good	good	good		False	Berens-Riha,N., De Block,T., Rutgers,J., Van Gestel,L., Hens,M., Kenyon,C., Soentjens,P., Van Griensven,J., Brosius,I., Arien,K., Van Esbroeck,M., Rezende,A.M., Vercauteren,K.	Institute of Tropica Medicine, Department of Clinical Sciences
OP727822	OP727822	OP727822.1	PrEV_case_2	2022-10-02	Europe	Belgium			Homo sapiens	2022-10-27		Berens-Riha et al		IIb	hMPXV-1	B.1.7	0.9685409895085924	6100.0	591.0	1.0	good	good	good	good	good		False	Berens-Riha,N., De Block,T., Rutgers,J., Van Gestel,L., Hens,M., Kenyon,C., Soentjens,P., Van Griensven,J., Brosius,I., Arien,K., Van Esbroeck,M., Rezende,A.M., Vercauteren,K.	Institute of Tropica Medicine, Department of Clinical Sciences
OP727823	OP727823	OP727823.1	PrEV_case_4	2022-10-09	Europe	Belgium			Homo sapiens	2022-10-27		Berens-Riha et al		IIb	hMPXV-1	B.1	0.9980933933035512	300.0	606.0	0.0	good	good	good	good	good		False	Berens-Riha,N., De Block,T., Rutgers,J., Van Gestel,L., Hens,M., Kenyon,C., Soentjens,P., Van Griensven,J., Brosius,I., Arien,K., Van Esbroeck,M., Rezende,A.M., Vercauteren,K.	Institute of Tropica Medicine, Department of Clinical Sciences
OX291424	OX291424	OX291424.1	RNA	2022-07-25	Europe	Slovakia			Homo sapiens	2022-08-23		?		IIb	hMPXV-1	B.1	0.9985548326901916	284.0	606.0	1.0	good	good	good	good	good		False		
OX291435	OX291435	OX291435.1	RNA	2022-07-25	Europe	Slovakia			Homo sapiens	2022-08-23		?		IIb	hMPXV-1	B.1	0.9999949292375094	0.0	606.0	1.0	good	good	good	good	good		False		
OX261749	OX261749	OX261749.1	RNA	2022-07-20	Europe	Slovakia			Homo sapiens	2022-08-07	ERR10019299	?		IIb	hMPXV-1	B.1	0.9999949292375094	0.0	606.0	1.0	good	good	good	good	good		False		
OX261748	OX261748	OX261748.1	RNA	2022-07-13	Europe	Slovakia			Homo sapiens	2022-08-07	ERR10019298	?		IIb	hMPXV-1	B.1	0.9999949292375094	0.0	605.0	1.0	good	good	good	good	good		False		
OX291780	OX291780	OX291780.1	RNA	2022-07-25	Europe	Slovakia			Homo sapiens	2022-08-23	ERR10094836	?		IIb	hMPXV-1	B.1	0.9999949292375094	0.0	607.0	1.0	good	good	good	good	good	OPG044:146-150	False		
OX291676	OX291676	OX291676.1	RNA	2022-08-01	Europe	Slovakia			Homo sapiens	2022-08-23	ERR10094837	?		IIb	hMPXV-1	B.1	0.9999949292375094	0.0	607.0	1.0	good	good	good	good	good	OPG044:146-150	False		
OX336038	OX336038	OX336038.1	RNA	2022-08-31	Europe	Slovakia			Homo sapiens	2022-09-15		?		IIb	hMPXV-1	B.1	0.9999949292375094	0.0	606.0	1.0	good	good	good	good	good		False		
OX297403	OX297403	OX297403.1	RNA	2022-08-09	Europe	Slovakia			Homo sapiens	2022-08-24	ERR10107968	?		IIb	hMPXV-1	B.1	0.9999949292375094	0.0	605.0	1.0	good	good	good	good	good		False		
OX291694	OX291694	OX291694.1	RNA	2022-08-01	Europe	Slovakia			Homo sapiens	2022-08-23	ERR10094838	?		IIb	hMPXV-1	B.1	0.9999949292375094	0.0	610.0	1.0	good	good	good	good	good		False		
OX336004	OX336004	OX336004.1	RNA	2022-08-26	Europe	Slovakia			Homo sapiens	2022-09-15		?		IIb	hMPXV-1	B.1	0.9999949292375094	0.0	605.0	1.0	good	good	good	good	good		False		
